-- phpMyAdmin SQL Dump
-- version 4.2.11
-- http://www.phpmyadmin.net
--
-- Host: 127.0.0.1
-- Generation Time: 13 Sep 2019 pada 06.26
-- Versi Server: 5.6.21
-- PHP Version: 5.6.3

SET SQL_MODE = "NO_AUTO_VALUE_ON_ZERO";
SET time_zone = "+00:00";


/*!40101 SET @OLD_CHARACTER_SET_CLIENT=@@CHARACTER_SET_CLIENT */;
/*!40101 SET @OLD_CHARACTER_SET_RESULTS=@@CHARACTER_SET_RESULTS */;
/*!40101 SET @OLD_COLLATION_CONNECTION=@@COLLATION_CONNECTION */;
/*!40101 SET NAMES utf8 */;

--
-- Database: `ptsp`
--

-- --------------------------------------------------------

--
-- Struktur dari tabel `bimbingan_konseling`
--

CREATE TABLE IF NOT EXISTS `bimbingan_konseling` (
`id` int(11) NOT NULL,
  `nis` varchar(255) DEFAULT NULL,
  `nip_guru` varchar(255) DEFAULT NULL,
  `date` datetime DEFAULT NULL,
  `permasalahan` text,
  `penyelesaian` text
) ENGINE=InnoDB DEFAULT CHARSET=latin1;

-- --------------------------------------------------------

--
-- Struktur dari tabel `category`
--

CREATE TABLE IF NOT EXISTS `category` (
`id_category` int(11) NOT NULL,
  `title` text NOT NULL,
  `id_status` int(11) NOT NULL,
  `created_by` int(11) NOT NULL
) ENGINE=InnoDB DEFAULT CHARSET=latin1;

-- --------------------------------------------------------

--
-- Struktur dari tabel `ci_sessions`
--

CREATE TABLE IF NOT EXISTS `ci_sessions` (
  `id` varchar(128) NOT NULL,
  `ip_address` varchar(45) NOT NULL,
  `timestamp` int(10) unsigned NOT NULL DEFAULT '0',
  `data` blob NOT NULL
) ENGINE=InnoDB DEFAULT CHARSET=latin1;

--
-- Dumping data untuk tabel `ci_sessions`
--

INSERT INTO `ci_sessions` (`id`, `ip_address`, `timestamp`, `data`) VALUES
('06qerppkonoc8ih5ms835eo9qcqnft76', '::1', 1568253500, 0x5f5f63695f6c6173745f726567656e65726174657c693a313536383235333433313b73797374656d5f76616c75657c733a33323a223738323665613434303237623638373166373639346162346335663339323864223b7469746c657c733a31393a2242696d62696e67616e204b6f6e73656c696e67223b5f5f63695f766172737c613a313a7b733a353a227469746c65223b733a333a226e6577223b7d),
('09c3qnms0p1a54v1ps14gc8e2sts8t8s', '::1', 1567524504, 0x5f5f63695f6c6173745f726567656e65726174657c693a313536373532343439393b73797374656d5f76616c75657c733a33323a223163363133373138303534396363663837633531303633303637323666396263223b5f5f63695f766172737c613a313a7b733a353a227469746c65223b733a333a226e6577223b7d7365617263685f626f787c4e3b7469746c657c733a333a22416464223b),
('0msdert585g2nh5pfob72ee9j4q65okq', '::1', 1567004244, 0x5f5f63695f6c6173745f726567656e65726174657c693a313536373030343234343b5f5f63695f766172737c613a343a7b733a31303a227469746c655f6d656e75223b733a333a226f6c64223b733a343a226c696e6b223b733a333a226f6c64223b733a353a22706573616e223b733a333a226f6c64223b733a353a227469746c65223b733a333a226e6577223b7d73797374656d5f76616c75657c733a33323a223834363337323535663730376633653665636337656138323237653838653230223b7365617263685f626f787c4e3b7469746c655f6d656e757c733a31323a224d6173746572204b656c6173223b6c696e6b7c733a31323a226d61737465722d6b656c6173223b706573616e7c733a3430343a223c64697620636c6173733d22616c65727420616c6572742d73756363657373223e0a202020202020202020202020202020202020202020202020202020203c627574746f6e20636c6173733d22636c6f73652220646174612d6469736d6973733d22616c657274223e2674696d65733b3c2f627574746f6e3e0a202020202020202020202020202020202020202020202020202020203c7374726f6e673e3c6920636c6173733d2266612066612d636865636b2d7371756172652d6f223e3c2f693e203c623e496e666f726d6173693a203c2f623e3c2f7374726f6e673e0a202020202020202020202020202020202020202020202020202020204461746120426572686173696c20646970657262617275692e3c6120687265663d22687474703a2f2f6c6f63616c686f73742f707473702d6d616e332f6d61696e2d6d656e752d61646d696e2f656469742f34332220636c6173733d22636f6e6669726d2d65646974223e3c753e456469743c2f753e3c2f613e0a2020202020202020202020202020202020202020202020203c2f6469763e223b7469746c657c733a31353a224d61696e204d656e752041646d696e223b),
('0n4gqmj8omiksl8bjm92f10jqh3ej08l', '::1', 1568253431, 0x5f5f63695f6c6173745f726567656e65726174657c693a313536383235333433313b73797374656d5f76616c75657c733a33323a223738323665613434303237623638373166373639346162346335663339323864223b7469746c657c733a31393a2250616e656c2041646d696e6973747261746f72223b5f5f63695f766172737c613a313a7b733a353a227469746c65223b733a333a226e6577223b7d),
('0tq9tq23m3i4slkb7f5g8o9q9fo23r68', '::1', 1567007509, 0x5f5f63695f6c6173745f726567656e65726174657c693a313536373030373530393b73797374656d5f76616c75657c733a33323a223834363337323535663730376633653665636337656138323237653838653230223b7365617263685f626f787c4e3b5f5f63695f766172737c613a313a7b733a353a227469746c65223b733a333a226e6577223b7d7469746c657c733a343a2245646974223b),
('108re1i3056asadmrf22d6m4fli2r41g', '::1', 1568299148, 0x5f5f63695f6c6173745f726567656e65726174657c693a313536383239393134383b73797374656d5f76616c75657c733a33323a223161633839616332646338316462656665336131333136633166383630313466223b7365617263685f626f787c4e3b6e616d615f6b656c61737c4e3b69645f7374617475737c4e3b69645f6a75727573616e7c4e3b),
('1i6p58vab2pdl2dnmc00c47hacj9rt53', '::1', 1567600068, 0x5f5f63695f6c6173745f726567656e65726174657c693a313536373539393935303b73797374656d5f76616c75657c733a33323a223165346137393339343134386662653633646366386364626238663738633531223b7469746c657c733a31303a2244617461205369737761223b5f5f63695f766172737c613a313a7b733a353a227469746c65223b733a333a226e6577223b7d7365617263685f626f787c4e3b),
('1qnjh1gnkppunavihqsi6pr82gjpogt9', '::1', 1567510845, 0x5f5f63695f6c6173745f726567656e65726174657c693a313536373531303834353b),
('1r65sr6u845jv3nuh1e5h9c70moual7v', '::1', 1567002740, 0x5f5f63695f6c6173745f726567656e65726174657c693a313536373030323734303b5f5f63695f766172737c613a313a7b733a353a227469746c65223b733a333a226e6577223b7d73797374656d5f76616c75657c733a33323a223834363337323535663730376633653665636337656138323237653838653230223b7469746c657c733a343a2245646974223b),
('246ne5fbtmorcrdo05khq78djtjf60md', '::1', 1567522633, 0x5f5f63695f6c6173745f726567656e65726174657c693a313536373532323333343b73797374656d5f76616c75657c733a33323a223163363133373138303534396363663837633531303633303637323666396263223b5f5f63695f766172737c613a313a7b733a353a227469746c65223b733a333a226e6577223b7d7365617263685f626f787c4e3b7469746c657c733a333a22416464223b),
('270m80737eb6cc0h8vp6jvo630si9oa0', '::1', 1568343627, 0x5f5f63695f6c6173745f726567656e65726174657c693a313536383334333336333b73797374656d5f76616c75657c733a33323a223332633238633739373338366264636535343865633139636565386635633435223b5f5f63695f766172737c613a313a7b733a353a227469746c65223b733a333a226e6577223b7d7469746c657c733a333a22416464223b7365617263685f626f787c4e3b),
('28emurlcaeo5i5tvhdfrr0lld1arrfib', '::1', 1568347049, 0x5f5f63695f6c6173745f726567656e65726174657c693a313536383334363938323b73797374656d5f76616c75657c733a33323a223332633238633739373338366264636535343865633139636565386635633435223b5f5f63695f766172737c613a313a7b733a353a227469746c65223b733a333a226e6577223b7d6e69737c4e3b6e69736e7c4e3b616e616b5f6b657c4e3b74656c705f72756d61687c4e3b73656b6f6c61685f6173616c7c4e3b74616e6767616c5f6469746572696d617c4e3b64695f6b656c61737c4e3b6e616d615f617961687c4e3b6e616d615f6962757c4e3b616c616d61745f6f72616e675f7475617c4e3b74656c705f6f72616e675f7475617c4e3b70656b65726a61616e5f617961687c4e3b70656b65726a61616e5f6962757c4e3b6e616d615f77616c697c4e3b74656c705f77616c697c4e3b616c616d61745f77616c697c4e3b70656b65726a61616e5f77616c697c4e3b616c616d61745f706573657274615f646964696b7c4e3b7469746c657c733a393a22446174612047757275223b7365617263685f626f787c4e3b),
('2n614u46n61r810vp85fn8i8dtqvb50u', '::1', 1567529416, 0x5f5f63695f6c6173745f726567656e65726174657c693a313536373532393238323b73797374656d5f76616c75657c733a33323a223163363133373138303534396363663837633531303633303637323666396263223b5f5f63695f766172737c613a313a7b733a353a227469746c65223b733a333a226e6577223b7d7365617263685f626f787c4e3b7469746c655f636f6e74656e747c4e3b636f6e74656e747c4e3b7469746c657c733a31303a2244617461205369737761223b),
('36srrptni07rl0gd6k4337ume21dablt', '::1', 1567007204, 0x5f5f63695f6c6173745f726567656e65726174657c693a313536373030373230343b73797374656d5f76616c75657c733a33323a223834363337323535663730376633653665636337656138323237653838653230223b7365617263685f626f787c4e3b5f5f63695f766172737c613a313a7b733a353a227469746c65223b733a333a226e6577223b7d7469746c657c733a31323a224d6173746572204b656c6173223b),
('3i7n5ahr850l9483tlisuvt9eoeclp51', '::1', 1567516187, 0x5f5f63695f6c6173745f726567656e65726174657c693a313536373531363036393b73797374656d5f76616c75657c733a33323a223163363133373138303534396363663837633531303633303637323666396263223b7365617263685f626f787c4e3b5f5f63695f766172737c613a313a7b733a353a227469746c65223b733a333a226e6577223b7d7469746c657c733a31303a2244617461205369737761223b),
('3jf5s9blnnsfvvo45v4jv4olhi3uftlm', '::1', 1568344056, 0x5f5f63695f6c6173745f726567656e65726174657c693a313536383334333735363b73797374656d5f76616c75657c733a33323a223332633238633739373338366264636535343865633139636565386635633435223b5f5f63695f766172737c613a343a7b733a31303a227469746c655f6d656e75223b733a333a226f6c64223b733a343a226c696e6b223b733a333a226f6c64223b733a353a22706573616e223b733a333a226f6c64223b733a353a227469746c65223b733a333a226e6577223b7d7365617263685f626f787c4e3b7469746c655f6d656e757c733a343a2247757275223b6c696e6b7c733a313a2223223b706573616e7c733a3431373a223c64697620636c6173733d22616c65727420616c6572742d73756363657373223e0d0a202020202020202020202020202020202020202020202020202020203c627574746f6e20636c6173733d22636c6f73652220646174612d6469736d6973733d22616c657274223e2674696d65733b3c2f627574746f6e3e0d0a202020202020202020202020202020202020202020202020202020203c7374726f6e673e3c6920636c6173733d2266612066612d636865636b2d7371756172652d6f223e3c2f693e203c623e496e666f726d6173693a203c2f623e3c2f7374726f6e673e0d0a202020202020202020202020202020202020202020202020202020204461746120426572686173696c20646970657262617275692e3c6120687265663d22687474703a2f2f6c6f63616c686f73743a383038302f736973666f2d73656b6f6c61682f6d61696e2d6d656e752d61646d696e2f656469742f34382220636c6173733d22636f6e6669726d2d65646974223e3c753e456469743c2f753e3c2f613e0d0a2020202020202020202020202020202020202020202020203c2f6469763e223b7469746c657c733a31353a224d61696e204d656e752041646d696e223b),
('3r51jf8lo3clbrvrv3pq8422qupilvtg', '::1', 1567529182, 0x5f5f63695f6c6173745f726567656e65726174657c693a313536373532383937383b73797374656d5f76616c75657c733a33323a223163363133373138303534396363663837633531303633303637323666396263223b5f5f63695f766172737c613a313a7b733a353a227469746c65223b733a333a226e6577223b7d7365617263685f626f787c4e3b7469746c655f636f6e74656e747c4e3b636f6e74656e747c4e3b7469746c657c733a333a22416464223b),
('3sil6889j247gm9iupcg7mftntv6q3k4', '::1', 1567515865, 0x5f5f63695f6c6173745f726567656e65726174657c693a313536373531353639333b73797374656d5f76616c75657c733a33323a223163363133373138303534396363663837633531303633303637323666396263223b7365617263685f626f787c4e3b5f5f63695f766172737c613a313a7b733a353a227469746c65223b733a333a226e6577223b7d7469746c657c733a31303a2244617461205369737761223b),
('448nv0vjcr4jjdkispk9gr87df5634ta', '::1', 1567523710, 0x5f5f63695f6c6173745f726567656e65726174657c693a313536373532333731303b73797374656d5f76616c75657c733a33323a223163363133373138303534396363663837633531303633303637323666396263223b5f5f63695f766172737c613a313a7b733a353a227469746c65223b733a333a226e6577223b7d7365617263685f626f787c4e3b7469746c657c733a333a22416464223b),
('45ehads1n24s0clqpcl7qtklu4takiqq', '::1', 1567003941, 0x5f5f63695f6c6173745f726567656e65726174657c693a313536373030333934313b5f5f63695f766172737c613a313a7b733a353a227469746c65223b733a333a226e6577223b7d73797374656d5f76616c75657c733a33323a223834363337323535663730376633653665636337656138323237653838653230223b7469746c657c733a31343a224d6174612050656c616a6172616e223b),
('4blt8mfajmkvg6ro6pa0dtf4m7plfuub', '::1', 1568296904, 0x5f5f63695f6c6173745f726567656e65726174657c693a313536383239363930343b5f5f63695f766172737c613a313a7b733a353a227469746c65223b733a333a226e6577223b7d73797374656d5f76616c75657c733a33323a223161633839616332646338316462656665336131333136633166383630313466223b7365617263685f626f787c4e3b7469746c657c733a31393a2242696d62696e67616e204b6f6e73656c696e67223b),
('4d9vc1f4fvspqvj8v62ufmdu98j5ad08', '::1', 1568345917, 0x5f5f63695f6c6173745f726567656e65726174657c693a313536383334353730333b73797374656d5f76616c75657c733a33323a223332633238633739373338366264636535343865633139636565386635633435223b5f5f63695f766172737c613a313a7b733a353a227469746c65223b733a333a226e6577223b7d7365617263685f626f787c4e3b6e69737c4e3b6e69736e7c4e3b616e616b5f6b657c4e3b74656c705f72756d61687c4e3b73656b6f6c61685f6173616c7c4e3b74616e6767616c5f6469746572696d617c4e3b64695f6b656c61737c4e3b6e616d615f617961687c4e3b6e616d615f6962757c4e3b616c616d61745f6f72616e675f7475617c4e3b74656c705f6f72616e675f7475617c4e3b70656b65726a61616e5f617961687c4e3b70656b65726a61616e5f6962757c4e3b6e616d615f77616c697c4e3b74656c705f77616c697c4e3b616c616d61745f77616c697c4e3b70656b65726a61616e5f77616c697c4e3b7469746c657c733a333a22416464223b),
('51e6klc3g4as7fr5oigu9dm95vgm817q', '::1', 1568254301, 0x5f5f63695f6c6173745f726567656e65726174657c693a313536383235343330313b73797374656d5f76616c75657c733a33323a223731303833306264363436656337363362373038616436623432643633313962223b7365617263685f626f787c4e3b5f5f63695f766172737c613a313a7b733a353a227469746c65223b733a333a226e6577223b7d7469746c657c733a31393a2242696d62696e67616e204b6f6e73656c696e67223b),
('58m99nb5flu31q8bd994hqpb1kcbiiun', '::1', 1567525131, 0x5f5f63695f6c6173745f726567656e65726174657c693a313536373532343939323b73797374656d5f76616c75657c733a33323a223163363133373138303534396363663837633531303633303637323666396263223b5f5f63695f766172737c613a313a7b733a353a227469746c65223b733a333a226e6577223b7d7365617263685f626f787c4e3b7469746c657c733a333a22416464223b),
('5jj37dh5r3r3f985ubc1009cgdpj5ul2', '::1', 1567516836, 0x5f5f63695f6c6173745f726567656e65726174657c693a313536373531363730373b73797374656d5f76616c75657c733a33323a223163363133373138303534396363663837633531303633303637323666396263223b5f5f63695f766172737c613a313a7b733a353a227469746c65223b733a333a226e6577223b7d7469746c657c733a31303a2244617461205369737761223b7365617263685f626f787c4e3b),
('63h1f2cnn42seqbs4nu99m634373fl4h', '::1', 1567529621, 0x5f5f63695f6c6173745f726567656e65726174657c693a313536373532393632313b73797374656d5f76616c75657c733a33323a223163363133373138303534396363663837633531303633303637323666396263223b5f5f63695f766172737c613a313a7b733a353a227469746c65223b733a333a226e6577223b7d7365617263685f626f787c4e3b7469746c655f636f6e74656e747c4e3b636f6e74656e747c4e3b7469746c657c733a31303a2244617461205369737761223b),
('6f0up7qj5b9j15rv4s9f1khec8jst3sn', '::1', 1568254301, 0x5f5f63695f6c6173745f726567656e65726174657c693a313536383235343330313b73797374656d5f76616c75657c733a33323a223731303833306264363436656337363362373038616436623432643633313962223b7365617263685f626f787c4e3b5f5f63695f766172737c613a313a7b733a353a227469746c65223b733a333a226e6577223b7d7469746c657c733a31353a224d61696e204d656e752041646d696e223b),
('6td77tub3hkvr84eg4sr027g6e7oafuj', '::1', 1568297229, 0x5f5f63695f6c6173745f726567656e65726174657c693a313536383239373232393b5f5f63695f766172737c613a313a7b733a353a227469746c65223b733a333a226e6577223b7d73797374656d5f76616c75657c733a33323a223161633839616332646338316462656665336131333136633166383630313466223b7365617263685f626f787c4e3b7469746c657c733a333a22416464223b),
('718014i25h08ku54seds75jfkitf6su3', '::1', 1567521678, 0x5f5f63695f6c6173745f726567656e65726174657c693a313536373532313637383b73797374656d5f76616c75657c733a33323a223163363133373138303534396363663837633531303633303637323666396263223b5f5f63695f766172737c613a313a7b733a353a227469746c65223b733a333a226e6577223b7d7365617263685f626f787c4e3b7469746c657c733a333a22416464223b),
('7v7bcjftc00qa1pbdfj185302tgrdti2', '::1', 1567517376, 0x5f5f63695f6c6173745f726567656e65726174657c693a313536373531373334333b73797374656d5f76616c75657c733a33323a223163363133373138303534396363663837633531303633303637323666396263223b5f5f63695f766172737c613a313a7b733a353a227469746c65223b733a333a226e6577223b7d7469746c657c733a333a22416464223b7365617263685f626f787c4e3b),
('9aiumkd8ub4tmtbmudeg885nqq0u3m6p', '::1', 1568338609, 0x5f5f63695f6c6173745f726567656e65726174657c693a313536383333383539333b5f5f63695f766172737c613a313a7b733a353a227469746c65223b733a333a226e6577223b7d73797374656d5f76616c75657c733a33323a223332633238633739373338366264636535343865633139636565386635633435223b7469746c657c733a31393a2242696d62696e67616e204b6f6e73656c696e67223b7365617263685f626f787c4e3b),
('9bs87dvuviovif5tvkflfq8v2binvk6k', '::1', 1568346311, 0x5f5f63695f6c6173745f726567656e65726174657c693a313536383334363031363b73797374656d5f76616c75657c733a33323a223332633238633739373338366264636535343865633139636565386635633435223b5f5f63695f766172737c613a353a7b733a31323a226e616d615f6c656e676b6170223b733a333a226f6c64223b733a31323a2274656d7061745f6c61686972223b733a333a226f6c64223b733a31333a2274616e6767616c5f6c61686972223b733a333a226f6c64223b733a353a22706573616e223b733a333a226f6c64223b733a353a227469746c65223b733a333a226e6577223b7d6e69737c4e3b6e69736e7c4e3b616e616b5f6b657c4e3b74656c705f72756d61687c4e3b73656b6f6c61685f6173616c7c4e3b74616e6767616c5f6469746572696d617c4e3b64695f6b656c61737c4e3b6e616d615f617961687c4e3b6e616d615f6962757c4e3b616c616d61745f6f72616e675f7475617c4e3b74656c705f6f72616e675f7475617c4e3b70656b65726a61616e5f617961687c4e3b70656b65726a61616e5f6962757c4e3b6e616d615f77616c697c4e3b74656c705f77616c697c4e3b616c616d61745f77616c697c4e3b70656b65726a61616e5f77616c697c4e3b616c616d61745f706573657274615f646964696b7c4e3b6e616d615f6c656e676b61707c733a303a22223b74656d7061745f6c616869727c733a303a22223b74616e6767616c5f6c616869727c733a303a22223b706573616e7c733a3636303a223c64697620636c6173733d22616c65727420616c6572742d64616e676572223e0d0a202020202020202020202020202020202020202020202020202020203c627574746f6e20636c6173733d22636c6f73652220646174612d6469736d6973733d22616c657274223e2674696d65733b3c2f627574746f6e3e0d0a202020202020202020202020202020202020202020202020202020203c7374726f6e673e3c6920636c6173733d22666120223e3c2f693e203c2f7374726f6e673e0d0a202020202020202020202020202020202020202020202020202020203c703e4e6f6d6f7220496e64756b2053697377612077616a69622064696973692e3c2f703e0a3c703e4e616d61204c656e676b6170205065736572746120446964696b2077616a69622064696973692e3c2f703e0a3c703e54656d706174204c616869722077616a69622064696973692e3c2f703e0a3c703e54616e6767616c204c616869722077616a69622064696973692e3c2f703e0a3c703e416c616d6174205065736572746120446964696b2077616a69622064696973692e3c2f703e0a3c703e53656b6f6c6168204173616c205065736572746120446964696b2077616a69622064696973692e3c2f703e0a3c703e4b656c6173204177616c2077616a69622064696973692e3c2f703e0a3c703e54616e6767616c204469746572696d612077616a69622064696973692e3c2f703e0a3c703e4e616d6120417961682077616a69622064696973692e3c2f703e0a3c703e4e616d61204962752077616a69622064696973692e3c2f703e0a3c6120687265663d222220636c6173733d22636f6e6669726d2d65646974223e3c753e3c2f753e3c2f613e0d0a2020202020202020202020202020202020202020202020203c2f6469763e223b7469746c657c733a333a22416464223b),
('9ga0mc5f21frtie3velfi37vrf699hcv', '::1', 1567514483, 0x5f5f63695f6c6173745f726567656e65726174657c693a313536373531343232353b5f5f63695f766172737c613a313a7b733a353a227469746c65223b733a333a226e6577223b7d73797374656d5f76616c75657c733a33323a223163363133373138303534396363663837633531303633303637323666396263223b7469746c657c733a363a224d6f64756c65223b7365617263685f626f787c4e3b),
('9mt7a03kfc9n50s0uoqqdos3lgjaoen4', '::1', 1567510827, 0x5f5f63695f6c6173745f726567656e65726174657c693a313536373531303832303b),
('9t6e2pgp43rtsj1c1n2hkei5s1pd4ru8', '::1', 1567515143, 0x5f5f63695f6c6173745f726567656e65726174657c693a313536373531353030303b73797374656d5f76616c75657c733a33323a223163363133373138303534396363663837633531303633303637323666396263223b7365617263685f626f787c4e3b5f5f63695f766172737c613a353a7b733a31323a227469746c655f6d6f64756c65223b733a333a226f6c64223b733a31313a225f636f6e74726f6c6c6572223b733a333a226f6c64223b733a393a225f66756e6374696f6e223b733a333a226f6c64223b733a353a22706573616e223b733a333a226f6c64223b733a353a227469746c65223b733a333a226e6577223b7d7469746c655f6d6f64756c657c733a31333a2242696f64617461205369737761223b5f636f6e74726f6c6c65727c733a31333a2262696f646174615f7369737761223b5f66756e6374696f6e7c733a353a22696e646578223b706573616e7c733a3430313a223c64697620636c6173733d22616c65727420616c6572742d73756363657373223e0d0a202020202020202020202020202020202020202020202020202020203c627574746f6e20636c6173733d22636c6f73652220646174612d6469736d6973733d22616c657274223e2674696d65733b3c2f627574746f6e3e0d0a202020202020202020202020202020202020202020202020202020203c7374726f6e673e3c6920636c6173733d2266612066612d636865636b2d7371756172652d6f223e3c2f693e203c623e496e666f726d6173693a203c2f623e3c2f7374726f6e673e0d0a202020202020202020202020202020202020202020202020202020204461746120426572686173696c20646973696d70616e2e3c6120687265663d22687474703a2f2f6c6f63616c686f73742f736973666f2d73656b6f6c61682f6d6f64756c652f656469742f39392220636c6173733d22636f6e6669726d2d65646974223e3c753e456469743c2f753e3c2f613e0d0a2020202020202020202020202020202020202020202020203c2f6469763e223b7469746c657c733a363a224d6f64756c65223b),
('a44029io2sp3u5c1g4eufdmd58ncfht6', '::1', 1567520402, 0x5f5f63695f6c6173745f726567656e65726174657c693a313536373532303430323b73797374656d5f76616c75657c733a33323a223163363133373138303534396363663837633531303633303637323666396263223b5f5f63695f766172737c613a313a7b733a353a227469746c65223b733a333a226e6577223b7d7469746c657c733a333a22416464223b7365617263685f626f787c4e3b),
('aol7oshcjr022sct09m7lg46dscn2opp', '::1', 1567003110, 0x5f5f63695f6c6173745f726567656e65726174657c693a313536373030333131303b5f5f63695f766172737c613a313a7b733a353a227469746c65223b733a333a226e6577223b7d73797374656d5f76616c75657c733a33323a223834363337323535663730376633653665636337656138323237653838653230223b7469746c657c733a343a2245646974223b),
('b5gkv08u55o23fi92ijlku77qic8oau7', '::1', 1567008678, 0x5f5f63695f6c6173745f726567656e65726174657c693a313536373030383635343b73797374656d5f76616c75657c733a33323a223834363337323535663730376633653665636337656138323237653838653230223b7365617263685f626f787c4e3b6e616d615f6d6170656c7c4e3b6b6f64655f6d6170656c7c4e3b69645f6b656c6f6d706f6b7c4e3b69645f70656d696e6174616e7c4e3b5f5f63695f766172737c613a353a7b733a31303a226e616d615f6b656c6173223b733a333a226f6c64223b733a393a2269645f737461747573223b733a333a226f6c64223b733a31303a2269645f6a75727573616e223b733a333a226f6c64223b733a353a22706573616e223b733a333a226f6c64223b733a353a227469746c65223b733a333a226e6577223b7d6e616d615f6b656c61737c733a373a2258204950532031223b69645f7374617475737c733a313a2231223b69645f6a75727573616e7c733a313a2232223b706573616e7c733a3335303a223c64697620636c6173733d22616c65727420616c6572742d73756363657373223e0a202020202020202020202020202020202020202020202020202020203c627574746f6e20636c6173733d22636c6f73652220646174612d6469736d6973733d22616c657274223e2674696d65733b3c2f627574746f6e3e0a202020202020202020202020202020202020202020202020202020203c7374726f6e673e3c6920636c6173733d2266612066612d636865636b2d7371756172652d6f223e3c2f693e203c623e496e666f726d6173693a203c2f623e3c2f7374726f6e673e0a202020202020202020202020202020202020202020202020202020204461746120426572686173696c20646970657262617275692e3c6120687265663d222220636c6173733d22636f6e6669726d2d65646974223e3c753e3c2f753e3c2f613e0a2020202020202020202020202020202020202020202020203c2f6469763e223b7469746c657c733a31323a224d6173746572204b656c6173223b),
('b83ab89889el6u9qm8ce66nctmd8r3sc', '::1', 1568339704, 0x5f5f63695f6c6173745f726567656e65726174657c693a313536383333393434353b73797374656d5f76616c75657c733a33323a223332633238633739373338366264636535343865633139636565386635633435223b7365617263685f626f787c4e3b7469746c657c733a31303a2244617461205369737761223b5f5f63695f766172737c613a313a7b733a353a227469746c65223b733a333a226e6577223b7d),
('bsaf8krr491qdnti36rrpo795ajouf73', '::1', 1568347541, 0x5f5f63695f6c6173745f726567656e65726174657c693a313536383334373532353b73797374656d5f76616c75657c733a33323a223332633238633739373338366264636535343865633139636565386635633435223b6e69737c4e3b6e69736e7c4e3b616e616b5f6b657c4e3b74656c705f72756d61687c4e3b73656b6f6c61685f6173616c7c4e3b74616e6767616c5f6469746572696d617c4e3b64695f6b656c61737c4e3b6e616d615f617961687c4e3b6e616d615f6962757c4e3b616c616d61745f6f72616e675f7475617c4e3b74656c705f6f72616e675f7475617c4e3b70656b65726a61616e5f617961687c4e3b70656b65726a61616e5f6962757c4e3b6e616d615f77616c697c4e3b74656c705f77616c697c4e3b616c616d61745f77616c697c4e3b70656b65726a61616e5f77616c697c4e3b616c616d61745f706573657274615f646964696b7c4e3b7365617263685f626f787c4e3b7469746c657c733a31393a2250616e656c2041646d696e6973747261746f72223b5f5f63695f766172737c613a313a7b733a353a227469746c65223b733a333a226e6577223b7d),
('cbigpu68ik4kepn4edom8odnnh7thfjd', '::1', 1567514845, 0x5f5f63695f6c6173745f726567656e65726174657c693a313536373531343538313b73797374656d5f76616c75657c733a33323a223163363133373138303534396363663837633531303633303637323666396263223b7365617263685f626f787c4e3b7469746c657c733a333a22416464223b5f5f63695f766172737c613a313a7b733a353a227469746c65223b733a333a226e6577223b7d),
('clg8a9tfb6qbdn6v20f5gkk8a4a0pma3', '::1', 1567008269, 0x5f5f63695f6c6173745f726567656e65726174657c693a313536373030383236393b73797374656d5f76616c75657c733a33323a223834363337323535663730376633653665636337656138323237653838653230223b7365617263685f626f787c4e3b6e616d615f6d6170656c7c4e3b6b6f64655f6d6170656c7c4e3b69645f6b656c6f6d706f6b7c4e3b69645f70656d696e6174616e7c4e3b5f5f63695f766172737c613a353a7b733a31303a226e616d615f6b656c6173223b733a333a226f6c64223b733a393a2269645f737461747573223b733a333a226f6c64223b733a31303a2269645f6a75727573616e223b733a333a226f6c64223b733a353a22706573616e223b733a333a226f6c64223b733a353a227469746c65223b733a333a226e6577223b7d6e616d615f6b656c61737c733a373a2258204950532031223b69645f7374617475737c733a313a2231223b69645f6a75727573616e7c733a313a2232223b706573616e7c733a3335303a223c64697620636c6173733d22616c65727420616c6572742d73756363657373223e0a202020202020202020202020202020202020202020202020202020203c627574746f6e20636c6173733d22636c6f73652220646174612d6469736d6973733d22616c657274223e2674696d65733b3c2f627574746f6e3e0a202020202020202020202020202020202020202020202020202020203c7374726f6e673e3c6920636c6173733d2266612066612d636865636b2d7371756172652d6f223e3c2f693e203c623e496e666f726d6173693a203c2f623e3c2f7374726f6e673e0a202020202020202020202020202020202020202020202020202020204461746120426572686173696c20646970657262617275692e3c6120687265663d222220636c6173733d22636f6e6669726d2d65646974223e3c753e3c2f753e3c2f613e0a2020202020202020202020202020202020202020202020203c2f6469763e223b7469746c657c733a31323a224d6173746572204b656c6173223b),
('cu2kd4tvj3ussvd37p118pn8r1rfft2t', '::1', 1567006057, 0x5f5f63695f6c6173745f726567656e65726174657c693a313536373030363035373b73797374656d5f76616c75657c733a33323a223834363337323535663730376633653665636337656138323237653838653230223b7365617263685f626f787c4e3b5f5f63695f766172737c613a313a7b733a353a227469746c65223b733a333a226e6577223b7d7469746c657c733a333a22416464223b),
('d3tdd38u8ujn8fhcm1q0f9rtvh9m8opr', '::1', 1567515391, 0x5f5f63695f6c6173745f726567656e65726174657c693a313536373531353337383b73797374656d5f76616c75657c733a33323a223163363133373138303534396363663837633531303633303637323666396263223b7365617263685f626f787c4e3b5f5f63695f766172737c613a313a7b733a353a227469746c65223b733a333a226e6577223b7d7469746c657c733a31323a224d6173746572204b656c6173223b),
('de42bdc7r6rsq8verj3o0doedmsmouls', '::1', 1568340503, 0x5f5f63695f6c6173745f726567656e65726174657c693a313536383334303436313b73797374656d5f76616c75657c733a33323a223332633238633739373338366264636535343865633139636565386635633435223b7365617263685f626f787c4e3b5f5f63695f766172737c613a313a7b733a353a227469746c65223b733a333a226e6577223b7d7469746c657c733a333a22416464223b),
('dgu6nb52jvr7mi7skuppuqr0kgbtfgqa', '::1', 1567002430, 0x5f5f63695f6c6173745f726567656e65726174657c693a313536373030323433303b5f5f63695f766172737c613a313a7b733a353a227469746c65223b733a333a226e6577223b7d73797374656d5f76616c75657c733a33323a223834363337323535663730376633653665636337656138323237653838653230223b7469746c657c733a343a2245646974223b),
('dip6qaiecm76mm8pn9l2mccv9skha7l0', '::1', 1568335207, ''),
('diuo42gvh3eecqd9361r0cubhdi2rn5b', '::1', 1567524361, 0x5f5f63695f6c6173745f726567656e65726174657c693a313536373532343134343b73797374656d5f76616c75657c733a33323a223163363133373138303534396363663837633531303633303637323666396263223b5f5f63695f766172737c613a313a7b733a353a227469746c65223b733a333a226e6577223b7d7365617263685f626f787c4e3b7469746c657c733a333a22416464223b),
('dm4cl3d5vf11o63thqms8u7u0kqmf5nm', '::1', 1567525300, 0x5f5f63695f6c6173745f726567656e65726174657c693a313536373532353330303b73797374656d5f76616c75657c733a33323a223163363133373138303534396363663837633531303633303637323666396263223b5f5f63695f766172737c613a313a7b733a353a227469746c65223b733a333a226e6577223b7d7365617263685f626f787c4e3b7469746c657c733a333a22416464223b),
('du4qnrgfhv466t7455u1tnv0a3javkdq', '::1', 1567600030, 0x5f5f63695f6c6173745f726567656e65726174657c693a313536373630303033303b5f5f63695f766172737c613a313a7b733a353a227469746c65223b733a333a226e6577223b7d73797374656d5f76616c75657c733a33323a223266363634653837383164386136613366663237633266623036333564303830223b7365617263685f626f787c4e3b7469746c657c733a363a224d6f64756c65223b),
('eo5rmksrdv5h5g1l9fatuqd58vrca4s2', '::1', 1567522729, 0x5f5f63695f6c6173745f726567656e65726174657c693a313536373532323732393b73797374656d5f76616c75657c733a33323a223163363133373138303534396363663837633531303633303637323666396263223b5f5f63695f766172737c613a313a7b733a353a227469746c65223b733a333a226e6577223b7d7365617263685f626f787c4e3b7469746c657c733a333a22416464223b),
('fhoicoko1dc7qeb09b27qo07982n1mu6', '::1', 1568253633, 0x5f5f63695f6c6173745f726567656e65726174657c693a313536383235333633333b73797374656d5f76616c75657c733a33323a223731303833306264363436656337363362373038616436623432643633313962223b7365617263685f626f787c4e3b5f5f63695f766172737c613a343a7b733a31303a227469746c655f6d656e75223b733a333a226f6c64223b733a343a226c696e6b223b733a333a226f6c64223b733a353a22706573616e223b733a333a226f6c64223b733a353a227469746c65223b733a333a226e6577223b7d7469746c655f6d656e757c733a31353a224c6179616e616e2054657270616475223b6c696e6b7c733a313a2223223b706573616e7c733a3430343a223c64697620636c6173733d22616c65727420616c6572742d73756363657373223e0a202020202020202020202020202020202020202020202020202020203c627574746f6e20636c6173733d22636c6f73652220646174612d6469736d6973733d22616c657274223e2674696d65733b3c2f627574746f6e3e0a202020202020202020202020202020202020202020202020202020203c7374726f6e673e3c6920636c6173733d2266612066612d636865636b2d7371756172652d6f223e3c2f693e203c623e496e666f726d6173693a203c2f623e3c2f7374726f6e673e0a202020202020202020202020202020202020202020202020202020204461746120426572686173696c20646970657262617275692e3c6120687265663d22687474703a2f2f6c6f63616c686f73742f707473702d6d616e332f6d61696e2d6d656e752d61646d696e2f656469742f34362220636c6173733d22636f6e6669726d2d65646974223e3c753e456469743c2f753e3c2f613e0a2020202020202020202020202020202020202020202020203c2f6469763e223b7469746c657c733a31353a224d61696e204d656e752041646d696e223b),
('ggeltq2qd2brcgrl2hs1906gu3um5hqg', '::1', 1567528579, 0x5f5f63695f6c6173745f726567656e65726174657c693a313536373532383334353b73797374656d5f76616c75657c733a33323a223163363133373138303534396363663837633531303633303637323666396263223b5f5f63695f766172737c613a313a7b733a353a227469746c65223b733a333a226e6577223b7d7365617263685f626f787c4e3b7469746c655f636f6e74656e747c4e3b636f6e74656e747c4e3b7469746c657c733a333a22416464223b),
('gptkt4hcq6k0vjdep2qvl43ak9rdt0tm', '::1', 1568346538, 0x5f5f63695f6c6173745f726567656e65726174657c693a313536383334363335333b73797374656d5f76616c75657c733a33323a223332633238633739373338366264636535343865633139636565386635633435223b5f5f63695f766172737c613a313a7b733a353a227469746c65223b733a333a226e6577223b7d6e69737c4e3b6e69736e7c4e3b616e616b5f6b657c4e3b74656c705f72756d61687c4e3b73656b6f6c61685f6173616c7c4e3b74616e6767616c5f6469746572696d617c4e3b64695f6b656c61737c4e3b6e616d615f617961687c4e3b6e616d615f6962757c4e3b616c616d61745f6f72616e675f7475617c4e3b74656c705f6f72616e675f7475617c4e3b70656b65726a61616e5f617961687c4e3b70656b65726a61616e5f6962757c4e3b6e616d615f77616c697c4e3b74656c705f77616c697c4e3b616c616d61745f77616c697c4e3b70656b65726a61616e5f77616c697c4e3b616c616d61745f706573657274615f646964696b7c4e3b7469746c657c733a333a22416464223b),
('gu1pukrm8nj9g9ls8ua39mfa4odf1sud', '::1', 1568348482, 0x5f5f63695f6c6173745f726567656e65726174657c693a313536383334383334393b73797374656d5f76616c75657c733a33323a223332633238633739373338366264636535343865633139636565386635633435223b6e69737c4e3b6e69736e7c4e3b616e616b5f6b657c4e3b74656c705f72756d61687c4e3b73656b6f6c61685f6173616c7c4e3b74616e6767616c5f6469746572696d617c4e3b64695f6b656c61737c4e3b6e616d615f617961687c4e3b6e616d615f6962757c4e3b616c616d61745f6f72616e675f7475617c4e3b74656c705f6f72616e675f7475617c4e3b70656b65726a61616e5f617961687c4e3b70656b65726a61616e5f6962757c4e3b6e616d615f77616c697c4e3b74656c705f77616c697c4e3b616c616d61745f77616c697c4e3b70656b65726a61616e5f77616c697c4e3b616c616d61745f706573657274615f646964696b7c4e3b7365617263685f626f787c4e3b7469746c657c733a31303a2244617461205369737761223b5f5f63695f766172737c613a313a7b733a353a227469746c65223b733a333a226e6577223b7d),
('h1g7hd57om8rd4fmo1525bfkec6pnc8v', '::1', 1567516443, 0x5f5f63695f6c6173745f726567656e65726174657c693a313536373531363430333b73797374656d5f76616c75657c733a33323a223163363133373138303534396363663837633531303633303637323666396263223b5f5f63695f766172737c613a313a7b733a353a227469746c65223b733a333a226e6577223b7d7469746c657c733a31303a2244617461205369737761223b7365617263685f626f787c4e3b),
('h2au15ijbili39jjinsq9lsmdqh5of03', '::1', 1567521120, 0x5f5f63695f6c6173745f726567656e65726174657c693a313536373532313030333b73797374656d5f76616c75657c733a33323a223163363133373138303534396363663837633531303633303637323666396263223b5f5f63695f766172737c613a313a7b733a353a227469746c65223b733a333a226e6577223b7d7365617263685f626f787c4e3b7469746c657c733a333a22416464223b),
('hcqq0g19na6mhnm8ncdu721dhavefpog', '::1', 1567527024, 0x5f5f63695f6c6173745f726567656e65726174657c693a313536373532363835363b73797374656d5f76616c75657c733a33323a223163363133373138303534396363663837633531303633303637323666396263223b5f5f63695f766172737c613a32323a7b733a333a226e6973223b733a333a226f6c64223b733a343a226e69736e223b733a333a226f6c64223b733a31323a226e616d615f6c656e676b6170223b733a333a226f6c64223b733a31323a2274656d7061745f6c61686972223b733a333a226f6c64223b733a31333a2274616e6767616c5f6c61686972223b733a333a226f6c64223b733a373a22616e616b5f6b65223b733a333a226f6c64223b733a32303a22616c616d61745f706573657274615f646964696b223b733a333a226f6c64223b733a31303a2274656c705f72756d6168223b733a333a226f6c64223b733a31323a2273656b6f6c61685f6173616c223b733a333a226f6c64223b733a31363a2274616e6767616c5f6469746572696d61223b733a333a226f6c64223b733a393a226e616d615f61796168223b733a333a226f6c64223b733a383a226e616d615f696275223b733a333a226f6c64223b733a31363a22616c616d61745f6f72616e675f747561223b733a333a226f6c64223b733a31343a2274656c705f6f72616e675f747561223b733a333a226f6c64223b733a31343a2270656b65726a61616e5f61796168223b733a333a226f6c64223b733a31333a2270656b65726a61616e5f696275223b733a333a226f6c64223b733a393a226e616d615f77616c69223b733a333a226f6c64223b733a393a2274656c705f77616c69223b733a333a226f6c64223b733a31313a22616c616d61745f77616c69223b733a333a226f6c64223b733a31343a2270656b65726a61616e5f77616c69223b733a333a226f6c64223b733a353a22706573616e223b733a333a226f6c64223b733a353a227469746c65223b733a333a226e6577223b7d7365617263685f626f787c4e3b7469746c655f636f6e74656e747c4e3b636f6e74656e747c4e3b6e69737c733a333a22313233223b6e69736e7c733a303a22223b6e616d615f6c656e676b61707c733a303a22223b74656d7061745f6c616869727c733a303a22223b74616e6767616c5f6c616869727c733a303a22223b616e616b5f6b657c733a313a2231223b616c616d61745f706573657274615f646964696b7c733a303a22223b74656c705f72756d61687c733a303a22223b73656b6f6c61685f6173616c7c733a303a22223b74616e6767616c5f6469746572696d617c733a303a22223b6e616d615f617961687c733a303a22223b6e616d615f6962757c733a303a22223b616c616d61745f6f72616e675f7475617c733a303a22223b74656c705f6f72616e675f7475617c733a303a22223b70656b65726a61616e5f617961687c733a303a22223b70656b65726a61616e5f6962757c733a303a22223b6e616d615f77616c697c733a303a22223b74656c705f77616c697c733a303a22223b616c616d61745f77616c697c733a303a22223b70656b65726a61616e5f77616c697c733a303a22223b706573616e7c733a3539313a223c64697620636c6173733d22616c65727420616c6572742d64616e676572223e0d0a202020202020202020202020202020202020202020202020202020203c627574746f6e20636c6173733d22636c6f73652220646174612d6469736d6973733d22616c657274223e2674696d65733b3c2f627574746f6e3e0d0a202020202020202020202020202020202020202020202020202020203c7374726f6e673e3c6920636c6173733d22666120223e3c2f693e203c2f7374726f6e673e0d0a202020202020202020202020202020202020202020202020202020203c703e4e616d61204c656e676b6170205065736572746120446964696b2077616a69622064696973692e3c2f703e0a3c703e54656d706174204c616869722077616a69622064696973692e3c2f703e0a3c703e54616e6767616c204c616869722077616a69622064696973692e3c2f703e0a3c703e416c616d6174205065736572746120446964696b2077616a69622064696973692e3c2f703e0a3c703e53656b6f6c6168204173616c205065736572746120446964696b2077616a69622064696973692e3c2f703e0a3c703e54616e6767616c204469746572696d612077616a69622064696973692e3c2f703e0a3c703e4e616d6120417961682077616a69622064696973692e3c2f703e0a3c703e4e616d61204962752077616a69622064696973692e3c2f703e0a3c6120687265663d222220636c6173733d22636f6e6669726d2d65646974223e3c753e3c2f753e3c2f613e0d0a2020202020202020202020202020202020202020202020203c2f6469763e223b7469746c657c733a333a22416464223b),
('i57f37r8balrssc43sjlgffc5u2r5l37', '::1', 1568345087, 0x5f5f63695f6c6173745f726567656e65726174657c693a313536383334353038343b73797374656d5f76616c75657c733a33323a223332633238633739373338366264636535343865633139636565386635633435223b5f5f63695f766172737c613a313a7b733a353a227469746c65223b733a333a226e6577223b7d7469746c657c733a333a22416464223b7365617263685f626f787c4e3b),
('i5m7aar6khl853oe2fco5l6ha6jv7hh1', '::1', 1568340422, 0x5f5f63695f6c6173745f726567656e65726174657c693a313536383334303133373b73797374656d5f76616c75657c733a33323a223332633238633739373338366264636535343865633139636565386635633435223b7365617263685f626f787c4e3b5f5f63695f766172737c613a313a7b733a353a227469746c65223b733a333a226e6577223b7d7469746c657c733a333a22416464223b),
('ii5c9a3r5s1o0lurbp5ob381lea3795n', '::1', 1568338016, 0x5f5f63695f6c6173745f726567656e65726174657c693a313536383333373936343b5f5f63695f766172737c613a313a7b733a353a227469746c65223b733a333a226e6577223b7d73797374656d5f76616c75657c733a33323a223332633238633739373338366264636535343865633139636565386635633435223b7469746c657c733a31303a2244617461205369737761223b7365617263685f626f787c4e3b),
('in1c1jt0lkivufnfgud4go9chujgp6oe', '::1', 1567527467, 0x5f5f63695f6c6173745f726567656e65726174657c693a313536373532373230303b73797374656d5f76616c75657c733a33323a223163363133373138303534396363663837633531303633303637323666396263223b5f5f63695f766172737c613a32323a7b733a333a226e6973223b733a333a226f6c64223b733a343a226e69736e223b733a333a226f6c64223b733a31323a226e616d615f6c656e676b6170223b733a333a226f6c64223b733a31323a2274656d7061745f6c61686972223b733a333a226f6c64223b733a31333a2274616e6767616c5f6c61686972223b733a333a226f6c64223b733a373a22616e616b5f6b65223b733a333a226f6c64223b733a32303a22616c616d61745f706573657274615f646964696b223b733a333a226f6c64223b733a31303a2274656c705f72756d6168223b733a333a226f6c64223b733a31323a2273656b6f6c61685f6173616c223b733a333a226f6c64223b733a31363a2274616e6767616c5f6469746572696d61223b733a333a226f6c64223b733a393a226e616d615f61796168223b733a333a226f6c64223b733a383a226e616d615f696275223b733a333a226f6c64223b733a31363a22616c616d61745f6f72616e675f747561223b733a333a226f6c64223b733a31343a2274656c705f6f72616e675f747561223b733a333a226f6c64223b733a31343a2270656b65726a61616e5f61796168223b733a333a226f6c64223b733a31333a2270656b65726a61616e5f696275223b733a333a226f6c64223b733a393a226e616d615f77616c69223b733a333a226f6c64223b733a393a2274656c705f77616c69223b733a333a226f6c64223b733a31313a22616c616d61745f77616c69223b733a333a226f6c64223b733a31343a2270656b65726a61616e5f77616c69223b733a333a226f6c64223b733a353a22706573616e223b733a333a226f6c64223b733a353a227469746c65223b733a333a226e6577223b7d7365617263685f626f787c4e3b7469746c655f636f6e74656e747c4e3b636f6e74656e747c4e3b6e69737c733a343a2232353739223b6e69736e7c733a303a22223b6e616d615f6c656e676b61707c733a31343a224179756e6920204e617969612050223b74656d7061745f6c616869727c733a363a22506164616e67223b74616e6767616c5f6c616869727c733a31303a22323030312d30362d3133223b616e616b5f6b657c733a313a2231223b616c616d61745f706573657274615f646964696b7c733a32373a225254203030332f205257205849492042616c616920476164696e67223b74656c705f72756d61687c733a303a22223b73656b6f6c61685f6173616c7c733a303a22223b74616e6767616c5f6469746572696d617c733a303a22223b6e616d615f617961687c733a303a22223b6e616d615f6962757c733a303a22223b616c616d61745f6f72616e675f7475617c733a303a22223b74656c705f6f72616e675f7475617c733a303a22223b70656b65726a61616e5f617961687c733a303a22223b70656b65726a61616e5f6962757c733a303a22223b6e616d615f77616c697c733a303a22223b74656c705f77616c697c733a303a22223b616c616d61745f77616c697c733a303a22223b70656b65726a61616e5f77616c697c733a303a22223b706573616e7c733a3433363a223c64697620636c6173733d22616c65727420616c6572742d64616e676572223e0d0a202020202020202020202020202020202020202020202020202020203c627574746f6e20636c6173733d22636c6f73652220646174612d6469736d6973733d22616c657274223e2674696d65733b3c2f627574746f6e3e0d0a202020202020202020202020202020202020202020202020202020203c7374726f6e673e3c6920636c6173733d22666120223e3c2f693e203c2f7374726f6e673e0d0a202020202020202020202020202020202020202020202020202020203c703e53656b6f6c6168204173616c205065736572746120446964696b2077616a69622064696973692e3c2f703e0a3c703e54616e6767616c204469746572696d612077616a69622064696973692e3c2f703e0a3c703e4e616d6120417961682077616a69622064696973692e3c2f703e0a3c703e4e616d61204962752077616a69622064696973692e3c2f703e0a3c6120687265663d222220636c6173733d22636f6e6669726d2d65646974223e3c753e3c2f753e3c2f613e0d0a2020202020202020202020202020202020202020202020203c2f6469763e223b7469746c657c733a333a22416464223b),
('iqrl9c74p57aqopji57ur4gks6aeo66i', '::1', 1567521979, 0x5f5f63695f6c6173745f726567656e65726174657c693a313536373532313937393b73797374656d5f76616c75657c733a33323a223163363133373138303534396363663837633531303633303637323666396263223b5f5f63695f766172737c613a313a7b733a353a227469746c65223b733a333a226e6577223b7d7365617263685f626f787c4e3b7469746c657c733a333a22416464223b),
('ivvsjbrpkjlt0km0u7g1tqnpedpvavpl', '::1', 1568344560, 0x5f5f63695f6c6173745f726567656e65726174657c693a313536383334343336383b73797374656d5f76616c75657c733a33323a223332633238633739373338366264636535343865633139636565386635633435223b7365617263685f626f787c4e3b5f5f63695f766172737c613a313a7b733a353a227469746c65223b733a333a226e6577223b7d7469746c657c733a31303a2244617461205369737761223b),
('j37hslgoeq17a8ktavmqj2jgeouf9tj5', '::1', 1567002064, 0x5f5f63695f6c6173745f726567656e65726174657c693a313536373030323036343b5f5f63695f766172737c613a313a7b733a353a227469746c65223b733a333a226e6577223b7d73797374656d5f76616c75657c733a33323a223834363337323535663730376633653665636337656138323237653838653230223b7469746c657c733a333a22416464223b),
('j469t430l3mdjadvh4k68030rfd5nm99', '::1', 1567004824, 0x5f5f63695f6c6173745f726567656e65726174657c693a313536373030343832343b73797374656d5f76616c75657c733a33323a223834363337323535663730376633653665636337656138323237653838653230223b7365617263685f626f787c4e3b5f5f63695f766172737c613a313a7b733a353a227469746c65223b733a333a226e6577223b7d7469746c657c733a31343a224d6174612050656c616a6172616e223b),
('j639ied0r02h9heeut6dm0muik31ccqa', '::1', 1568340094, 0x5f5f63695f6c6173745f726567656e65726174657c693a313536383333393833353b73797374656d5f76616c75657c733a33323a223332633238633739373338366264636535343865633139636565386635633435223b5f5f63695f766172737c613a313a7b733a353a227469746c65223b733a333a226e6577223b7d7365617263685f626f787c4e3b7469746c657c733a363a224d6f64756c65223b),
('jlh7m9qrd57leifh4qkqi7mrm2e75cmi', '::1', 1567005728, 0x5f5f63695f6c6173745f726567656e65726174657c693a313536373030353732383b73797374656d5f76616c75657c733a33323a223834363337323535663730376633653665636337656138323237653838653230223b7365617263685f626f787c4e3b5f5f63695f766172737c613a313a7b733a353a227469746c65223b733a333a226e6577223b7d7469746c657c733a333a22416464223b),
('jmgftmclvbhqfb5t4o60pumogp2hvsbk', '::1', 1567526219, 0x5f5f63695f6c6173745f726567656e65726174657c693a313536373532363231393b73797374656d5f76616c75657c733a33323a223163363133373138303534396363663837633531303633303637323666396263223b5f5f63695f766172737c613a32313a7b733a333a226e6973223b733a333a226f6c64223b733a343a226e69736e223b733a333a226f6c64223b733a31323a2274656d7061745f6c61686972223b733a333a226f6c64223b733a31333a2274616e6767616c5f6c61686972223b733a333a226f6c64223b733a373a22616e616b5f6b65223b733a333a226f6c64223b733a32303a22616c616d61745f706573657274615f646964696b223b733a333a226f6c64223b733a31303a2274656c705f72756d6168223b733a333a226f6c64223b733a31323a2273656b6f6c61685f6173616c223b733a333a226f6c64223b733a31363a2274616e6767616c5f6469746572696d61223b733a333a226f6c64223b733a393a226e616d615f61796168223b733a333a226f6c64223b733a383a226e616d615f696275223b733a333a226f6c64223b733a31363a22616c616d61745f6f72616e675f747561223b733a333a226f6c64223b733a31343a2274656c705f6f72616e675f747561223b733a333a226f6c64223b733a31343a2270656b65726a61616e5f61796168223b733a333a226f6c64223b733a31333a2270656b65726a61616e5f696275223b733a333a226f6c64223b733a393a226e616d615f77616c69223b733a333a226f6c64223b733a393a2274656c705f77616c69223b733a333a226f6c64223b733a31313a22616c616d61745f77616c69223b733a333a226f6c64223b733a31343a2270656b65726a61616e5f77616c69223b733a333a226f6c64223b733a353a22706573616e223b733a333a226f6c64223b733a353a227469746c65223b733a333a226e6577223b7d7365617263685f626f787c4e3b7469746c655f636f6e74656e747c4e3b636f6e74656e747c4e3b6e69737c733a303a22223b6e69736e7c733a303a22223b6e616d615f6c656e676b61707c4e3b74656d7061745f6c616869727c733a303a22223b74616e6767616c5f6c616869727c733a303a22223b616e616b5f6b657c733a313a2231223b616c616d61745f706573657274615f646964696b7c733a303a22223b74656c705f72756d61687c733a303a22223b73656b6f6c61685f6173616c7c733a303a22223b74616e6767616c5f6469746572696d617c733a303a22223b6e616d615f617961687c733a303a22223b6e616d615f6962757c733a303a22223b616c616d61745f6f72616e675f7475617c733a303a22223b74656c705f6f72616e675f7475617c733a303a22223b70656b65726a61616e5f617961687c733a303a22223b70656b65726a61616e5f6962757c733a303a22223b6e616d615f77616c697c733a303a22223b74656c705f77616c697c733a303a22223b616c616d61745f77616c697c733a303a22223b70656b65726a61616e5f77616c697c733a303a22223b706573616e7c733a3337353a223c64697620636c6173733d22616c65727420616c6572742d64616e676572223e0d0a202020202020202020202020202020202020202020202020202020203c627574746f6e20636c6173733d22636c6f73652220646174612d6469736d6973733d22616c657274223e2674696d65733b3c2f627574746f6e3e0d0a202020202020202020202020202020202020202020202020202020203c7374726f6e673e3c6920636c6173733d22666120223e3c2f693e203c2f7374726f6e673e0d0a202020202020202020202020202020202020202020202020202020203c703e5469746c652077616a69622064696973692e3c2f703e0a3c703e43617465676f72792077616a69622064696973692e3c2f703e0a3c703e5374617475732077616a69622064696973692e3c2f703e0a3c6120687265663d222220636c6173733d22636f6e6669726d2d65646974223e3c753e3c2f753e3c2f613e0d0a2020202020202020202020202020202020202020202020203c2f6469763e223b7469746c657c733a333a22416464223b),
('jv25tfqrrsee2tc1tldachataornd276', '::1', 1568251710, 0x5f5f63695f6c6173745f726567656e65726174657c693a313536383235313731303b5f5f63695f766172737c613a353a7b733a31323a227469746c655f6d6f64756c65223b733a333a226f6c64223b733a31313a225f636f6e74726f6c6c6572223b733a333a226f6c64223b733a393a225f66756e6374696f6e223b733a333a226f6c64223b733a353a22706573616e223b733a333a226f6c64223b733a353a227469746c65223b733a333a226e6577223b7d73797374656d5f76616c75657c733a33323a223731303833306264363436656337363362373038616436623432643633313962223b7365617263685f626f787c4e3b7469746c655f6d6f64756c657c733a32373a2242696d62696e67616e204b6f6e73656c696e672028696e64657829223b5f636f6e74726f6c6c65727c733a31393a2262696d62696e67616e2d6b6f6e73656c696e67223b5f66756e6374696f6e7c733a353a22696e646578223b706573616e7c733a3339343a223c64697620636c6173733d22616c65727420616c6572742d73756363657373223e0a202020202020202020202020202020202020202020202020202020203c627574746f6e20636c6173733d22636c6f73652220646174612d6469736d6973733d22616c657274223e2674696d65733b3c2f627574746f6e3e0a202020202020202020202020202020202020202020202020202020203c7374726f6e673e3c6920636c6173733d2266612066612d636865636b2d7371756172652d6f223e3c2f693e203c623e496e666f726d6173693a203c2f623e3c2f7374726f6e673e0a202020202020202020202020202020202020202020202020202020204461746120426572686173696c20646973696d70616e2e3c6120687265663d22687474703a2f2f6c6f63616c686f73742f707473702d6d616e332f6d6f64756c652f656469742f3130322220636c6173733d22636f6e6669726d2d65646974223e3c753e456469743c2f753e3c2f613e0a2020202020202020202020202020202020202020202020203c2f6469763e223b7469746c657c733a363a224d6f64756c65223b),
('jvg53ujb1l4vfu593inglbjeot5ravm1', '::1', 1567589236, 0x5f5f63695f6c6173745f726567656e65726174657c693a313536373538383933373b73797374656d5f76616c75657c733a33323a226536353035353833303763333563316362623363343338663834343431336663223b7365617263685f626f787c4e3b7469746c657c733a31323a224d6173746572204b656c6173223b5f5f63695f766172737c613a313a7b733a353a227469746c65223b733a333a226e6577223b7d),
('k4qk16ljqjt2e7bf8gr7ptlo8nigbs7g', '::1', 1568339291, 0x5f5f63695f6c6173745f726567656e65726174657c693a313536383333393035313b73797374656d5f76616c75657c733a33323a223332633238633739373338366264636535343865633139636565386635633435223b7365617263685f626f787c4e3b7469746c657c733a31303a2247726f75702055736572223b5f5f63695f766172737c613a313a7b733a353a227469746c65223b733a333a226e6577223b7d),
('k8v1s538mu02e4aignm58fc8g91qdkv0', '::1', 1567007904, 0x5f5f63695f6c6173745f726567656e65726174657c693a313536373030373930343b73797374656d5f76616c75657c733a33323a223834363337323535663730376633653665636337656138323237653838653230223b7365617263685f626f787c4e3b6e616d615f6d6170656c7c4e3b6b6f64655f6d6170656c7c4e3b69645f6b656c6f6d706f6b7c4e3b69645f70656d696e6174616e7c4e3b7469746c657c733a31343a224d6174612050656c616a6172616e223b5f5f63695f766172737c613a313a7b733a353a227469746c65223b733a333a226e6577223b7d),
('ldb5n871d7ju2id8epuk71ufc70h2hkp', '::1', 1568299350, 0x5f5f63695f6c6173745f726567656e65726174657c693a313536383239393134383b73797374656d5f76616c75657c733a33323a223161633839616332646338316462656665336131333136633166383630313466223b7365617263685f626f787c4e3b6e616d615f6b656c61737c4e3b69645f7374617475737c4e3b69645f6a75727573616e7c4e3b7469746c657c733a333a22416464223b5f5f63695f766172737c613a313a7b733a353a227469746c65223b733a333a226f6c64223b7d),
('ljsujj07275f22e374fffd74cbkvav14', '::1', 1568297870, 0x5f5f63695f6c6173745f726567656e65726174657c693a313536383239373837303b5f5f63695f766172737c613a313a7b733a353a227469746c65223b733a333a226e6577223b7d73797374656d5f76616c75657c733a33323a223161633839616332646338316462656665336131333136633166383630313466223b7365617263685f626f787c4e3b7469746c657c733a333a22416464223b),
('lphu7iaqbh9jsjtlsm6njepdauap9eum', '::1', 1567006788, 0x5f5f63695f6c6173745f726567656e65726174657c693a313536373030363738383b73797374656d5f76616c75657c733a33323a223834363337323535663730376633653665636337656138323237653838653230223b7365617263685f626f787c4e3b7469746c657c733a31323a224d6173746572204b656c6173223b5f5f63695f766172737c613a313a7b733a353a227469746c65223b733a333a226e6577223b7d);
INSERT INTO `ci_sessions` (`id`, `ip_address`, `timestamp`, `data`) VALUES
('m4so398d960cal98geeuh1a58lh7cbb9', '::1', 1568253259, 0x5f5f63695f6c6173745f726567656e65726174657c693a313536383235333235393b73797374656d5f76616c75657c733a33323a223731303833306264363436656337363362373038616436623432643633313962223b7365617263685f626f787c4e3b5f5f63695f766172737c613a313a7b733a353a227469746c65223b733a333a226e6577223b7d7469746c657c733a31353a224d61696e204d656e752041646d696e223b),
('m51md8gbheq8mkf8l7jsdg1k9eq70674', '::1', 1567008654, 0x5f5f63695f6c6173745f726567656e65726174657c693a313536373030383635343b73797374656d5f76616c75657c733a33323a223834363337323535663730376633653665636337656138323237653838653230223b7365617263685f626f787c4e3b6e616d615f6d6170656c7c4e3b6b6f64655f6d6170656c7c4e3b69645f6b656c6f6d706f6b7c4e3b69645f70656d696e6174616e7c4e3b5f5f63695f766172737c613a313a7b733a353a227469746c65223b733a333a226e6577223b7d7469746c657c733a31343a224d6174612050656c616a6172616e223b),
('mfk7qdctrrdsupp72fetp7i94td6g62n', '::1', 1567517316, 0x5f5f63695f6c6173745f726567656e65726174657c693a313536373531373031363b73797374656d5f76616c75657c733a33323a223163363133373138303534396363663837633531303633303637323666396263223b7365617263685f626f787c4e3b5f5f63695f766172737c613a323a7b733a353a227469746c65223b733a333a226e6577223b733a31303a227365617263685f626f78223b733a333a226f6c64223b7d7469746c657c733a31303a2244617461205369737761223b),
('ndf5cfbrksbfut4hdj3u4vk25jgu0l6b', '::1', 1568298685, 0x5f5f63695f6c6173745f726567656e65726174657c693a313536383239383638353b5f5f63695f766172737c613a313a7b733a353a227469746c65223b733a333a226e6577223b7d73797374656d5f76616c75657c733a33323a223161633839616332646338316462656665336131333136633166383630313466223b7365617263685f626f787c4e3b6e616d615f6b656c61737c4e3b69645f7374617475737c4e3b69645f6a75727573616e7c4e3b7469746c657c733a333a22416464223b),
('ndfij645n05l317ork6513or3ho4jldv', '::1', 1567005172, 0x5f5f63695f6c6173745f726567656e65726174657c693a313536373030353137323b73797374656d5f76616c75657c733a33323a223834363337323535663730376633653665636337656138323237653838653230223b7365617263685f626f787c4e3b5f5f63695f766172737c613a313a7b733a353a227469746c65223b733a333a226e6577223b7d7469746c657c733a31323a224d6173746572204b656c6173223b),
('o1uo7hq57l4cjbj99717ms57v8n85a29', '::1', 1567527717, 0x5f5f63695f6c6173745f726567656e65726174657c693a313536373532373630343b73797374656d5f76616c75657c733a33323a223163363133373138303534396363663837633531303633303637323666396263223b5f5f63695f766172737c613a32323a7b733a333a226e6973223b733a333a226f6c64223b733a343a226e69736e223b733a333a226f6c64223b733a31323a226e616d615f6c656e676b6170223b733a333a226f6c64223b733a31323a2274656d7061745f6c61686972223b733a333a226f6c64223b733a31333a2274616e6767616c5f6c61686972223b733a333a226f6c64223b733a373a22616e616b5f6b65223b733a333a226f6c64223b733a32303a22616c616d61745f706573657274615f646964696b223b733a333a226f6c64223b733a31303a2274656c705f72756d6168223b733a333a226f6c64223b733a31323a2273656b6f6c61685f6173616c223b733a333a226f6c64223b733a31363a2274616e6767616c5f6469746572696d61223b733a333a226f6c64223b733a393a226e616d615f61796168223b733a333a226f6c64223b733a383a226e616d615f696275223b733a333a226f6c64223b733a31363a22616c616d61745f6f72616e675f747561223b733a333a226f6c64223b733a31343a2274656c705f6f72616e675f747561223b733a333a226f6c64223b733a31343a2270656b65726a61616e5f61796168223b733a333a226f6c64223b733a31333a2270656b65726a61616e5f696275223b733a333a226f6c64223b733a393a226e616d615f77616c69223b733a333a226f6c64223b733a393a2274656c705f77616c69223b733a333a226f6c64223b733a31313a22616c616d61745f77616c69223b733a333a226f6c64223b733a31343a2270656b65726a61616e5f77616c69223b733a333a226f6c64223b733a353a22706573616e223b733a333a226f6c64223b733a353a227469746c65223b733a333a226e6577223b7d7365617263685f626f787c4e3b7469746c655f636f6e74656e747c4e3b636f6e74656e747c4e3b6e69737c733a343a2232353739223b6e69736e7c733a303a22223b6e616d615f6c656e676b61707c733a303a22223b74656d7061745f6c616869727c733a363a22506164616e67223b74616e6767616c5f6c616869727c733a31303a22323030312d30362d3133223b616e616b5f6b657c733a313a2231223b616c616d61745f706573657274615f646964696b7c733a32373a225254203030332f205257205849492042616c616920476164696e67223b74656c705f72756d61687c733a303a22223b73656b6f6c61685f6173616c7c733a32393a22534d502049736c616d204b686169726120556d6d616820506164616e67223b74616e6767616c5f6469746572696d617c733a31303a22323031362d30372d3138223b6e616d615f617961687c733a353a2248656c6d69223b6e616d615f6962757c733a363a2259756c697461223b616c616d61745f6f72616e675f7475617c733a363a22706164616e67223b74656c705f6f72616e675f7475617c733a31323a22303832333837303838323630223b70656b65726a61616e5f617961687c733a303a22223b70656b65726a61616e5f6962757c733a303a22223b6e616d615f77616c697c733a303a22223b74656c705f77616c697c733a303a22223b616c616d61745f77616c697c733a303a22223b70656b65726a61616e5f77616c697c733a303a22223b706573616e7c733a3334303a223c64697620636c6173733d22616c65727420616c6572742d64616e676572223e0d0a202020202020202020202020202020202020202020202020202020203c627574746f6e20636c6173733d22636c6f73652220646174612d6469736d6973733d22616c657274223e2674696d65733b3c2f627574746f6e3e0d0a202020202020202020202020202020202020202020202020202020203c7374726f6e673e3c6920636c6173733d22666120223e3c2f693e203c2f7374726f6e673e0d0a202020202020202020202020202020202020202020202020202020203c703e4e616d61204c656e676b6170205065736572746120446964696b2077616a69622064696973692e3c2f703e0a3c6120687265663d222220636c6173733d22636f6e6669726d2d65646974223e3c753e3c2f753e3c2f613e0d0a2020202020202020202020202020202020202020202020203c2f6469763e223b7469746c657c733a333a22416464223b),
('o4rsfbcopji1kgp61mr5uh9e9jotefuh', '::1', 1568346676, 0x5f5f63695f6c6173745f726567656e65726174657c693a313536383334363637363b73797374656d5f76616c75657c733a33323a223332633238633739373338366264636535343865633139636565386635633435223b5f5f63695f766172737c613a313a7b733a353a227469746c65223b733a333a226e6577223b7d6e69737c4e3b6e69736e7c4e3b616e616b5f6b657c4e3b74656c705f72756d61687c4e3b73656b6f6c61685f6173616c7c4e3b74616e6767616c5f6469746572696d617c4e3b64695f6b656c61737c4e3b6e616d615f617961687c4e3b6e616d615f6962757c4e3b616c616d61745f6f72616e675f7475617c4e3b74656c705f6f72616e675f7475617c4e3b70656b65726a61616e5f617961687c4e3b70656b65726a61616e5f6962757c4e3b6e616d615f77616c697c4e3b74656c705f77616c697c4e3b616c616d61745f77616c697c4e3b70656b65726a61616e5f77616c697c4e3b616c616d61745f706573657274615f646964696b7c4e3b7469746c657c733a333a22416464223b),
('o6dmjp6kqn83tnkfrolmja2hd28pch8a', '::1', 1568252900, 0x5f5f63695f6c6173745f726567656e65726174657c693a313536383235323930303b73797374656d5f76616c75657c733a33323a223731303833306264363436656337363362373038616436623432643633313962223b7365617263685f626f787c4e3b5f5f63695f766172737c613a313a7b733a353a227469746c65223b733a333a226e6577223b7d7469746c657c733a31393a2242696d62696e67616e204b6f6e73656c696e67223b),
('oktp2qe0rf390i8sl96pdokimmur9ua9', '::1', 1568298364, 0x5f5f63695f6c6173745f726567656e65726174657c693a313536383239383336343b5f5f63695f766172737c613a313a7b733a353a227469746c65223b733a333a226e6577223b7d73797374656d5f76616c75657c733a33323a223161633839616332646338316462656665336131333136633166383630313466223b7365617263685f626f787c4e3b6e616d615f6b656c61737c4e3b69645f7374617475737c4e3b69645f6a75727573616e7c4e3b7469746c657c733a333a22416464223b),
('polrpq2jjchspos6jgsrt1t3no9098gh', '::1', 1568343049, 0x5f5f63695f6c6173745f726567656e65726174657c693a313536383334323736303b73797374656d5f76616c75657c733a33323a223332633238633739373338366264636535343865633139636565386635633435223b7365617263685f626f787c4e3b7469746c657c733a343a2245646974223b5f5f63695f766172737c613a313a7b733a353a227469746c65223b733a333a226e6577223b7d),
('q06356aepml4rcipr9luo1ukpgf3697c', '::1', 1567523349, 0x5f5f63695f6c6173745f726567656e65726174657c693a313536373532333334393b73797374656d5f76616c75657c733a33323a223163363133373138303534396363663837633531303633303637323666396263223b5f5f63695f766172737c613a313a7b733a353a227469746c65223b733a333a226e6577223b7d7365617263685f626f787c4e3b7469746c657c733a333a22416464223b),
('qfabp3frkis158fkal3bvm10a7pmrkkg', '::1', 1568252070, 0x5f5f63695f6c6173745f726567656e65726174657c693a313536383235323037303b73797374656d5f76616c75657c733a33323a223731303833306264363436656337363362373038616436623432643633313962223b7365617263685f626f787c4e3b5f5f63695f766172737c613a313a7b733a353a227469746c65223b733a333a226e6577223b7d7469746c657c733a31393a2242696d62696e67616e204b6f6e73656c696e67223b),
('qjfmfqchgkdegep4s8igri1967sduc2h', '::1', 1568348761, 0x5f5f63695f6c6173745f726567656e65726174657c693a313536383334383638393b73797374656d5f76616c75657c733a33323a223332633238633739373338366264636535343865633139636565386635633435223b6e69737c4e3b6e69736e7c4e3b616e616b5f6b657c4e3b74656c705f72756d61687c4e3b73656b6f6c61685f6173616c7c4e3b74616e6767616c5f6469746572696d617c4e3b64695f6b656c61737c4e3b6e616d615f617961687c4e3b6e616d615f6962757c4e3b616c616d61745f6f72616e675f7475617c4e3b74656c705f6f72616e675f7475617c4e3b70656b65726a61616e5f617961687c4e3b70656b65726a61616e5f6962757c4e3b6e616d615f77616c697c4e3b74656c705f77616c697c4e3b616c616d61745f77616c697c4e3b70656b65726a61616e5f77616c697c4e3b616c616d61745f706573657274615f646964696b7c4e3b7365617263685f626f787c4e3b7469746c657c733a31393a2250616e656c2041646d696e6973747261746f72223b5f5f63695f766172737c613a313a7b733a353a227469746c65223b733a333a226e6577223b7d),
('r1msmh0lq3ciufq3bhjlekjohcoau4mu', '::1', 1567521355, 0x5f5f63695f6c6173745f726567656e65726174657c693a313536373532313335353b73797374656d5f76616c75657c733a33323a223163363133373138303534396363663837633531303633303637323666396263223b5f5f63695f766172737c613a313a7b733a353a227469746c65223b733a333a226e6577223b7d7365617263685f626f787c4e3b7469746c657c733a333a22416464223b),
('rnh9pvvd6mpcjrfqo83hq1cl5rusluat', '::1', 1568345395, 0x5f5f63695f6c6173745f726567656e65726174657c693a313536383334353339353b73797374656d5f76616c75657c733a33323a223332633238633739373338366264636535343865633139636565386635633435223b5f5f63695f766172737c613a313a7b733a353a227469746c65223b733a333a226e6577223b7d7469746c657c733a333a22416464223b7365617263685f626f787c4e3b),
('ro068vlgqapvsoabolmn2ujf3ouio3t7', '::1', 1568345060, 0x5f5f63695f6c6173745f726567656e65726174657c693a313536383334343737313b73797374656d5f76616c75657c733a33323a223332633238633739373338366264636535343865633139636565386635633435223b5f5f63695f766172737c613a323a7b733a353a227469746c65223b733a333a226e6577223b733a31303a227365617263685f626f78223b733a333a226f6c64223b7d7469746c657c733a393a22446174612047757275223b7365617263685f626f787c4e3b),
('sqv41kdrdgh9di2i980q8vu8qit1g5k0', '::1', 1567600312, 0x5f5f63695f6c6173745f726567656e65726174657c693a313536373630303033303b73797374656d5f76616c75657c733a33323a223266363634653837383164386136613366663237633266623036333564303830223b5f5f63695f766172737c613a313a7b733a353a227469746c65223b733a333a226e6577223b7d7469746c657c733a31303a2244617461205369737761223b7365617263685f626f787c4e3b),
('suqttj653929g1le85ba6ledinpv2rlr', '::1', 1568344364, 0x5f5f63695f6c6173745f726567656e65726174657c693a313536383334343036343b73797374656d5f76616c75657c733a33323a223332633238633739373338366264636535343865633139636565386635633435223b7365617263685f626f787c4e3b5f5f63695f766172737c613a353a7b733a31323a227469746c655f6d6f64756c65223b733a333a226f6c64223b733a31313a225f636f6e74726f6c6c6572223b733a333a226f6c64223b733a393a225f66756e6374696f6e223b733a333a226f6c64223b733a353a22706573616e223b733a333a226f6c64223b733a353a227469746c65223b733a333a226e6577223b7d7469746c655f6d6f64756c657c733a31323a2242696f646174612047757275223b5f636f6e74726f6c6c65727c733a31323a2262696f646174615f67757275223b5f66756e6374696f6e7c733a353a22696e646578223b706573616e7c733a3430373a223c64697620636c6173733d22616c65727420616c6572742d73756363657373223e0d0a202020202020202020202020202020202020202020202020202020203c627574746f6e20636c6173733d22636c6f73652220646174612d6469736d6973733d22616c657274223e2674696d65733b3c2f627574746f6e3e0d0a202020202020202020202020202020202020202020202020202020203c7374726f6e673e3c6920636c6173733d2266612066612d636865636b2d7371756172652d6f223e3c2f693e203c623e496e666f726d6173693a203c2f623e3c2f7374726f6e673e0d0a202020202020202020202020202020202020202020202020202020204461746120426572686173696c20646973696d70616e2e3c6120687265663d22687474703a2f2f6c6f63616c686f73743a383038302f736973666f2d73656b6f6c61682f6d6f64756c652f656469742f3130372220636c6173733d22636f6e6669726d2d65646974223e3c753e456469743c2f753e3c2f613e0d0a2020202020202020202020202020202020202020202020203c2f6469763e223b7469746c657c733a363a224d6f64756c65223b),
('tcmgqdokfir912tu4q5li9sjv1vsgrmk', '::1', 1567525624, 0x5f5f63695f6c6173745f726567656e65726174657c693a313536373532353631323b73797374656d5f76616c75657c733a33323a223163363133373138303534396363663837633531303633303637323666396263223b5f5f63695f766172737c613a323a7b733a353a22706573616e223b733a333a226f6c64223b733a353a227469746c65223b733a333a226e6577223b7d7365617263685f626f787c4e3b7469746c655f636f6e74656e747c4e3b636f6e74656e747c4e3b706573616e7c733a3337353a223c64697620636c6173733d22616c65727420616c6572742d64616e676572223e0d0a202020202020202020202020202020202020202020202020202020203c627574746f6e20636c6173733d22636c6f73652220646174612d6469736d6973733d22616c657274223e2674696d65733b3c2f627574746f6e3e0d0a202020202020202020202020202020202020202020202020202020203c7374726f6e673e3c6920636c6173733d22666120223e3c2f693e203c2f7374726f6e673e0d0a202020202020202020202020202020202020202020202020202020203c703e5469746c652077616a69622064696973692e3c2f703e0a3c703e43617465676f72792077616a69622064696973692e3c2f703e0a3c703e5374617475732077616a69622064696973692e3c2f703e0a3c6120687265663d222220636c6173733d22636f6e6669726d2d65646974223e3c753e3c2f753e3c2f613e0d0a2020202020202020202020202020202020202020202020203c2f6469763e223b7469746c657c733a333a22416464223b),
('tvnrtphifbm1sg48ua3alvp6l2lprm3e', '::1', 1567530321, 0x5f5f63695f6c6173745f726567656e65726174657c693a313536373533303036323b7469746c655f636f6e74656e747c4e3b636f6e74656e747c4e3b7365617263685f626f787c4e3b),
('uaa67e1hq0jf78a9lho7ujqck2lovfq5', '::1', 1567003595, 0x5f5f63695f6c6173745f726567656e65726174657c693a313536373030333539353b5f5f63695f766172737c613a313a7b733a353a227469746c65223b733a333a226e6577223b7d73797374656d5f76616c75657c733a33323a223834363337323535663730376633653665636337656138323237653838653230223b7469746c657c733a343a2245646974223b),
('udndcq7287gpq78f255emcptsi9nj5jt', '::1', 1568343363, 0x5f5f63695f6c6173745f726567656e65726174657c693a313536383334333036323b73797374656d5f76616c75657c733a33323a223332633238633739373338366264636535343865633139636565386635633435223b7365617263685f626f787c4e3b7469746c657c733a31343a224d6174612050656c616a6172616e223b5f5f63695f766172737c613a323a7b733a353a227469746c65223b733a333a226f6c64223b733a353a22706573616e223b733a333a226e6577223b7d706573616e7c733a3335313a223c64697620636c6173733d22616c65727420616c6572742d73756363657373223e0d0a202020202020202020202020202020202020202020202020202020203c627574746f6e20636c6173733d22636c6f73652220646174612d6469736d6973733d22616c657274223e2674696d65733b3c2f627574746f6e3e0d0a202020202020202020202020202020202020202020202020202020203c7374726f6e673e3c6920636c6173733d2266612066612d636865636b2d7371756172652d6f223e3c2f693e203c623e496e666f726d6173693a203c2f623e3c2f7374726f6e673e0d0a202020202020202020202020202020202020202020202020202020204461746120426572686173696c20646968617075732e3c6120687265663d222220636c6173733d22636f6e6669726d2d65646974223e3c753e3c2f753e3c2f613e0d0a2020202020202020202020202020202020202020202020203c2f6469763e223b),
('v4nra318j8pm7g6sc31b5mpto0bhal2f', '::1', 1567519943, 0x5f5f63695f6c6173745f726567656e65726174657c693a313536373531393932383b73797374656d5f76616c75657c733a33323a223163363133373138303534396363663837633531303633303637323666396263223b5f5f63695f766172737c613a313a7b733a353a227469746c65223b733a333a226e6577223b7d7469746c657c733a333a22416464223b7365617263685f626f787c4e3b),
('v67pvm0qa5n0ivnbfhf59dc47stp53ah', '::1', 1567561677, 0x5f5f63695f6c6173745f726567656e65726174657c693a313536373536313430323b73797374656d5f76616c75657c733a33323a226531386130386132316234623034306330356264626664646438346632346361223b7469746c657c733a31393a2250616e656c2041646d696e6973747261746f72223b5f5f63695f766172737c613a313a7b733a353a227469746c65223b733a333a226e6577223b7d7365617263685f626f787c4e3b),
('vpailf84e32v5pon49a6viknd6e13364', '::1', 1567006409, 0x5f5f63695f6c6173745f726567656e65726174657c693a313536373030363430393b73797374656d5f76616c75657c733a33323a223834363337323535663730376633653665636337656138323237653838653230223b7365617263685f626f787c4e3b5f5f63695f766172737c613a313a7b733a353a227469746c65223b733a333a226e6577223b7d7469746c657c733a31323a224d6173746572204b656c6173223b),
('vs1r5j8qaj6j4gvtushfhje68v357f5r', '::1', 1568252507, 0x5f5f63695f6c6173745f726567656e65726174657c693a313536383235323530373b73797374656d5f76616c75657c733a33323a223731303833306264363436656337363362373038616436623432643633313962223b7365617263685f626f787c4e3b5f5f63695f766172737c613a313a7b733a353a227469746c65223b733a333a226e6577223b7d7469746c657c733a31393a2242696d62696e67616e204b6f6e73656c696e67223b),
('vteq9462ed88v57akg9f02qan6jn3399', '::1', 1567528669, 0x5f5f63695f6c6173745f726567656e65726174657c693a313536373532383636393b73797374656d5f76616c75657c733a33323a223163363133373138303534396363663837633531303633303637323666396263223b5f5f63695f766172737c613a32323a7b733a333a226e6973223b733a333a226f6c64223b733a343a226e69736e223b733a333a226f6c64223b733a31323a226e616d615f6c656e676b6170223b733a333a226f6c64223b733a31323a2274656d7061745f6c61686972223b733a333a226f6c64223b733a31333a2274616e6767616c5f6c61686972223b733a333a226f6c64223b733a373a22616e616b5f6b65223b733a333a226f6c64223b733a32303a22616c616d61745f706573657274615f646964696b223b733a333a226f6c64223b733a31303a2274656c705f72756d6168223b733a333a226f6c64223b733a31323a2273656b6f6c61685f6173616c223b733a333a226f6c64223b733a31363a2274616e6767616c5f6469746572696d61223b733a333a226f6c64223b733a393a226e616d615f61796168223b733a333a226f6c64223b733a383a226e616d615f696275223b733a333a226f6c64223b733a31363a22616c616d61745f6f72616e675f747561223b733a333a226f6c64223b733a31343a2274656c705f6f72616e675f747561223b733a333a226f6c64223b733a31343a2270656b65726a61616e5f61796168223b733a333a226f6c64223b733a31333a2270656b65726a61616e5f696275223b733a333a226f6c64223b733a393a226e616d615f77616c69223b733a333a226f6c64223b733a393a2274656c705f77616c69223b733a333a226f6c64223b733a31313a22616c616d61745f77616c69223b733a333a226f6c64223b733a31343a2270656b65726a61616e5f77616c69223b733a333a226f6c64223b733a353a22706573616e223b733a333a226f6c64223b733a353a227469746c65223b733a333a226e6577223b7d7365617263685f626f787c4e3b7469746c655f636f6e74656e747c4e3b636f6e74656e747c4e3b6e69737c733a343a2232353739223b6e69736e7c733a333a22313233223b6e616d615f6c656e676b61707c733a31343a224179756e6920204e617969612050223b74656d7061745f6c616869727c733a363a22506164616e67223b74616e6767616c5f6c616869727c733a31303a22323031392d30392d3130223b616e616b5f6b657c733a313a2232223b616c616d61745f706573657274615f646964696b7c733a32373a225254203030332f205257205849492042616c616920476164696e67223b74656c705f72756d61687c733a343a2231323334223b73656b6f6c61685f6173616c7c733a32393a22534d502049736c616d204b686169726120556d6d616820506164616e67223b74616e6767616c5f6469746572696d617c733a31303a22323031392d30392d3131223b6e616d615f617961687c733a31313a2248656c6d692028616c6d29223b6e616d615f6962757c733a363a2259756c697461223b616c616d61745f6f72616e675f7475617c733a363a22706164616e67223b74656c705f6f72616e675f7475617c733a31323a22303832333837303838323630223b70656b65726a61616e5f617961687c733a313a222d223b70656b65726a61616e5f6962757c733a31363a224962752052756d61682054616e676761223b6e616d615f77616c697c733a313a222d223b74656c705f77616c697c733a323a222d2d223b616c616d61745f77616c697c733a333a222d2d2d223b70656b65726a61616e5f77616c697c733a343a222d2d2d2d223b706573616e7c733a3335323a223c64697620636c6173733d22616c65727420616c6572742d73756363657373223e0d0a202020202020202020202020202020202020202020202020202020203c627574746f6e20636c6173733d22636c6f73652220646174612d6469736d6973733d22616c657274223e2674696d65733b3c2f627574746f6e3e0d0a202020202020202020202020202020202020202020202020202020203c7374726f6e673e3c6920636c6173733d2266612066612d636865636b2d7371756172652d6f223e3c2f693e203c623e496e666f726d6173693a203c2f623e3c2f7374726f6e673e0d0a202020202020202020202020202020202020202020202020202020204461746120426572686173696c20646973696d70616e2e3c6120687265663d222220636c6173733d22636f6e6669726d2d65646974223e3c753e3c2f753e3c2f613e0d0a2020202020202020202020202020202020202020202020203c2f6469763e223b7469746c657c733a31303a2244617461205369737761223b);

-- --------------------------------------------------------

--
-- Struktur dari tabel `content`
--

CREATE TABLE IF NOT EXISTS `content` (
`id_content` int(11) NOT NULL,
  `title` text NOT NULL,
  `isi` text NOT NULL,
  `gambar` text NOT NULL,
  `id_category` int(11) NOT NULL,
  `type_data` int(11) NOT NULL,
  `created_date` datetime NOT NULL,
  `created_modified` datetime NOT NULL,
  `created_by` int(11) NOT NULL,
  `hits` int(11) NOT NULL,
  `id_status` int(11) NOT NULL
) ENGINE=InnoDB DEFAULT CHARSET=latin1;

-- --------------------------------------------------------

--
-- Struktur dari tabel `content_statistik`
--

CREATE TABLE IF NOT EXISTS `content_statistik` (
`id_read` int(11) NOT NULL,
  `created_date` date NOT NULL,
  `ip` text NOT NULL,
  `id_content` int(11) NOT NULL,
  `hits` int(11) NOT NULL,
  `from_tabel` text NOT NULL
) ENGINE=MyISAM DEFAULT CHARSET=latin1;

-- --------------------------------------------------------

--
-- Struktur dari tabel `generator_pass`
--

CREATE TABLE IF NOT EXISTS `generator_pass` (
`id` int(11) NOT NULL,
  `id_user` int(11) NOT NULL,
  `value` text NOT NULL,
  `created_date` datetime NOT NULL
) ENGINE=InnoDB AUTO_INCREMENT=4 DEFAULT CHARSET=latin1;

--
-- Dumping data untuk tabel `generator_pass`
--

INSERT INTO `generator_pass` (`id`, `id_user`, `value`, `created_date`) VALUES
(1, 2, 'f497d5f1c2759752e1c28dfc64acb893e7ad5b1ea5df6f9e8dec1e2aa4c8c1e1327b9ed1eec681899d194294e2145ea3d62c353edbdad92cd5109e018d02e823aLdRpLh8EnTDlQvyc+m5wkZ2895yaj8d0toQtqokceM=', '2019-07-15 16:15:45'),
(2, 3, '1eea51936fb61439a044868a7994ccc02a8ccc648b42258739e4fbb992ba02c541191dffa5d11eadac8d223efda0ef1c0739502052dc8cfc258541b463df20cb77IVVY3mG65owfKAvJzsRdf5auPl+D4ljm7A4wfrJw0=', '2019-08-13 22:56:59'),
(3, 4, '125fa6fb79ddcd77ef5bbe99c835b7fa5ef4ae498a81c2ce76697c7ebb06d8a3c4679fb42778996773aa6ab5dd2d475fe3df2a1cb3f9b35cda4557f98dd40bb7QFNqKV2HbiLeSMvlsxLZ3oAfJHtzAbhoXJhf04roaB4=', '2019-09-04 19:25:38');

-- --------------------------------------------------------

--
-- Struktur dari tabel `hubungi_kami`
--

CREATE TABLE IF NOT EXISTS `hubungi_kami` (
  `id_contact` int(11) NOT NULL,
  `title` text NOT NULL,
  `title_footer` text NOT NULL,
  `display_header` text NOT NULL,
  `email` text NOT NULL,
  `alamat` text NOT NULL,
  `telp` text NOT NULL,
  `fax` text NOT NULL,
  `keterangan` text NOT NULL,
  `keyword` text NOT NULL,
  `created_date` datetime NOT NULL,
  `created_by` int(11) NOT NULL
) ENGINE=MyISAM DEFAULT CHARSET=latin1;

--
-- Dumping data untuk tabel `hubungi_kami`
--

INSERT INTO `hubungi_kami` (`id_contact`, `title`, `title_footer`, `display_header`, `email`, `alamat`, `telp`, `fax`, `keterangan`, `keyword`, `created_date`, `created_by`) VALUES
(1, 'PTSP', 'PTSP', 'Administrator', 'PTSP@mail.com', '-', '-', '-', 'PTSP', 'PTSP', '2019-07-12 20:00:20', 1);

-- --------------------------------------------------------

--
-- Struktur dari tabel `info_admin`
--

CREATE TABLE IF NOT EXISTS `info_admin` (
`id` int(11) NOT NULL,
  `title` text NOT NULL,
  `pesan` text NOT NULL,
  `created_date` datetime NOT NULL,
  `no_urut` int(11) NOT NULL,
  `id_status` int(11) NOT NULL
) ENGINE=InnoDB AUTO_INCREMENT=2 DEFAULT CHARSET=latin1;

--
-- Dumping data untuk tabel `info_admin`
--

INSERT INTO `info_admin` (`id`, `title`, `pesan`, `created_date`, `no_urut`, `id_status`) VALUES
(1, 'Layanan', 'TSB Logistik', '2019-10-23 09:41:33', 1, 4);

-- --------------------------------------------------------

--
-- Struktur dari tabel `instansi`
--

CREATE TABLE IF NOT EXISTS `instansi` (
`id_instansi` int(11) NOT NULL,
  `nama_instansi` varchar(255) NOT NULL,
  `parent_id` int(11) NOT NULL,
  `order_no` int(11) NOT NULL
) ENGINE=MyISAM AUTO_INCREMENT=21 DEFAULT CHARSET=latin1;

--
-- Dumping data untuk tabel `instansi`
--

INSERT INTO `instansi` (`id_instansi`, `nama_instansi`, `parent_id`, `order_no`) VALUES
(1, 'Super Admin', 0, 0),
(2, 'TSB Logistik', 0, 2);

-- --------------------------------------------------------

--
-- Struktur dari tabel `master_guru`
--

CREATE TABLE IF NOT EXISTS `master_guru` (
`id` int(11) NOT NULL,
  `nama_lengkap` varchar(255) DEFAULT NULL,
  `gelar_depan` varchar(255) DEFAULT NULL,
  `gelar_belakang` varchar(255) NOT NULL,
  `nip` varchar(255) DEFAULT NULL,
  `tempat_lahir` text NOT NULL,
  `tanggal_lahir` date NOT NULL,
  `jenis_kelamin` varchar(255) DEFAULT NULL,
  `id_agama` int(11) NOT NULL,
  `alamat` text NOT NULL,
  `tanggal_masuk` date DEFAULT NULL,
  `id_jabatan` int(11) DEFAULT NULL,
  `foto` text NOT NULL,
  `created_date` datetime DEFAULT NULL,
  `created_modified` datetime NOT NULL,
  `status_guru` int(11) DEFAULT NULL
) ENGINE=InnoDB AUTO_INCREMENT=2 DEFAULT CHARSET=latin1;

--
-- Dumping data untuk tabel `master_guru`
--

INSERT INTO `master_guru` (`id`, `nama_lengkap`, `gelar_depan`, `gelar_belakang`, `nip`, `tempat_lahir`, `tanggal_lahir`, `jenis_kelamin`, `id_agama`, `alamat`, `tanggal_masuk`, `id_jabatan`, `foto`, `created_date`, `created_modified`, `status_guru`) VALUES
(1, 'Rio Bayu Sentosa', 'Dr.', 'M.Kom', '20134', 'padang', '1992-04-16', '1', 1, 'bahari', '2019-09-13', 1, 'Koala.jpg', '2019-09-13 10:57:06', '2019-09-13 10:57:06', 1);

-- --------------------------------------------------------

--
-- Struktur dari tabel `master_jabatan_guru`
--

CREATE TABLE IF NOT EXISTS `master_jabatan_guru` (
  `id` int(11) NOT NULL,
  `nama_jabatan` varchar(255) DEFAULT NULL,
  `created_at` datetime DEFAULT NULL
) ENGINE=InnoDB DEFAULT CHARSET=latin1;

--
-- Dumping data untuk tabel `master_jabatan_guru`
--

INSERT INTO `master_jabatan_guru` (`id`, `nama_jabatan`, `created_at`) VALUES
(1, 'Staf Guru Pengajar', '2019-09-13 00:00:00');

-- --------------------------------------------------------

--
-- Struktur dari tabel `master_jurusan`
--

CREATE TABLE IF NOT EXISTS `master_jurusan` (
`id` int(11) NOT NULL,
  `nama_jurusan` varchar(255) DEFAULT NULL,
  `created_at` datetime DEFAULT NULL
) ENGINE=InnoDB AUTO_INCREMENT=3 DEFAULT CHARSET=latin1;

--
-- Dumping data untuk tabel `master_jurusan`
--

INSERT INTO `master_jurusan` (`id`, `nama_jurusan`, `created_at`) VALUES
(1, 'IPA', '2019-08-28 00:00:00'),
(2, 'IPS', '2019-08-28 00:00:00');

-- --------------------------------------------------------

--
-- Struktur dari tabel `master_kelas`
--

CREATE TABLE IF NOT EXISTS `master_kelas` (
`id_kelas` int(11) NOT NULL,
  `nama_kelas` varchar(255) NOT NULL,
  `status` int(11) NOT NULL,
  `id_jurusan` int(11) DEFAULT NULL,
  `created_at` datetime DEFAULT NULL
) ENGINE=InnoDB AUTO_INCREMENT=4 DEFAULT CHARSET=latin1;

--
-- Dumping data untuk tabel `master_kelas`
--

INSERT INTO `master_kelas` (`id_kelas`, `nama_kelas`, `status`, `id_jurusan`, `created_at`) VALUES
(1, 'X IPA 1', 1, 1, '2019-08-28 22:31:31'),
(3, 'X IPS 1', 1, 2, '2019-08-28 22:50:51');

-- --------------------------------------------------------

--
-- Struktur dari tabel `master_kelompok_mapel`
--

CREATE TABLE IF NOT EXISTS `master_kelompok_mapel` (
`id` int(11) NOT NULL,
  `nama_kelompok` varchar(255) DEFAULT NULL,
  `created_at` datetime DEFAULT NULL
) ENGINE=InnoDB AUTO_INCREMENT=3 DEFAULT CHARSET=latin1;

--
-- Dumping data untuk tabel `master_kelompok_mapel`
--

INSERT INTO `master_kelompok_mapel` (`id`, `nama_kelompok`, `created_at`) VALUES
(1, 'Kelompok Wajib', '2019-08-23 09:49:34'),
(2, 'Kelompok Peminatan', '2019-08-23 09:49:50');

-- --------------------------------------------------------

--
-- Struktur dari tabel `master_kurikulum`
--

CREATE TABLE IF NOT EXISTS `master_kurikulum` (
`id` int(11) NOT NULL,
  `nama_kurikulum` varchar(255) DEFAULT NULL,
  `created_at` datetime DEFAULT NULL
) ENGINE=InnoDB DEFAULT CHARSET=latin1;

-- --------------------------------------------------------

--
-- Struktur dari tabel `master_mata_pelajaran`
--

CREATE TABLE IF NOT EXISTS `master_mata_pelajaran` (
`id_mata_pelajaran` int(11) NOT NULL,
  `nama_mapel` varchar(255) NOT NULL,
  `kode_mapel` varchar(255) DEFAULT NULL,
  `kelompok_mapel` int(255) DEFAULT NULL,
  `id_peminatan` int(255) DEFAULT NULL,
  `created_at` datetime NOT NULL,
  `last_update` datetime NOT NULL
) ENGINE=InnoDB AUTO_INCREMENT=7 DEFAULT CHARSET=latin1;

--
-- Dumping data untuk tabel `master_mata_pelajaran`
--

INSERT INTO `master_mata_pelajaran` (`id_mata_pelajaran`, `nama_mapel`, `kode_mapel`, `kelompok_mapel`, `id_peminatan`, `created_at`, `last_update`) VALUES
(5, 'Fiqih', 'FQ', 1, 4, '2019-08-23 09:50:41', '2019-08-28 21:49:51'),
(6, 'Qur''an Hadist', 'QH', 1, 3, '2019-09-13 09:56:31', '2019-09-13 09:56:31');

-- --------------------------------------------------------

--
-- Struktur dari tabel `master_orangtua`
--

CREATE TABLE IF NOT EXISTS `master_orangtua` (
`id` int(11) NOT NULL,
  `id_siswa` int(255) DEFAULT NULL,
  `nama_ayah` varchar(255) DEFAULT NULL,
  `nama_ibu` varchar(255) DEFAULT NULL,
  `alamat` text,
  `no_telepon` varchar(255) DEFAULT NULL,
  `pekerjaan_ayah` varchar(255) DEFAULT NULL,
  `pekerjaan_ibu` varchar(255) DEFAULT NULL
) ENGINE=InnoDB AUTO_INCREMENT=2 DEFAULT CHARSET=latin1;

--
-- Dumping data untuk tabel `master_orangtua`
--

INSERT INTO `master_orangtua` (`id`, `id_siswa`, `nama_ayah`, `nama_ibu`, `alamat`, `no_telepon`, `pekerjaan_ayah`, `pekerjaan_ibu`) VALUES
(1, 1, 'Herinal', 'Zulmaini', 'Jln. Sudirman', '081371896365', 'swasta', 'ibu rumah tangga');

-- --------------------------------------------------------

--
-- Struktur dari tabel `master_peminatan_mapel`
--

CREATE TABLE IF NOT EXISTS `master_peminatan_mapel` (
`id` int(11) NOT NULL,
  `nama_peminatan` varchar(255) DEFAULT NULL,
  `created_at` datetime DEFAULT NULL
) ENGINE=InnoDB AUTO_INCREMENT=5 DEFAULT CHARSET=latin1;

--
-- Dumping data untuk tabel `master_peminatan_mapel`
--

INSERT INTO `master_peminatan_mapel` (`id`, `nama_peminatan`, `created_at`) VALUES
(1, 'Peminatan Matematika dan IPA', '2019-08-23 09:46:32'),
(2, 'Peminatan Sosial', '2019-08-23 09:46:49'),
(3, 'Peminatan Bahasa', '2019-08-23 09:47:05'),
(4, 'Peminatan Keagamaan', '2019-08-23 09:47:26');

-- --------------------------------------------------------

--
-- Struktur dari tabel `master_siswa`
--

CREATE TABLE IF NOT EXISTS `master_siswa` (
`id` int(11) NOT NULL,
  `nama_lengkap` varchar(255) DEFAULT NULL,
  `nis` varchar(255) DEFAULT NULL,
  `nisn` varchar(255) DEFAULT NULL,
  `tempat_lahir` varchar(255) DEFAULT NULL,
  `tanggal_lahir` date DEFAULT NULL,
  `jenis_kelamin` varchar(255) DEFAULT NULL,
  `agama` varchar(255) DEFAULT NULL,
  `status_dalam_keluarga` varchar(255) DEFAULT NULL,
  `anak_ke` int(255) DEFAULT NULL,
  `alamat` text,
  `no_telepon` varchar(255) DEFAULT NULL,
  `asal_sekolah` varchar(255) DEFAULT NULL,
  `kelas_diterima` varchar(255) DEFAULT NULL,
  `tanggal_diterima` date DEFAULT NULL,
  `foto` text NOT NULL,
  `created_date` datetime NOT NULL,
  `created_modified` datetime NOT NULL,
  `id_status_peserta_didik` int(11) NOT NULL
) ENGINE=InnoDB AUTO_INCREMENT=2 DEFAULT CHARSET=latin1;

--
-- Dumping data untuk tabel `master_siswa`
--

INSERT INTO `master_siswa` (`id`, `nama_lengkap`, `nis`, `nisn`, `tempat_lahir`, `tanggal_lahir`, `jenis_kelamin`, `agama`, `status_dalam_keluarga`, `anak_ke`, `alamat`, `no_telepon`, `asal_sekolah`, `kelas_diterima`, `tanggal_diterima`, `foto`, `created_date`, `created_modified`, `id_status_peserta_didik`) VALUES
(1, 'Rio Bayu Sentosa', '10101152610688', '20178', 'Padang', '1992-04-16', '1', '1', '1', 1, 'Jalan Bahari', '20713', 'SMP N 1 Bangkinang', 'X', '2019-09-02', 'Hydrangeas.jpg', '2019-09-13 09:57:55', '2019-09-13 09:57:55', 1);

-- --------------------------------------------------------

--
-- Struktur dari tabel `master_status_kelas`
--

CREATE TABLE IF NOT EXISTS `master_status_kelas` (
`id_status` int(11) NOT NULL,
  `nama_status` varchar(30) NOT NULL
) ENGINE=InnoDB AUTO_INCREMENT=3 DEFAULT CHARSET=latin1;

--
-- Dumping data untuk tabel `master_status_kelas`
--

INSERT INTO `master_status_kelas` (`id_status`, `nama_status`) VALUES
(1, 'Aktif'),
(2, 'Non Aktif');

-- --------------------------------------------------------

--
-- Struktur dari tabel `master_tahun_ajaran`
--

CREATE TABLE IF NOT EXISTS `master_tahun_ajaran` (
`id_tahun_ajaran` int(11) NOT NULL,
  `title_tahun_ajaran` varchar(30) NOT NULL,
  `status` int(11) NOT NULL,
  `created_at` datetime NOT NULL
) ENGINE=InnoDB DEFAULT CHARSET=latin1;

-- --------------------------------------------------------

--
-- Struktur dari tabel `master_tahun_pelajaran`
--

CREATE TABLE IF NOT EXISTS `master_tahun_pelajaran` (
`id` int(11) NOT NULL,
  `nama_tahu_pelajaran` varchar(255) DEFAULT NULL,
  `range_tahun` text,
  `created_at` datetime DEFAULT NULL
) ENGINE=InnoDB DEFAULT CHARSET=latin1;

-- --------------------------------------------------------

--
-- Struktur dari tabel `master_wali`
--

CREATE TABLE IF NOT EXISTS `master_wali` (
`id` int(11) NOT NULL,
  `id_siswa` int(255) DEFAULT NULL,
  `nama_wali` varchar(255) DEFAULT NULL,
  `no_telepon` varchar(255) DEFAULT NULL,
  `alamat` text,
  `pekerjaan` varchar(255) DEFAULT NULL
) ENGINE=InnoDB AUTO_INCREMENT=2 DEFAULT CHARSET=latin1;

--
-- Dumping data untuk tabel `master_wali`
--

INSERT INTO `master_wali` (`id`, `id_siswa`, `nama_wali`, `no_telepon`, `alamat`, `pekerjaan`) VALUES
(1, 1, 'Zuniar', '08117415164', 'Jln. Bahari no. 38', 'swasta');

-- --------------------------------------------------------

--
-- Struktur dari tabel `mobil`
--

CREATE TABLE IF NOT EXISTS `mobil` (
`id_mobil` int(11) NOT NULL,
  `nomor_plat` varchar(30) NOT NULL,
  `merk_mobil` varchar(50) NOT NULL,
  `tahun_mobil` year(4) NOT NULL,
  `tahun_beli` year(4) NOT NULL,
  `created_date` date NOT NULL
) ENGINE=InnoDB AUTO_INCREMENT=2 DEFAULT CHARSET=latin1;

--
-- Dumping data untuk tabel `mobil`
--

INSERT INTO `mobil` (`id_mobil`, `nomor_plat`, `merk_mobil`, `tahun_mobil`, `tahun_beli`, `created_date`) VALUES
(1, 'BA 1234 HV', 'Mitsubishi Colt Diesel D', 2014, 2017, '2019-07-17');

-- --------------------------------------------------------

--
-- Struktur dari tabel `orang_tua`
--

CREATE TABLE IF NOT EXISTS `orang_tua` (
`id` int(11) NOT NULL,
  `id_siswa` int(11) NOT NULL,
  `nama_ayah` varchar(50) NOT NULL,
  `nama_ibu` varchar(50) NOT NULL,
  `alamat` text NOT NULL,
  `no_telepon` text NOT NULL,
  `pekerjaan_ayah` varchar(255) NOT NULL,
  `pekerjaan_ibu` varchar(255) NOT NULL
) ENGINE=InnoDB DEFAULT CHARSET=latin1;

-- --------------------------------------------------------

--
-- Struktur dari tabel `riwayat_jabatan`
--

CREATE TABLE IF NOT EXISTS `riwayat_jabatan` (
  `id` int(11) NOT NULL,
  `id_guru` int(255) DEFAULT NULL,
  `id_jabatan` int(255) DEFAULT NULL,
  `tahun_pelajaran` int(255) DEFAULT NULL,
  `created_at` datetime DEFAULT NULL
) ENGINE=InnoDB DEFAULT CHARSET=latin1;

-- --------------------------------------------------------

--
-- Struktur dari tabel `riwayat_kelas`
--

CREATE TABLE IF NOT EXISTS `riwayat_kelas` (
  `id` int(11) NOT NULL,
  `id_siswa` int(11) DEFAULT NULL,
  `id_kelas` int(11) DEFAULT NULL,
  `id_tahun_pelajaran` int(255) DEFAULT NULL
) ENGINE=InnoDB DEFAULT CHARSET=latin1;

-- --------------------------------------------------------

--
-- Struktur dari tabel `siswa`
--

CREATE TABLE IF NOT EXISTS `siswa` (
`id` int(11) NOT NULL,
  `nama_lengkap` varchar(50) NOT NULL,
  `nis` text NOT NULL,
  `nisn` text NOT NULL,
  `tempat_lahir` varchar(50) NOT NULL,
  `tanggal_lahir` date NOT NULL,
  `jenis_kelamin` varchar(5) NOT NULL,
  `agama` varchar(30) NOT NULL,
  `status_dalam_keluarga` varchar(30) NOT NULL,
  `anak_ke` int(11) NOT NULL,
  `alamat` text NOT NULL,
  `no_telepon` text NOT NULL,
  `asal_sekolah` varchar(255) NOT NULL,
  `kelas_diterima` varchar(50) NOT NULL,
  `tanggal_diterima` date NOT NULL,
  `status_siswa` int(11) NOT NULL,
  `created_at` datetime NOT NULL
) ENGINE=InnoDB DEFAULT CHARSET=latin1;

-- --------------------------------------------------------

--
-- Struktur dari tabel `status_guru`
--

CREATE TABLE IF NOT EXISTS `status_guru` (
`id` int(11) NOT NULL,
  `status_guru` varchar(255) DEFAULT NULL,
  `created_at` datetime DEFAULT NULL
) ENGINE=InnoDB AUTO_INCREMENT=4 DEFAULT CHARSET=latin1;

--
-- Dumping data untuk tabel `status_guru`
--

INSERT INTO `status_guru` (`id`, `status_guru`, `created_at`) VALUES
(1, 'Aktif', '2019-09-13 00:00:00'),
(2, 'Pindah', '2019-09-13 00:00:00'),
(3, 'Pensiun', '2019-09-13 00:00:00');

-- --------------------------------------------------------

--
-- Struktur dari tabel `supir`
--

CREATE TABLE IF NOT EXISTS `supir` (
`id_supir` int(11) NOT NULL,
  `nama_supir` varchar(30) NOT NULL,
  `tanggal_bergabung` date NOT NULL,
  `no_hp` varchar(30) NOT NULL,
  `created_date` date DEFAULT NULL
) ENGINE=InnoDB AUTO_INCREMENT=4 DEFAULT CHARSET=latin1;

--
-- Dumping data untuk tabel `supir`
--

INSERT INTO `supir` (`id_supir`, `nama_supir`, `tanggal_bergabung`, `no_hp`, `created_date`) VALUES
(1, 'Agung Surya', '2019-07-16', '0812765435243', '2019-07-16'),
(3, 'Dhany Dwi Putra', '2019-07-15', '0812765467263', '2019-07-16');

-- --------------------------------------------------------

--
-- Stand-in structure for view `view_recent_content`
--
CREATE TABLE IF NOT EXISTS `view_recent_content` (
`id_content` int(11)
,`title` text
,`isi` text
,`gambar` text
,`id_category` int(11)
,`created_date` datetime
,`created_modified` datetime
,`created_by` int(11)
,`hits` int(11)
,`id_status` int(11)
,`nm_status` varchar(20)
,`title_category` text
,`full_name` text
);
-- --------------------------------------------------------

--
-- Struktur dari tabel `visitor`
--

CREATE TABLE IF NOT EXISTS `visitor` (
`id_visitor` int(11) NOT NULL,
  `created_date` date NOT NULL,
  `browser` text NOT NULL,
  `ip` text NOT NULL,
  `online` varchar(255) NOT NULL,
  `hits` int(11) NOT NULL,
  `url` text NOT NULL
) ENGINE=MyISAM AUTO_INCREMENT=24 DEFAULT CHARSET=latin1;

--
-- Dumping data untuk tabel `visitor`
--

INSERT INTO `visitor` (`id_visitor`, `created_date`, `browser`, `ip`, `online`, `hits`, `url`) VALUES
(1, '2019-07-13', 'Mozilla/5.0 (Windows NT 6.3; Win64; x64; rv:67.0) Gecko/20100101 Firefox/67.0', '::1', '1563037711', 2, ''),
(2, '2019-07-15', 'Mozilla/5.0 (Windows NT 6.1; Win64; x64; rv:68.0) Gecko/20100101 Firefox/68.0', '::1', '1563182175', 14, ''),
(3, '2019-07-15', 'Mozilla/5.0 (Macintosh; Intel Mac OS X 10_14_1) AppleWebKit/537.36 (KHTML, like Gecko) Chrome/75.0.3770.100 Safari/537.36', '::1', '1563198142', 7, ''),
(4, '2019-07-16', 'Mozilla/5.0 (Macintosh; Intel Mac OS X 10_14_1) AppleWebKit/537.36 (KHTML, like Gecko) Chrome/75.0.3770.100 Safari/537.36', '::1', '1563266227', 2, ''),
(5, '2019-07-16', 'Mozilla/5.0 (Macintosh; Intel Mac OS X 10_14_1) AppleWebKit/537.36 (KHTML, like Gecko) Chrome/75.0.3770.142 Safari/537.36', '::1', '1563281359', 3, ''),
(6, '2019-07-17', 'Mozilla/5.0 (Macintosh; Intel Mac OS X 10_14_1) AppleWebKit/605.1.15 (KHTML, like Gecko) Version/12.0.1 Safari/605.1.15', '::1', '1563326148', 2, ''),
(7, '2019-07-17', 'Mozilla/5.0 (Macintosh; Intel Mac OS X 10_14_1) AppleWebKit/537.36 (KHTML, like Gecko) Chrome/75.0.3770.142 Safari/537.36', '::1', '1563350278', 4, ''),
(8, '2019-08-06', 'Mozilla/5.0 (Macintosh; Intel Mac OS X 10_14_1) AppleWebKit/537.36 (KHTML, like Gecko) Chrome/75.0.3770.142 Safari/537.36', '::1', '1565065832', 2, ''),
(9, '2019-08-12', 'Mozilla/5.0 (Macintosh; Intel Mac OS X 10_14_1) AppleWebKit/537.36 (KHTML, like Gecko) Chrome/76.0.3809.100 Safari/537.36', '::1', '1565608886', 3, ''),
(10, '2019-08-13', 'Mozilla/5.0 (Macintosh; Intel Mac OS X 10_14_1) AppleWebKit/537.36 (KHTML, like Gecko) Chrome/76.0.3809.100 Safari/537.36', '::1', '1565711821', 87, ''),
(11, '2019-08-14', 'Mozilla/5.0 (Macintosh; Intel Mac OS X 10_14_1) AppleWebKit/537.36 (KHTML, like Gecko) Chrome/76.0.3809.100 Safari/537.36', '::1', '1565801409', 4, ''),
(12, '2019-08-15', 'Mozilla/5.0 (Macintosh; Intel Mac OS X 10_14_1) AppleWebKit/537.36 (KHTML, like Gecko) Chrome/76.0.3809.100 Safari/537.36', '::1', '1565834602', 3, ''),
(13, '2019-08-23', 'Mozilla/5.0 (Macintosh; Intel Mac OS X 10_14_1) AppleWebKit/537.36 (KHTML, like Gecko) Chrome/76.0.3809.100 Safari/537.36', '::1', '1566528002', 2, ''),
(14, '2019-08-24', 'Mozilla/5.0 (Macintosh; Intel Mac OS X 10_14_1) AppleWebKit/537.36 (KHTML, like Gecko) Chrome/76.0.3809.100 Safari/537.36', '::1', '1566623806', 2, ''),
(15, '2019-08-26', 'Mozilla/5.0 (Macintosh; Intel Mac OS X 10_14_1) AppleWebKit/537.36 (KHTML, like Gecko) Chrome/76.0.3809.100 Safari/537.36', '::1', '1566827535', 2, ''),
(16, '2019-08-27', 'Mozilla/5.0 (Macintosh; Intel Mac OS X 10_14_1) AppleWebKit/537.36 (KHTML, like Gecko) Chrome/76.0.3809.100 Safari/537.36', '::1', '1566899920', 5, ''),
(17, '2019-08-28', 'Mozilla/5.0 (Macintosh; Intel Mac OS X 10_14_1) AppleWebKit/537.36 (KHTML, like Gecko) Chrome/76.0.3809.100 Safari/537.36', '::1', '1567006450', 3, ''),
(18, '2019-09-03', 'Mozilla/5.0 (Macintosh; Intel Mac OS X 10_14_1) AppleWebKit/537.36 (KHTML, like Gecko) Chrome/76.0.3809.132 Safari/537.36', '::1', '1567510827', 12, ''),
(19, '2019-09-03', 'Mozilla/5.0 (Windows NT 10.0; Win64; x64) AppleWebKit/537.36 (KHTML, like Gecko) Chrome/76.0.3809.87 Safari/537.36', '::1', '1567530321', 4, ''),
(20, '2019-09-04', 'Mozilla/5.0 (Windows NT 10.0; Win64; x64) AppleWebKit/537.36 (KHTML, like Gecko) Chrome/76.0.3809.87 Safari/537.36', '::1', '1567561411', 2, ''),
(21, '2019-09-04', 'Mozilla/5.0 (Macintosh; Intel Mac OS X 10_14_1) AppleWebKit/537.36 (KHTML, like Gecko) Chrome/76.0.3809.132 Safari/537.36', '::1', '1567600030', 13, ''),
(22, '2019-09-12', 'Mozilla/5.0 (Macintosh; Intel Mac OS X 10_14_1) AppleWebKit/537.36 (KHTML, like Gecko) Chrome/76.0.3809.132 Safari/537.36', '::1', '1568295796', 13, ''),
(23, '2019-09-13', 'Mozilla/5.0 (Windows NT 6.1; Win64; x64; rv:69.0) Gecko/20100101 Firefox/69.0', '::1', '1568348701', 9, '');

-- --------------------------------------------------------

--
-- Struktur dari tabel `wali_murid`
--

CREATE TABLE IF NOT EXISTS `wali_murid` (
`id` int(11) NOT NULL,
  `id_siswa` int(11) NOT NULL,
  `no_telepon` text NOT NULL,
  `alamat` text NOT NULL,
  `pekerjaan` varchar(255) NOT NULL
) ENGINE=InnoDB DEFAULT CHARSET=latin1;

-- --------------------------------------------------------

--
-- Struktur dari tabel `_account_reset`
--

CREATE TABLE IF NOT EXISTS `_account_reset` (
`id_reset` int(11) NOT NULL,
  `token` varchar(255) NOT NULL,
  `id_user` int(10) NOT NULL,
  `email` varchar(99) NOT NULL,
  `created_date` datetime NOT NULL,
  `id_status` int(11) NOT NULL
) ENGINE=InnoDB DEFAULT CHARSET=latin1;

-- --------------------------------------------------------

--
-- Struktur dari tabel `_agama`
--

CREATE TABLE IF NOT EXISTS `_agama` (
  `kd_agama` int(11) NOT NULL,
  `agama` text NOT NULL
) ENGINE=InnoDB DEFAULT CHARSET=latin1;

--
-- Dumping data untuk tabel `_agama`
--

INSERT INTO `_agama` (`kd_agama`, `agama`) VALUES
(1, 'Islam'),
(2, 'Kristen');

-- --------------------------------------------------------

--
-- Struktur dari tabel `_display`
--

CREATE TABLE IF NOT EXISTS `_display` (
  `id` int(1) NOT NULL,
  `title` varchar(255) NOT NULL
) ENGINE=InnoDB DEFAULT CHARSET=latin1;

--
-- Dumping data untuk tabel `_display`
--

INSERT INTO `_display` (`id`, `title`) VALUES
(1, 'Yes'),
(2, 'No');

-- --------------------------------------------------------

--
-- Struktur dari tabel `_gender`
--

CREATE TABLE IF NOT EXISTS `_gender` (
  `id_gender` int(11) NOT NULL,
  `kd_gender` char(1) NOT NULL,
  `jenis_kelamin` text NOT NULL
) ENGINE=InnoDB DEFAULT CHARSET=latin1;

--
-- Dumping data untuk tabel `_gender`
--

INSERT INTO `_gender` (`id_gender`, `kd_gender`, `jenis_kelamin`) VALUES
(1, 'L', 'Laki-Laki'),
(2, 'P', 'Perempuan');

-- --------------------------------------------------------

--
-- Struktur dari tabel `_group`
--

CREATE TABLE IF NOT EXISTS `_group` (
  `id_group` int(11) NOT NULL,
  `nm_group` varchar(20) NOT NULL,
  `id_status` int(11) NOT NULL,
  `id_user` int(11) NOT NULL
) ENGINE=MyISAM DEFAULT CHARSET=latin1;

--
-- Dumping data untuk tabel `_group`
--

INSERT INTO `_group` (`id_group`, `nm_group`, `id_status`, `id_user`) VALUES
(1, 'Super Admin', 1, 1),
(2, 'Admin', 1, 1),
(3, 'Siswa', 1, 3),
(4, 'Walimurid', 1, 3),
(5, 'Guru', 1, 3),
(6, 'Guru BK', 1, 3),
(7, 'Tim Kurikulum', 1, 3),
(8, 'Kepala Sekolah', 1, 3);

-- --------------------------------------------------------

--
-- Struktur dari tabel `_lock`
--

CREATE TABLE IF NOT EXISTS `_lock` (
`id` int(11) NOT NULL,
  `id_user` int(11) NOT NULL,
  `created_date` datetime NOT NULL,
  `ip` text NOT NULL,
  `browser` text NOT NULL
) ENGINE=InnoDB DEFAULT CHARSET=latin1;

-- --------------------------------------------------------

--
-- Struktur dari tabel `_log_keyword`
--

CREATE TABLE IF NOT EXISTS `_log_keyword` (
`id_log` int(11) NOT NULL,
  `keyword` text NOT NULL,
  `created_date` datetime NOT NULL,
  `created_date_object` date NOT NULL,
  `ip` text NOT NULL,
  `browser` text NOT NULL,
  `hits` int(11) NOT NULL
) ENGINE=MyISAM DEFAULT CHARSET=latin1;

-- --------------------------------------------------------

--
-- Struktur dari tabel `_maintenance`
--

CREATE TABLE IF NOT EXISTS `_maintenance` (
`id` int(11) NOT NULL,
  `title` text NOT NULL,
  `setting` text NOT NULL,
  `id_status` enum('online','offline') NOT NULL,
  `wrong_password` int(11) NOT NULL
) ENGINE=InnoDB AUTO_INCREMENT=2 DEFAULT CHARSET=latin1;

--
-- Dumping data untuk tabel `_maintenance`
--

INSERT INTO `_maintenance` (`id`, `title`, `setting`, `id_status`, `wrong_password`) VALUES
(1, 'Halaman Publik', '1,2,3,4,5,6,7,8,9', 'online', 10);

-- --------------------------------------------------------

--
-- Struktur dari tabel `_menu`
--

CREATE TABLE IF NOT EXISTS `_menu` (
  `id_menu` int(11) NOT NULL,
  `parent_id` int(11) NOT NULL,
  `menu_name` varchar(255) NOT NULL,
  `link` varchar(255) NOT NULL,
  `icon_menu` varchar(255) NOT NULL,
  `type_menu` int(255) NOT NULL,
  `_target` int(11) NOT NULL,
  `order_no` int(11) NOT NULL,
  `position` int(11) NOT NULL,
  `id_status` int(11) NOT NULL,
  `id_user` int(11) NOT NULL
) ENGINE=MyISAM DEFAULT CHARSET=latin1;

--
-- Dumping data untuk tabel `_menu`
--

INSERT INTO `_menu` (`id_menu`, `parent_id`, `menu_name`, `link`, `icon_menu`, `type_menu`, `_target`, `order_no`, `position`, `id_status`, `id_user`) VALUES
(1, 0, 'Beranda', 'home', 'fa-home', 1, 1, 1, 1, 1, 1);

-- --------------------------------------------------------

--
-- Struktur dari tabel `_menu_admin`
--

CREATE TABLE IF NOT EXISTS `_menu_admin` (
  `id_menu` int(11) NOT NULL,
  `parent_id` int(11) NOT NULL,
  `menu_name` varchar(255) NOT NULL,
  `link` varchar(255) NOT NULL,
  `icon_menu` varchar(255) NOT NULL,
  `type_menu` int(11) NOT NULL,
  `_target` int(255) NOT NULL,
  `order_no` int(11) NOT NULL,
  `id_group` varchar(255) NOT NULL,
  `display` int(11) NOT NULL,
  `position` int(11) NOT NULL,
  `id_status` int(11) NOT NULL,
  `id_user` int(11) NOT NULL
) ENGINE=MyISAM DEFAULT CHARSET=latin1;

--
-- Dumping data untuk tabel `_menu_admin`
--

INSERT INTO `_menu_admin` (`id_menu`, `parent_id`, `menu_name`, `link`, `icon_menu`, `type_menu`, `_target`, `order_no`, `id_group`, `display`, `position`, `id_status`, `id_user`) VALUES
(1, 0, 'Administrator', 'administrator', 'fa-bars', 1, 1, 1, '1,2,6', 2, 1, 1, 3),
(2, 0, 'Konfigurasi', '#', 'fa-cogs', 1, 1, 2, '1', 2, 1, 1, 1),
(3, 2, 'Modul Publik', 'privilege', 'fa-server', 1, 1, 2, '1', 2, 1, 1, 1),
(4, 2, 'Modul Admin', 'module', 'fa-lock', 1, 1, 3, '1', 2, 1, 1, 1),
(6, 2, 'Group', 'group', 'fa-users', 1, 1, 1, '1', 2, 1, 1, 1),
(7, 0, 'Menu Admin', '#', 'fa-th-large', 1, 1, 3, '1', 2, 1, 1, 1),
(8, 7, 'Main Menu', 'main-menu-admin', 'fa-align-left', 1, 1, 2, '1', 2, 1, 1, 1),
(9, 7, 'Top Bar', '#', 'fa-align-justify', 1, 1, 1, '1', 2, 1, 2, 1),
(10, 0, 'Menu Publik', '#', 'fa-th-large', 1, 1, 4, '1', 2, 1, 2, 1),
(11, 10, 'Main Menu', 'main-menu', 'fa-align-left', 1, 1, 2, '1', 2, 1, 1, 1),
(12, 10, 'Top Bar', '#', 'fa-align-justify', 1, 1, 1, '1', 2, 1, 2, 1),
(13, 0, 'Management User', '#', 'fa-user', 1, 1, 5, '1', 2, 1, 1, 1),
(14, 13, 'Bagian', 'instansi', 'fa-university', 1, 1, 1, '1', 2, 1, 1, 1),
(15, 13, 'User', 'user', 'fa-users', 1, 1, 2, '1', 2, 1, 1, 1),
(16, 2, 'CI Sessions', 'session-site', 'fa-archive', 1, 1, 5, '1', 2, 1, 1, 1),
(17, 0, 'Logout', 'administrator/logout', 'fa-lock', 1, 1, 9999, '1,2,3', 1, 1, 1, 1),
(22, 0, 'Tutorial', '#', 'fa-book', 1, 1, 8, '1', 2, 1, 1, 1),
(23, 22, 'Tag Kategori', 'category', 'fa-tag', 1, 1, 21, '1', 2, 1, 1, 1),
(24, 22, 'Content', 'content', 'fa-pencil', 1, 1, 22, '1', 2, 1, 1, 1),
(25, 0, 'Media Manager', 'media-manager', 'fa-box', 1, 2, 9, '1', 1, 1, 1, 1),
(37, 13, 'Block', 'user-block', 'fa-users', 1, 1, 3, '1', 2, 1, 1, 1),
(38, 0, 'Master Data', '#', 'fa-database', 1, 1, 9, '1,2,6', 2, 1, 1, 1),
(43, 38, 'Master Kelas', 'master-kelas', 'fa-th-large', 1, 1, 2, '1,2,6,7,8', 2, 1, 1, 1),
(42, 38, 'Mata Pelajaran', 'mata-pelajaran', 'fa-book', 1, 1, 3, '1,2,6,7', 2, 1, 1, 1),
(44, 0, 'Siswa', '#', 'fa-users', 1, 1, 10, '1,2,6,7,8', 2, 1, 1, 1),
(45, 44, 'Biodata', 'biodata-siswa', 'fa-info', 1, 1, 1, '1,2,6,7,8', 2, 1, 1, 1),
(46, 0, 'Layanan Terpadu', '#', 'fa-cog', 1, 1, 11, '1,2,3,4,5,6,7,8', 2, 1, 1, 1),
(47, 46, 'Bimbingan Konseling', 'bimbingan-konseling', 'fa-hand-holding-heart', 1, 1, 1, '1,2,6', 2, 1, 1, 1),
(48, 0, 'Guru', '#', 'fa-address-card', 1, 1, 12, '1,2,6', 2, 1, 1, 1),
(49, 48, 'Biodata', 'biodata-guru', 'fa-info', 1, 1, 1, '1,2,6', 2, 1, 1, 1),
(50, 46, 'Legalisir Ijazah', '#', 'fa-gavel', 1, 1, 2, '1,2,6', 2, 1, 1, 1);

-- --------------------------------------------------------

--
-- Struktur dari tabel `_module`
--

CREATE TABLE IF NOT EXISTS `_module` (
  `id_module` int(11) NOT NULL,
  `parent_id` int(11) NOT NULL,
  `module_name` varchar(255) NOT NULL,
  `_controller` varchar(255) NOT NULL,
  `_function` varchar(255) NOT NULL,
  `id_group` varchar(11) NOT NULL,
  `order_no` int(11) NOT NULL,
  `id_status` int(11) NOT NULL,
  `id_user` int(11) NOT NULL
) ENGINE=MyISAM DEFAULT CHARSET=latin1;

--
-- Dumping data untuk tabel `_module`
--

INSERT INTO `_module` (`id_module`, `parent_id`, `module_name`, `_controller`, `_function`, `id_group`, `order_no`, `id_status`, `id_user`) VALUES
(1, 0, 'Dashboard', 'administrator', 'index', '1,2,3,6,7', 1, 1, 3),
(2, 1, 'Logout', 'administrator', 'logout', '1,2,3', 2, 1, 1),
(3, 1, 'Change Password', 'administrator', 'change_password', '1,2,3', 3, 1, 1),
(4, 1, 'Change Password Save', 'administrator', 'save_password', '1,2,3', 4, 1, 1),
(5, 1, 'Edit Profile', 'administrator', 'edit_profile', '1,2,3', 5, 1, 1),
(6, 1, 'Update Profile', 'administrator', 'update_profile', '1,2,3', 1, 1, 1),
(7, 0, 'Group (index)', 'group', 'index', '1,2', 2, 1, 1),
(8, 7, 'Group (edit)', 'group', 'edit', '1,2', 2, 1, 1),
(9, 7, 'Group (add)', 'group', 'add', '1,2', 1, 1, 1),
(10, 7, 'Group (delete)', 'group', 'delete', '1,2', 3, 1, 1),
(11, 0, 'Privilege (index)', 'privilege', 'index', '1', 3, 1, 1),
(12, 11, 'Privilege (add)', 'privilege', 'add', '1', 1, 1, 1),
(13, 11, 'Privilege (edit)', 'privilege', 'edit', '1', 2, 1, 1),
(14, 11, 'Privilege (delete)', 'privilege', 'delete', '1', 3, 1, 1),
(15, 0, 'Module (index)', 'module', 'index', '1', 4, 1, 1),
(16, 15, 'Module (add)', 'module', 'add', '1', 1, 1, 1),
(20, 15, 'Module (Edit)', 'module', 'edit', '1', 3, 1, 1),
(19, 18, 'sub', '', '', '1', 1, 1, 1),
(21, 0, 'Maintenance', 'maintenance', 'index', '1', 5, 1, 1),
(22, 0, 'Session (index)', 'session_site', 'index', '1', 6, 1, 1),
(23, 22, 'Session (search)', 'session_site', 'search', '1', 1, 1, 1),
(24, 15, 'Module (search)', 'module', 'search', '1', 4, 1, 1),
(25, 11, 'Privilege (search)', 'privilege', 'search', '1', 4, 1, 1),
(26, 7, 'Group (search)', 'group', 'search', '1,2', 4, 1, 1),
(27, 22, 'Session (delete)', 'session_site', 'delete', '1', 2, 1, 1),
(28, 0, 'Main Menu Admin (index)', 'main_menu_admin', 'index', '1', 7, 1, 1),
(29, 28, 'Main Menu Admin (search)', 'main_menu_admin', 'search', '1', 1, 1, 1),
(30, 28, 'Main Menu Admin (Add)', 'main_menu_admin', 'add', '1', 2, 1, 1),
(31, 28, 'Main Menu Admin (edit)', 'main_menu_admin', 'edit', '1', 3, 1, 1),
(32, 28, 'Main Menu Admin (Delete)', 'main_menu_admin', 'delete', '1', 4, 1, 1),
(33, 0, 'Main Menu Publik (index)', 'main_menu', 'index', '1', 8, 1, 1),
(34, 33, 'Main Menu Publik (search)', 'main_menu', 'search', '1', 1, 1, 1),
(35, 33, 'Main Menu Publik (Add)', 'main_menu', 'add', '1', 2, 1, 1),
(36, 33, 'Main Menu Publik (edit)', 'main_menu', 'edit', '1', 3, 1, 1),
(37, 33, 'Main Menu Publik (delete)', 'main_menu', 'delete', '1', 4, 1, 1),
(38, 0, 'Instansi (index)', 'instansi', 'index', '1', 9, 1, 1),
(39, 38, 'Instansi (search)', 'instansi', 'search', '1', 1, 1, 1),
(40, 38, 'Instansi (add)', 'instansi', 'add', '1', 2, 1, 1),
(41, 38, 'Instansi (edit)', 'instansi', 'edit', '1', 3, 1, 1),
(42, 38, 'Instansi (delete)', 'instansi', 'delete', '1', 4, 1, 1),
(43, 0, 'User (index)', 'user', 'index', '1,2', 10, 1, 1),
(44, 43, 'User (search)', 'user', 'search', '1,2', 1, 1, 1),
(45, 43, 'User (add)', 'user', 'add', '1', 2, 1, 1),
(55, 43, 'User (edit)', 'user', 'edit', '1,2', 3, 1, 1),
(56, 43, 'User (delete)', 'user', 'delete', '1,2', 4, 1, 1),
(63, 0, 'Kategori (index)', 'category', 'index', '1,2', 15, 1, 1),
(64, 63, 'Kategori (search)', 'category', 'search', '1,2', 1, 1, 1),
(65, 63, 'Kategori (add)', 'category', 'add', '1,2', 2, 1, 1),
(66, 63, 'Kategori (edit)', 'category', 'edit', '1,2', 3, 1, 1),
(67, 63, 'Kategori (delete)', 'category', 'delete', '1,2', 4, 1, 1),
(68, 0, 'Konten (index)', 'content', 'index', '1,2', 16, 1, 1),
(69, 68, 'Konten (search)', 'content', 'search', '1,2', 1, 1, 1),
(70, 68, 'Konten (add)', 'content', 'add', '1,2', 2, 1, 1),
(71, 0, 'Media Upload (Full User)', 'media_upload', 'index', '1,2', 17, 1, 1),
(72, 71, 'Media Upload (Full User)', 'media_upload', 'elfinder_connector', '1,2', 1, 1, 1),
(73, 0, 'Media Manager', 'media_manager', 'index', '1,2', 18, 1, 1),
(74, 73, 'Media Manager', 'media_manager', 'elfinder_connector', '1,2', 1, 1, 1),
(75, 68, 'Konten (delete)', 'content', 'delete', '1,2', 3, 1, 1),
(76, 68, 'Konten (delete gambar)', 'content', 'gambar', '1,2', 4, 1, 1),
(77, 68, 'Konten (edit)', 'content', 'edit', '1,2', 5, 1, 1),
(78, 0, 'User Block', 'user_block', 'index', '1', 19, 1, 1),
(79, 0, 'Supir (index)', 'supir', 'index', '1,2', 16, 1, 1),
(80, 79, 'Supir (save)', 'supir', 'save', '1,2', 1, 1, 1),
(81, 79, 'Supir (delete)', 'supir', 'delete', '1,2', 5, 1, 1),
(82, 79, 'Supir (list)', 'supir', 'list', '1,2', 3, 1, 1),
(83, 79, 'Supir (edit)', 'supir', 'edit', '1,2', 4, 1, 1),
(84, 79, 'Supir (Get Supir)', 'supir', 'get_supir', '1,2', 5, 1, 1),
(85, 0, 'Mobil (index)', 'mobil', 'index', '1,2', 17, 1, 1),
(86, 85, 'Mobil (get_mobil)', 'mobil', 'get_mobil', '1,2', 1, 1, 1),
(87, 85, 'Mobil (edit)', 'mobil', 'edit', '1,2', 2, 1, 1),
(88, 85, 'Mobil (list)', 'mobil', 'list', '1,2', 3, 1, 1),
(89, 85, 'Mobil (delete)', 'mobil', 'delete', '1,2', 4, 1, 1),
(90, 85, 'Mobil (save)', 'mobil', 'save', '1,2', 5, 1, 1),
(91, 0, 'Mata Pelajaran (index)', 'Mata_pelajaran', 'index', '1,2,6', 18, 1, 1),
(92, 91, 'Mata Pelajaran (add)', 'Mata_pelajaran', 'add', '1,2,6,7', 1, 1, 1),
(93, 91, 'Mata Pelajaran (delete)', 'Mata_pelajaran', 'delete', '1,2,6,7', 2, 1, 1),
(94, 91, 'Mata Pelajaran (edit)', 'Mata_pelajaran', 'edit', '1,2,6,7', 3, 1, 1),
(95, 0, 'Master Kelas (index)', 'Master_kelas', 'index', '1,2,6,7,8', 19, 1, 1),
(96, 95, 'Mata Pelajaran (add)', 'Master_kelas', 'add', '1,2,6,7,8', 1, 1, 1),
(97, 95, 'Mata Pelajaran (delete)', 'Master_kelas', 'delete', '1,2,6,7,8', 2, 1, 1),
(98, 95, 'Mata Pelajaran (edit)', 'Master_kelas', 'edit', '1,2,6,7,8', 3, 1, 1),
(99, 0, 'Biodata Siswa', 'biodata_siswa', 'index', '1,2,6,7,8', 20, 1, 1),
(100, 99, 'Siswa', 'biodata_siswa', 'search', '1,2,6,7,8', 1, 1, 1),
(101, 99, 'Siswa', 'biodata_siswa', 'add', '1,2,6,7,8', 2, 1, 1),
(102, 0, 'Bimbingan Konseling (index)', 'bimbingan_konseling', 'index', '1,2,6', 21, 1, 3),
(103, 102, 'Bimbingan Konseling (add)', 'bimbingan_konseling', 'add', '1,6', 1, 1, 3),
(104, 102, 'Bimbingan Konseling (ajax autocomplete)', 'bimbingan_konseling', 'cari_siswa', '1,6', 2, 1, 3),
(105, 99, 'Siswa', 'biodata_siswa', 'edit', '1,2,6,7,8', 3, 1, 1),
(106, 99, 'siswa', 'biodata_siswa', 'gambar', '1,2,6,7,8', 4, 1, 1),
(107, 0, 'Biodata Guru', 'biodata_guru', 'index', '1,2,6', 22, 2, 1),
(108, 107, 'Biodata Guru', 'biodata_guru', 'search', '1,2,6', 1, 1, 1),
(109, 107, 'Biodata Guru', 'biodata_guru', 'add', '1,2,6', 2, 1, 1),
(110, 107, 'Biodata Guru', 'biodata_guru', 'edit', '1,2,6', 3, 1, 1);

-- --------------------------------------------------------

--
-- Struktur dari tabel `_position_menu`
--

CREATE TABLE IF NOT EXISTS `_position_menu` (
  `id` int(11) NOT NULL,
  `title` text NOT NULL,
  `id_status` int(11) NOT NULL
) ENGINE=InnoDB DEFAULT CHARSET=latin1;

--
-- Dumping data untuk tabel `_position_menu`
--

INSERT INTO `_position_menu` (`id`, `title`, `id_status`) VALUES
(1, 'Main Menu', 1),
(2, 'sidebar', 1);

-- --------------------------------------------------------

--
-- Struktur dari tabel `_session`
--

CREATE TABLE IF NOT EXISTS `_session` (
  `id_session` int(11) NOT NULL,
  `id_user` int(11) NOT NULL,
  `username` varchar(20) NOT NULL,
  `session_value` varchar(255) NOT NULL,
  `session_date` datetime NOT NULL,
  `ip` text NOT NULL,
  `browser` text NOT NULL,
  `id_status` char(1) NOT NULL
) ENGINE=MyISAM DEFAULT CHARSET=latin1;

--
-- Dumping data untuk tabel `_session`
--

INSERT INTO `_session` (`id_session`, `id_user`, `username`, `session_value`, `session_date`, `ip`, `browser`, `id_status`) VALUES
(1, 1, 'beye', '5a5cede07883b74f7478eef8f0cd6bc8', '2019-07-15 08:19:14', '::1', 'Mozilla/5.0 (Windows NT 6.1; Win64; x64; rv:68.0) Gecko/20100101 Firefox/68.0', '2'),
(2, 1, 'beye', '9f9e22b6b0f04bf84ef5fb6e9ac9216b', '2019-07-15 11:24:45', '::1', 'Mozilla/5.0 (Windows NT 6.1; Win64; x64; rv:68.0) Gecko/20100101 Firefox/68.0', '2'),
(3, 1, 'beye', '4ae1efc0b81b1c31f363f001a6457c12', '2019-07-15 12:39:52', '::1', 'Mozilla/5.0 (Windows NT 6.1; Win64; x64; rv:68.0) Gecko/20100101 Firefox/68.0', '2'),
(4, 2, 'admin1', '8b65a27e56ff8b00172570d655d950d5', '2019-07-15 16:15:58', '::1', 'Mozilla/5.0 (Windows NT 6.1; Win64; x64; rv:68.0) Gecko/20100101 Firefox/68.0', '1'),
(5, 1, 'beye', '2f13888c4a96b544d3383bd0ecb1188d', '2019-07-15 20:42:22', '::1', 'Mozilla/5.0 (Macintosh; Intel Mac OS X 10_14_1) AppleWebKit/537.36 (KHTML, like Gecko) Chrome/75.0.3770.100 Safari/537.36', '2'),
(6, 1, 'beye', '53298506431d7a2c7c1ccd6f4fae6335', '2019-07-16 15:37:07', '::1', 'Mozilla/5.0 (Macintosh; Intel Mac OS X 10_14_1) AppleWebKit/537.36 (KHTML, like Gecko) Chrome/75.0.3770.100 Safari/537.36', '2'),
(7, 1, 'beye', '38b10affb470d9db193ea2f58a3f372e', '2019-07-16 19:49:19', '::1', 'Mozilla/5.0 (Macintosh; Intel Mac OS X 10_14_1) AppleWebKit/537.36 (KHTML, like Gecko) Chrome/75.0.3770.142 Safari/537.36', '2'),
(8, 1, 'beye', 'f3d6d034e21cd83448985a15c72f126a', '2019-07-17 08:15:48', '::1', 'Mozilla/5.0 (Macintosh; Intel Mac OS X 10_14_1) AppleWebKit/605.1.15 (KHTML, like Gecko) Version/12.0.1 Safari/605.1.15', '2'),
(9, 1, 'beye', 'a0b4d8ff43dbf86058b7fc20bdc0ecf5', '2019-07-17 08:16:26', '::1', 'Mozilla/5.0 (Macintosh; Intel Mac OS X 10_14_1) AppleWebKit/537.36 (KHTML, like Gecko) Chrome/75.0.3770.142 Safari/537.36', '2'),
(10, 1, 'beye', 'd330aa96fb28b868c9e85da150b2e424', '2019-07-17 14:57:58', '::1', 'Mozilla/5.0 (Macintosh; Intel Mac OS X 10_14_1) AppleWebKit/537.36 (KHTML, like Gecko) Chrome/75.0.3770.142 Safari/537.36', '2'),
(11, 1, 'beye', '9d0d3fc06fda8424b3cccb45b6f17336', '2019-08-06 11:30:32', '::1', 'Mozilla/5.0 (Macintosh; Intel Mac OS X 10_14_1) AppleWebKit/537.36 (KHTML, like Gecko) Chrome/75.0.3770.142 Safari/537.36', '2'),
(12, 1, 'beye', 'd61fdf3e9db8f9f862a98a7d90c4b538', '2019-08-12 18:09:44', '::1', 'Mozilla/5.0 (Macintosh; Intel Mac OS X 10_14_1) AppleWebKit/537.36 (KHTML, like Gecko) Chrome/76.0.3809.100 Safari/537.36', '2'),
(13, 1, 'beye', '5e4e1f2702b65753b32ddd9f02e617e5', '2019-08-13 09:57:53', '::1', 'Mozilla/5.0 (Macintosh; Intel Mac OS X 10_14_1) AppleWebKit/537.36 (KHTML, like Gecko) Chrome/76.0.3809.100 Safari/537.36', '2'),
(14, 1, 'beye', '490c0951b8319b89b3e0d4356b66577a', '2019-08-13 10:30:17', '::1', 'Mozilla/5.0 (Macintosh; Intel Mac OS X 10_14_1) AppleWebKit/537.36 (KHTML, like Gecko) Chrome/76.0.3809.100 Safari/537.36', '2'),
(15, 1, 'beye', '949102b34021aca0f72cbd70a119e012', '2019-08-13 10:31:24', '::1', 'Mozilla/5.0 (Macintosh; Intel Mac OS X 10_14_1) AppleWebKit/537.36 (KHTML, like Gecko) Chrome/76.0.3809.100 Safari/537.36', '2'),
(16, 1, 'beye', '849a229d1641575804579b0e234ce506', '2019-08-13 10:32:05', '::1', 'Mozilla/5.0 (Macintosh; Intel Mac OS X 10_14_1) AppleWebKit/537.36 (KHTML, like Gecko) Chrome/76.0.3809.100 Safari/537.36', '2'),
(17, 1, 'beye', '9b6328ca1a89876dfc4f5a8248f957c6', '2019-08-13 10:36:55', '::1', 'Mozilla/5.0 (Macintosh; Intel Mac OS X 10_14_1) AppleWebKit/537.36 (KHTML, like Gecko) Chrome/76.0.3809.100 Safari/537.36', '2'),
(18, 3, 'dhanidwiputra', '11c5d2947d6440bd63d08dfcdbf3713a', '2019-08-13 10:39:23', '::1', 'Mozilla/5.0 (Macintosh; Intel Mac OS X 10_14_1) AppleWebKit/537.36 (KHTML, like Gecko) Chrome/76.0.3809.100 Safari/537.36', '2'),
(19, 3, 'dhanidwiputra', '689803dcf509848b9ace0b3a51bdc590', '2019-08-13 10:40:06', '::1', 'Mozilla/5.0 (Macintosh; Intel Mac OS X 10_14_1) AppleWebKit/537.36 (KHTML, like Gecko) Chrome/76.0.3809.100 Safari/537.36', '2'),
(20, 3, 'dhanidwiputra', 'bddfae5cf3eb9f21231bf57fdb0aab9d', '2019-08-13 10:43:51', '::1', 'Mozilla/5.0 (Macintosh; Intel Mac OS X 10_14_1) AppleWebKit/537.36 (KHTML, like Gecko) Chrome/76.0.3809.100 Safari/537.36', '2'),
(21, 3, 'dhanidwiputra', '43593682859e9a40074a0863dd55ba66', '2019-08-13 15:17:33', '::1', 'Mozilla/5.0 (Macintosh; Intel Mac OS X 10_14_1) AppleWebKit/537.36 (KHTML, like Gecko) Chrome/76.0.3809.100 Safari/537.36', '2'),
(22, 3, 'dhanidwiputra', '34ddb7a9eb694fa2e7b0598f47e6b4e4', '2019-08-13 15:17:47', '::1', 'Mozilla/5.0 (Macintosh; Intel Mac OS X 10_14_1) AppleWebKit/537.36 (KHTML, like Gecko) Chrome/76.0.3809.100 Safari/537.36', '2'),
(23, 3, 'dhanidwiputra', 'c85f1708ce1d6be7ffe7eae288a99bf8', '2019-08-13 21:21:36', '::1', 'Mozilla/5.0 (Macintosh; Intel Mac OS X 10_14_1) AppleWebKit/537.36 (KHTML, like Gecko) Chrome/76.0.3809.100 Safari/537.36', '2'),
(24, 1, 'beye', 'fed87f1258d262ee7f21f28355e85eaf', '2019-08-13 22:56:33', '::1', 'Mozilla/5.0 (Macintosh; Intel Mac OS X 10_14_1) AppleWebKit/537.36 (KHTML, like Gecko) Chrome/76.0.3809.100 Safari/537.36', '2'),
(25, 3, 'dhanidwiputra', '13e45f9bbc8643cc8b147d2c4afc54d3', '2019-08-14 12:35:23', '::1', 'Mozilla/5.0 (Macintosh; Intel Mac OS X 10_14_1) AppleWebKit/537.36 (KHTML, like Gecko) Chrome/76.0.3809.100 Safari/537.36', '2'),
(26, 3, 'dhanidwiputra', 'b5b050f35612193e3c34032ffce7b8ad', '2019-08-14 23:50:09', '::1', 'Mozilla/5.0 (Macintosh; Intel Mac OS X 10_14_1) AppleWebKit/537.36 (KHTML, like Gecko) Chrome/76.0.3809.100 Safari/537.36', '2'),
(27, 3, 'dhanidwiputra', 'a74e92ba881493bb29a7495f121662b8', '2019-08-15 09:02:10', '::1', 'Mozilla/5.0 (Macintosh; Intel Mac OS X 10_14_1) AppleWebKit/537.36 (KHTML, like Gecko) Chrome/76.0.3809.100 Safari/537.36', '2'),
(28, 3, 'dhanidwiputra', '7ddb5987950503d7504993b1679bd2c0', '2019-08-23 09:40:02', '::1', 'Mozilla/5.0 (Macintosh; Intel Mac OS X 10_14_1) AppleWebKit/537.36 (KHTML, like Gecko) Chrome/76.0.3809.100 Safari/537.36', '2'),
(29, 3, 'dhanidwiputra', '8f554b5529dfccee6dc9d1d5264f1dfd', '2019-08-24 12:16:46', '::1', 'Mozilla/5.0 (Macintosh; Intel Mac OS X 10_14_1) AppleWebKit/537.36 (KHTML, like Gecko) Chrome/76.0.3809.100 Safari/537.36', '2'),
(30, 3, 'dhanidwiputra', 'be6fe8fdd3bccd973ef4141c1c69e124', '2019-08-26 20:52:15', '::1', 'Mozilla/5.0 (Macintosh; Intel Mac OS X 10_14_1) AppleWebKit/537.36 (KHTML, like Gecko) Chrome/76.0.3809.100 Safari/537.36', '2'),
(31, 3, 'dhanidwiputra', 'a480cad52517a8f99b98b9eb9563aae5', '2019-08-27 08:22:06', '::1', 'Mozilla/5.0 (Macintosh; Intel Mac OS X 10_14_1) AppleWebKit/537.36 (KHTML, like Gecko) Chrome/76.0.3809.100 Safari/537.36', '2'),
(32, 3, 'dhanidwiputra', 'ccbb2ad33399bd6cf6a9980d46767d07', '2019-08-27 16:58:40', '::1', 'Mozilla/5.0 (Macintosh; Intel Mac OS X 10_14_1) AppleWebKit/537.36 (KHTML, like Gecko) Chrome/76.0.3809.100 Safari/537.36', '2'),
(33, 3, 'dhanidwiputra', '84637255f707f3e6ecc7ea8227e88e20', '2019-08-28 21:10:16', '::1', 'Mozilla/5.0 (Macintosh; Intel Mac OS X 10_14_1) AppleWebKit/537.36 (KHTML, like Gecko) Chrome/76.0.3809.100 Safari/537.36', '2'),
(34, 1, 'beye', '1c6137180549ccf87c5106306726f9bc', '2019-09-03 19:38:03', '::1', 'Mozilla/5.0 (Windows NT 10.0; Win64; x64) AppleWebKit/537.36 (KHTML, like Gecko) Chrome/76.0.3809.87 Safari/537.36', '2'),
(35, 1, 'beye', 'e18a08a21b4b040c05bdbfddd84f24ca', '2019-09-04 08:43:31', '::1', 'Mozilla/5.0 (Windows NT 10.0; Win64; x64) AppleWebKit/537.36 (KHTML, like Gecko) Chrome/76.0.3809.87 Safari/537.36', '2'),
(36, 3, 'dhanidwiputra', 'e650558307c35c1cbb3c438f844413fc', '2019-09-04 16:22:32', '::1', 'Mozilla/5.0 (Macintosh; Intel Mac OS X 10_14_1) AppleWebKit/537.36 (KHTML, like Gecko) Chrome/76.0.3809.132 Safari/537.36', '2'),
(37, 3, 'dhanidwiputra', '2f664e8781d8a6a3ff27c2fb0635d080', '2019-09-04 19:22:45', '::1', 'Mozilla/5.0 (Macintosh; Intel Mac OS X 10_14_1) AppleWebKit/537.36 (KHTML, like Gecko) Chrome/76.0.3809.132 Safari/537.36', '2'),
(38, 4, 'fahmi', '1e4a79394148fbe63dcf8cdbb8f78c51', '2019-09-04 19:25:57', '::1', 'Mozilla/5.0 (Macintosh; Intel Mac OS X 10_14_1) AppleWebKit/537.36 (KHTML, like Gecko) Chrome/76.0.3809.132 Safari/537.36', '2'),
(39, 3, 'dhanidwiputra', '710830bd646ec763b708ad6b42d6319b', '2019-09-12 08:08:53', '::1', 'Mozilla/5.0 (Macintosh; Intel Mac OS X 10_14_1) AppleWebKit/537.36 (KHTML, like Gecko) Chrome/76.0.3809.132 Safari/537.36', '2'),
(40, 4, 'fahmi', '7826ea44027b6871f7694ab4c5f3928d', '2019-09-12 08:52:11', '::1', 'Mozilla/5.0 (Macintosh; Intel Mac OS X 10_14_1) AppleWebKit/537.36 (KHTML, like Gecko) Chrome/76.0.3809.132 Safari/537.36', '1'),
(41, 3, 'dhanidwiputra', '1ac89ac2dc81dbefe3a1316c1f86014f', '2019-09-12 20:43:16', '::1', 'Mozilla/5.0 (Macintosh; Intel Mac OS X 10_14_1) AppleWebKit/537.36 (KHTML, like Gecko) Chrome/76.0.3809.132 Safari/537.36', '1'),
(42, 1, 'beye', '32c28c797386bdce548ec19cee8f5c45', '2019-09-13 08:26:51', '::1', 'Mozilla/5.0 (Windows NT 6.1; Win64; x64; rv:69.0) Gecko/20100101 Firefox/69.0', '1');

-- --------------------------------------------------------

--
-- Struktur dari tabel `_status_anak`
--

CREATE TABLE IF NOT EXISTS `_status_anak` (
`id_status_anak` int(11) NOT NULL,
  `status_anak` text NOT NULL
) ENGINE=InnoDB AUTO_INCREMENT=3 DEFAULT CHARSET=latin1;

--
-- Dumping data untuk tabel `_status_anak`
--

INSERT INTO `_status_anak` (`id_status_anak`, `status_anak`) VALUES
(1, 'Kandung'),
(2, 'Angkat');

-- --------------------------------------------------------

--
-- Struktur dari tabel `_status_peserta_didik`
--

CREATE TABLE IF NOT EXISTS `_status_peserta_didik` (
`id_status` int(11) NOT NULL,
  `nm_status` varchar(50) NOT NULL
) ENGINE=InnoDB AUTO_INCREMENT=5 DEFAULT CHARSET=latin1;

--
-- Dumping data untuk tabel `_status_peserta_didik`
--

INSERT INTO `_status_peserta_didik` (`id_status`, `nm_status`) VALUES
(1, 'Aktif'),
(2, 'Skorsing'),
(3, 'Pindah Sekolah'),
(4, 'Alumni');

-- --------------------------------------------------------

--
-- Struktur dari tabel `_status_system`
--

CREATE TABLE IF NOT EXISTS `_status_system` (
`id_status` int(11) NOT NULL,
  `nm_status` varchar(20) NOT NULL
) ENGINE=MyISAM AUTO_INCREMENT=6 DEFAULT CHARSET=latin1;

--
-- Dumping data untuk tabel `_status_system`
--

INSERT INTO `_status_system` (`id_status`, `nm_status`) VALUES
(1, 'Aktif'),
(2, 'Non Aktif'),
(3, 'Blokir'),
(4, 'Publish'),
(5, 'Not Publish');

-- --------------------------------------------------------

--
-- Struktur dari tabel `_target_menu`
--

CREATE TABLE IF NOT EXISTS `_target_menu` (
  `id` int(11) NOT NULL,
  `title` varchar(255) NOT NULL
) ENGINE=InnoDB DEFAULT CHARSET=latin1;

--
-- Dumping data untuk tabel `_target_menu`
--

INSERT INTO `_target_menu` (`id`, `title`) VALUES
(1, '_self'),
(2, '_blank'),
(3, '_parent'),
(4, '_top'),
(5, 'framename');

-- --------------------------------------------------------

--
-- Struktur dari tabel `_type_menu`
--

CREATE TABLE IF NOT EXISTS `_type_menu` (
  `id` int(11) NOT NULL,
  `title` varchar(255) NOT NULL
) ENGINE=InnoDB DEFAULT CHARSET=latin1;

--
-- Dumping data untuk tabel `_type_menu`
--

INSERT INTO `_type_menu` (`id`, `title`) VALUES
(1, 'internal'),
(2, 'external');

-- --------------------------------------------------------

--
-- Struktur dari tabel `_users`
--

CREATE TABLE IF NOT EXISTS `_users` (
  `id_user` int(11) NOT NULL,
  `nomor_identitas` text,
  `username` varchar(150) NOT NULL DEFAULT '',
  `password` varchar(100) NOT NULL DEFAULT '',
  `email` text NOT NULL,
  `registerDate` datetime NOT NULL DEFAULT '0000-00-00 00:00:00',
  `id_instansi` int(11) NOT NULL,
  `id_group` int(11) NOT NULL,
  `id_status` int(11) NOT NULL,
  `created_by` int(11) NOT NULL
) ENGINE=MyISAM DEFAULT CHARSET=utf8;

--
-- Dumping data untuk tabel `_users`
--

INSERT INTO `_users` (`id_user`, `nomor_identitas`, `username`, `password`, `email`, `registerDate`, `id_instansi`, `id_group`, `id_status`, `created_by`) VALUES
(1, '123', 'beye', '48b5886a076c21966890f9e5bfe91969', 'riobayusentosa@gmail.com', '2012-06-02 08:16:16', 1, 6, 1, 1),
(2, '', 'admin1', '210ea9050ce033901b386fc392192ae2', 'admin1@gmail.com', '2019-07-15 16:15:45', 2, 2, 1, 0),
(3, 'Dhany', 'dhanidwiputra', '992a5a9b1d182c2d8395d5d4d8e976d4', 'dhanidwiputra123@gmail.com', '2019-08-13 22:56:59', 1, 1, 1, 0),
(4, '10091', 'fahmi', '2bfec0b87c331c4058842701233934ce', 'fahmi@gmail.com', '2019-09-04 19:25:38', 1, 6, 1, 3);

-- --------------------------------------------------------

--
-- Struktur dari tabel `_users_account`
--

CREATE TABLE IF NOT EXISTS `_users_account` (
`id_account` int(11) NOT NULL,
  `id_user` int(11) NOT NULL,
  `full_name` text NOT NULL,
  `telp` text NOT NULL,
  `alamat` text NOT NULL
) ENGINE=InnoDB AUTO_INCREMENT=6 DEFAULT CHARSET=latin1;

--
-- Dumping data untuk tabel `_users_account`
--

INSERT INTO `_users_account` (`id_account`, `id_user`, `full_name`, `telp`, `alamat`) VALUES
(2, 1, 'Rio Bayu Sentosa', '085263030913', 'Jalan bahari no. 38 ulak karang'),
(3, 2, 'Admin 1', '', ''),
(5, 3, 'Dhany Dwi Putra', '', '');

-- --------------------------------------------------------

--
-- Struktur dari tabel `_versi`
--

CREATE TABLE IF NOT EXISTS `_versi` (
`id_versi` int(11) NOT NULL,
  `title` text NOT NULL,
  `description` text NOT NULL,
  `created_date` datetime NOT NULL
) ENGINE=InnoDB AUTO_INCREMENT=4 DEFAULT CHARSET=latin1;

--
-- Dumping data untuk tabel `_versi`
--

INSERT INTO `_versi` (`id_versi`, `title`, `description`, `created_date`) VALUES
(1, '1.0.0', 'Migrasi', '2017-11-21 15:20:21'),
(2, '2.0.1', 'Debuger', '2018-04-13 15:20:21'),
(3, '3.0.1', 'TSB Logistik', '2019-07-12 15:20:21');

-- --------------------------------------------------------

--
-- Struktur dari tabel `_white_list`
--

CREATE TABLE IF NOT EXISTS `_white_list` (
  `id_white` int(11) NOT NULL,
  `parent_id` int(11) NOT NULL,
  `module_name` varchar(255) NOT NULL,
  `_controller` varchar(255) NOT NULL,
  `_function` varchar(255) NOT NULL,
  `id_status` int(11) NOT NULL,
  `order_no` int(11) NOT NULL,
  `id_user` int(11) NOT NULL
) ENGINE=MyISAM DEFAULT CHARSET=latin1;

--
-- Dumping data untuk tabel `_white_list`
--

INSERT INTO `_white_list` (`id_white`, `parent_id`, `module_name`, `_controller`, `_function`, `id_status`, `order_no`, `id_user`) VALUES
(1, 0, 'Welcome', 'welcome', 'index', 3, 1, 1),
(2, 0, 'Login', 'management', 'index', 1, 2, 1),
(3, 2, 'Cek Login', 'management', 'cek_login', 1, 1, 1),
(4, 0, 'Reset', 'reset', 'index', 1, 3, 1),
(5, 4, 'Reset', 'reset', 'akun', 1, 1, 1),
(6, 4, 'Halaman Reset Password', 'reset', 'account', 1, 2, 1),
(7, 4, 'Reset Password', 'reset', 'password', 1, 3, 1),
(8, 0, 'Homepage', 'home', 'index', 2, 4, 1),
(9, 8, 'Read', 'home', 'read', 2, 1, 1),
(10, 0, 'Searching', 'home', 'search', 2, 5, 1),
(11, 8, 'Category', 'home', 'category', 2, 2, 1),
(12, 0, 'Peta Situs', 'sitemap', 'index', 2, 6, 1);

-- --------------------------------------------------------

--
-- Struktur untuk view `view_recent_content`
--
DROP TABLE IF EXISTS `view_recent_content`;

CREATE ALGORITHM=UNDEFINED DEFINER=`root`@`localhost` SQL SECURITY DEFINER VIEW `view_recent_content` AS select `a`.`id_content` AS `id_content`,`a`.`title` AS `title`,`a`.`isi` AS `isi`,`a`.`gambar` AS `gambar`,`a`.`id_category` AS `id_category`,`a`.`created_date` AS `created_date`,`a`.`created_modified` AS `created_modified`,`a`.`created_by` AS `created_by`,`a`.`hits` AS `hits`,`a`.`id_status` AS `id_status`,`b`.`nm_status` AS `nm_status`,`c`.`title` AS `title_category`,`d`.`full_name` AS `full_name` from (((`content` `a` left join `_status_system` `b` on((`a`.`id_status` = `b`.`id_status`))) left join `category` `c` on((`a`.`id_category` = `c`.`id_category`))) left join `_users_account` `d` on((`a`.`created_by` = `d`.`id_user`))) where (`a`.`id_status` = '4') order by `a`.`created_date` desc;

--
-- Indexes for dumped tables
--

--
-- Indexes for table `bimbingan_konseling`
--
ALTER TABLE `bimbingan_konseling`
 ADD PRIMARY KEY (`id`);

--
-- Indexes for table `category`
--
ALTER TABLE `category`
 ADD PRIMARY KEY (`id_category`);

--
-- Indexes for table `ci_sessions`
--
ALTER TABLE `ci_sessions`
 ADD PRIMARY KEY (`id`), ADD KEY `ci_sessions_timestamp` (`timestamp`);

--
-- Indexes for table `content`
--
ALTER TABLE `content`
 ADD PRIMARY KEY (`id_content`);

--
-- Indexes for table `content_statistik`
--
ALTER TABLE `content_statistik`
 ADD PRIMARY KEY (`id_read`);

--
-- Indexes for table `generator_pass`
--
ALTER TABLE `generator_pass`
 ADD PRIMARY KEY (`id`);

--
-- Indexes for table `hubungi_kami`
--
ALTER TABLE `hubungi_kami`
 ADD PRIMARY KEY (`id_contact`);

--
-- Indexes for table `info_admin`
--
ALTER TABLE `info_admin`
 ADD PRIMARY KEY (`id`);

--
-- Indexes for table `instansi`
--
ALTER TABLE `instansi`
 ADD PRIMARY KEY (`id_instansi`);

--
-- Indexes for table `master_guru`
--
ALTER TABLE `master_guru`
 ADD PRIMARY KEY (`id`);

--
-- Indexes for table `master_jabatan_guru`
--
ALTER TABLE `master_jabatan_guru`
 ADD PRIMARY KEY (`id`);

--
-- Indexes for table `master_jurusan`
--
ALTER TABLE `master_jurusan`
 ADD PRIMARY KEY (`id`);

--
-- Indexes for table `master_kelas`
--
ALTER TABLE `master_kelas`
 ADD PRIMARY KEY (`id_kelas`);

--
-- Indexes for table `master_kelompok_mapel`
--
ALTER TABLE `master_kelompok_mapel`
 ADD PRIMARY KEY (`id`);

--
-- Indexes for table `master_kurikulum`
--
ALTER TABLE `master_kurikulum`
 ADD PRIMARY KEY (`id`);

--
-- Indexes for table `master_mata_pelajaran`
--
ALTER TABLE `master_mata_pelajaran`
 ADD PRIMARY KEY (`id_mata_pelajaran`);

--
-- Indexes for table `master_orangtua`
--
ALTER TABLE `master_orangtua`
 ADD PRIMARY KEY (`id`);

--
-- Indexes for table `master_peminatan_mapel`
--
ALTER TABLE `master_peminatan_mapel`
 ADD PRIMARY KEY (`id`);

--
-- Indexes for table `master_siswa`
--
ALTER TABLE `master_siswa`
 ADD PRIMARY KEY (`id`);

--
-- Indexes for table `master_status_kelas`
--
ALTER TABLE `master_status_kelas`
 ADD PRIMARY KEY (`id_status`);

--
-- Indexes for table `master_tahun_ajaran`
--
ALTER TABLE `master_tahun_ajaran`
 ADD PRIMARY KEY (`id_tahun_ajaran`);

--
-- Indexes for table `master_tahun_pelajaran`
--
ALTER TABLE `master_tahun_pelajaran`
 ADD PRIMARY KEY (`id`);

--
-- Indexes for table `master_wali`
--
ALTER TABLE `master_wali`
 ADD PRIMARY KEY (`id`);

--
-- Indexes for table `mobil`
--
ALTER TABLE `mobil`
 ADD PRIMARY KEY (`id_mobil`);

--
-- Indexes for table `orang_tua`
--
ALTER TABLE `orang_tua`
 ADD PRIMARY KEY (`id`);

--
-- Indexes for table `riwayat_jabatan`
--
ALTER TABLE `riwayat_jabatan`
 ADD PRIMARY KEY (`id`);

--
-- Indexes for table `riwayat_kelas`
--
ALTER TABLE `riwayat_kelas`
 ADD PRIMARY KEY (`id`);

--
-- Indexes for table `siswa`
--
ALTER TABLE `siswa`
 ADD PRIMARY KEY (`id`);

--
-- Indexes for table `status_guru`
--
ALTER TABLE `status_guru`
 ADD PRIMARY KEY (`id`);

--
-- Indexes for table `supir`
--
ALTER TABLE `supir`
 ADD PRIMARY KEY (`id_supir`);

--
-- Indexes for table `visitor`
--
ALTER TABLE `visitor`
 ADD PRIMARY KEY (`id_visitor`);

--
-- Indexes for table `wali_murid`
--
ALTER TABLE `wali_murid`
 ADD PRIMARY KEY (`id`);

--
-- Indexes for table `_account_reset`
--
ALTER TABLE `_account_reset`
 ADD PRIMARY KEY (`id_reset`);

--
-- Indexes for table `_agama`
--
ALTER TABLE `_agama`
 ADD PRIMARY KEY (`kd_agama`);

--
-- Indexes for table `_display`
--
ALTER TABLE `_display`
 ADD PRIMARY KEY (`id`);

--
-- Indexes for table `_gender`
--
ALTER TABLE `_gender`
 ADD PRIMARY KEY (`id_gender`);

--
-- Indexes for table `_group`
--
ALTER TABLE `_group`
 ADD PRIMARY KEY (`id_group`);

--
-- Indexes for table `_lock`
--
ALTER TABLE `_lock`
 ADD PRIMARY KEY (`id`);

--
-- Indexes for table `_log_keyword`
--
ALTER TABLE `_log_keyword`
 ADD PRIMARY KEY (`id_log`);

--
-- Indexes for table `_maintenance`
--
ALTER TABLE `_maintenance`
 ADD PRIMARY KEY (`id`);

--
-- Indexes for table `_menu`
--
ALTER TABLE `_menu`
 ADD PRIMARY KEY (`id_menu`);

--
-- Indexes for table `_menu_admin`
--
ALTER TABLE `_menu_admin`
 ADD PRIMARY KEY (`id_menu`);

--
-- Indexes for table `_module`
--
ALTER TABLE `_module`
 ADD PRIMARY KEY (`id_module`);

--
-- Indexes for table `_session`
--
ALTER TABLE `_session`
 ADD PRIMARY KEY (`id_session`);

--
-- Indexes for table `_status_anak`
--
ALTER TABLE `_status_anak`
 ADD PRIMARY KEY (`id_status_anak`);

--
-- Indexes for table `_status_peserta_didik`
--
ALTER TABLE `_status_peserta_didik`
 ADD PRIMARY KEY (`id_status`);

--
-- Indexes for table `_status_system`
--
ALTER TABLE `_status_system`
 ADD PRIMARY KEY (`id_status`);

--
-- Indexes for table `_target_menu`
--
ALTER TABLE `_target_menu`
 ADD PRIMARY KEY (`id`);

--
-- Indexes for table `_type_menu`
--
ALTER TABLE `_type_menu`
 ADD PRIMARY KEY (`id`);

--
-- Indexes for table `_users`
--
ALTER TABLE `_users`
 ADD PRIMARY KEY (`id_user`), ADD UNIQUE KEY `username` (`username`);

--
-- Indexes for table `_users_account`
--
ALTER TABLE `_users_account`
 ADD PRIMARY KEY (`id_account`), ADD UNIQUE KEY `id_user` (`id_user`);

--
-- Indexes for table `_versi`
--
ALTER TABLE `_versi`
 ADD PRIMARY KEY (`id_versi`);

--
-- Indexes for table `_white_list`
--
ALTER TABLE `_white_list`
 ADD PRIMARY KEY (`id_white`);

--
-- AUTO_INCREMENT for dumped tables
--

--
-- AUTO_INCREMENT for table `bimbingan_konseling`
--
ALTER TABLE `bimbingan_konseling`
MODIFY `id` int(11) NOT NULL AUTO_INCREMENT;
--
-- AUTO_INCREMENT for table `category`
--
ALTER TABLE `category`
MODIFY `id_category` int(11) NOT NULL AUTO_INCREMENT;
--
-- AUTO_INCREMENT for table `content`
--
ALTER TABLE `content`
MODIFY `id_content` int(11) NOT NULL AUTO_INCREMENT;
--
-- AUTO_INCREMENT for table `content_statistik`
--
ALTER TABLE `content_statistik`
MODIFY `id_read` int(11) NOT NULL AUTO_INCREMENT;
--
-- AUTO_INCREMENT for table `generator_pass`
--
ALTER TABLE `generator_pass`
MODIFY `id` int(11) NOT NULL AUTO_INCREMENT,AUTO_INCREMENT=4;
--
-- AUTO_INCREMENT for table `info_admin`
--
ALTER TABLE `info_admin`
MODIFY `id` int(11) NOT NULL AUTO_INCREMENT,AUTO_INCREMENT=2;
--
-- AUTO_INCREMENT for table `instansi`
--
ALTER TABLE `instansi`
MODIFY `id_instansi` int(11) NOT NULL AUTO_INCREMENT,AUTO_INCREMENT=21;
--
-- AUTO_INCREMENT for table `master_guru`
--
ALTER TABLE `master_guru`
MODIFY `id` int(11) NOT NULL AUTO_INCREMENT,AUTO_INCREMENT=2;
--
-- AUTO_INCREMENT for table `master_jurusan`
--
ALTER TABLE `master_jurusan`
MODIFY `id` int(11) NOT NULL AUTO_INCREMENT,AUTO_INCREMENT=3;
--
-- AUTO_INCREMENT for table `master_kelas`
--
ALTER TABLE `master_kelas`
MODIFY `id_kelas` int(11) NOT NULL AUTO_INCREMENT,AUTO_INCREMENT=4;
--
-- AUTO_INCREMENT for table `master_kelompok_mapel`
--
ALTER TABLE `master_kelompok_mapel`
MODIFY `id` int(11) NOT NULL AUTO_INCREMENT,AUTO_INCREMENT=3;
--
-- AUTO_INCREMENT for table `master_kurikulum`
--
ALTER TABLE `master_kurikulum`
MODIFY `id` int(11) NOT NULL AUTO_INCREMENT;
--
-- AUTO_INCREMENT for table `master_mata_pelajaran`
--
ALTER TABLE `master_mata_pelajaran`
MODIFY `id_mata_pelajaran` int(11) NOT NULL AUTO_INCREMENT,AUTO_INCREMENT=7;
--
-- AUTO_INCREMENT for table `master_orangtua`
--
ALTER TABLE `master_orangtua`
MODIFY `id` int(11) NOT NULL AUTO_INCREMENT,AUTO_INCREMENT=2;
--
-- AUTO_INCREMENT for table `master_peminatan_mapel`
--
ALTER TABLE `master_peminatan_mapel`
MODIFY `id` int(11) NOT NULL AUTO_INCREMENT,AUTO_INCREMENT=5;
--
-- AUTO_INCREMENT for table `master_siswa`
--
ALTER TABLE `master_siswa`
MODIFY `id` int(11) NOT NULL AUTO_INCREMENT,AUTO_INCREMENT=2;
--
-- AUTO_INCREMENT for table `master_status_kelas`
--
ALTER TABLE `master_status_kelas`
MODIFY `id_status` int(11) NOT NULL AUTO_INCREMENT,AUTO_INCREMENT=3;
--
-- AUTO_INCREMENT for table `master_tahun_ajaran`
--
ALTER TABLE `master_tahun_ajaran`
MODIFY `id_tahun_ajaran` int(11) NOT NULL AUTO_INCREMENT;
--
-- AUTO_INCREMENT for table `master_tahun_pelajaran`
--
ALTER TABLE `master_tahun_pelajaran`
MODIFY `id` int(11) NOT NULL AUTO_INCREMENT;
--
-- AUTO_INCREMENT for table `master_wali`
--
ALTER TABLE `master_wali`
MODIFY `id` int(11) NOT NULL AUTO_INCREMENT,AUTO_INCREMENT=2;
--
-- AUTO_INCREMENT for table `mobil`
--
ALTER TABLE `mobil`
MODIFY `id_mobil` int(11) NOT NULL AUTO_INCREMENT,AUTO_INCREMENT=2;
--
-- AUTO_INCREMENT for table `orang_tua`
--
ALTER TABLE `orang_tua`
MODIFY `id` int(11) NOT NULL AUTO_INCREMENT;
--
-- AUTO_INCREMENT for table `siswa`
--
ALTER TABLE `siswa`
MODIFY `id` int(11) NOT NULL AUTO_INCREMENT;
--
-- AUTO_INCREMENT for table `status_guru`
--
ALTER TABLE `status_guru`
MODIFY `id` int(11) NOT NULL AUTO_INCREMENT,AUTO_INCREMENT=4;
--
-- AUTO_INCREMENT for table `supir`
--
ALTER TABLE `supir`
MODIFY `id_supir` int(11) NOT NULL AUTO_INCREMENT,AUTO_INCREMENT=4;
--
-- AUTO_INCREMENT for table `visitor`
--
ALTER TABLE `visitor`
MODIFY `id_visitor` int(11) NOT NULL AUTO_INCREMENT,AUTO_INCREMENT=24;
--
-- AUTO_INCREMENT for table `wali_murid`
--
ALTER TABLE `wali_murid`
MODIFY `id` int(11) NOT NULL AUTO_INCREMENT;
--
-- AUTO_INCREMENT for table `_account_reset`
--
ALTER TABLE `_account_reset`
MODIFY `id_reset` int(11) NOT NULL AUTO_INCREMENT;
--
-- AUTO_INCREMENT for table `_lock`
--
ALTER TABLE `_lock`
MODIFY `id` int(11) NOT NULL AUTO_INCREMENT;
--
-- AUTO_INCREMENT for table `_log_keyword`
--
ALTER TABLE `_log_keyword`
MODIFY `id_log` int(11) NOT NULL AUTO_INCREMENT;
--
-- AUTO_INCREMENT for table `_maintenance`
--
ALTER TABLE `_maintenance`
MODIFY `id` int(11) NOT NULL AUTO_INCREMENT,AUTO_INCREMENT=2;
--
-- AUTO_INCREMENT for table `_status_anak`
--
ALTER TABLE `_status_anak`
MODIFY `id_status_anak` int(11) NOT NULL AUTO_INCREMENT,AUTO_INCREMENT=3;
--
-- AUTO_INCREMENT for table `_status_peserta_didik`
--
ALTER TABLE `_status_peserta_didik`
MODIFY `id_status` int(11) NOT NULL AUTO_INCREMENT,AUTO_INCREMENT=5;
--
-- AUTO_INCREMENT for table `_status_system`
--
ALTER TABLE `_status_system`
MODIFY `id_status` int(11) NOT NULL AUTO_INCREMENT,AUTO_INCREMENT=6;
--
-- AUTO_INCREMENT for table `_users_account`
--
ALTER TABLE `_users_account`
MODIFY `id_account` int(11) NOT NULL AUTO_INCREMENT,AUTO_INCREMENT=6;
--
-- AUTO_INCREMENT for table `_versi`
--
ALTER TABLE `_versi`
MODIFY `id_versi` int(11) NOT NULL AUTO_INCREMENT,AUTO_INCREMENT=4;
/*!40101 SET CHARACTER_SET_CLIENT=@OLD_CHARACTER_SET_CLIENT */;
/*!40101 SET CHARACTER_SET_RESULTS=@OLD_CHARACTER_SET_RESULTS */;
/*!40101 SET COLLATION_CONNECTION=@OLD_COLLATION_CONNECTION */;
