-- phpMyAdmin SQL Dump
-- version 4.8.5
-- https://www.phpmyadmin.net/
--
-- Host: 127.0.0.1
-- Waktu pembuatan: 09 Des 2019 pada 16.30
-- Versi server: 10.1.38-MariaDB
-- Versi PHP: 5.6.40

SET SQL_MODE = "NO_AUTO_VALUE_ON_ZERO";
SET AUTOCOMMIT = 0;
START TRANSACTION;
SET time_zone = "+00:00";


/*!40101 SET @OLD_CHARACTER_SET_CLIENT=@@CHARACTER_SET_CLIENT */;
/*!40101 SET @OLD_CHARACTER_SET_RESULTS=@@CHARACTER_SET_RESULTS */;
/*!40101 SET @OLD_COLLATION_CONNECTION=@@COLLATION_CONNECTION */;
/*!40101 SET NAMES utf8mb4 */;

--
-- Database: `ptsp`
--

-- --------------------------------------------------------

--
-- Struktur dari tabel `bahan_ajar`
--

CREATE TABLE `bahan_ajar` (
  `id` int(11) NOT NULL,
  `id_guru` int(11) NOT NULL,
  `id_kelas` int(11) NOT NULL,
  `id_jurusan` int(11) NOT NULL,
  `foto` varchar(100) NOT NULL,
  `created_date` datetime DEFAULT NULL,
  `created_modified` datetime NOT NULL
) ENGINE=InnoDB DEFAULT CHARSET=latin1;

--
-- Dumping data untuk tabel `bahan_ajar`
--

INSERT INTO `bahan_ajar` (`id`, `id_guru`, `id_kelas`, `id_jurusan`, `foto`, `created_date`, `created_modified`) VALUES
(1, 1, 1, 1, 'a13.jpg', '2019-11-18 17:19:11', '2019-11-18 17:19:11'),
(2, 2, 1, 1, 'Rizky_Efrian_1601091050.pdf', '2019-11-18 17:51:06', '2019-11-18 17:51:06');

-- --------------------------------------------------------

--
-- Struktur dari tabel `bimbingan_konseling`
--

CREATE TABLE `bimbingan_konseling` (
  `id` int(11) NOT NULL,
  `nis` varchar(255) DEFAULT NULL,
  `date` date DEFAULT NULL,
  `permasalahan` text,
  `penyelesaian` text
) ENGINE=InnoDB DEFAULT CHARSET=latin1;

--
-- Dumping data untuk tabel `bimbingan_konseling`
--

INSERT INTO `bimbingan_konseling` (`id`, `nis`, `date`, `permasalahan`, `penyelesaian`) VALUES
(1, '1010', '2019-10-16', 'Cabut', 'Bunuh'),
(5, '1011', '2019-02-01', 'Jomblo', 'Mati aja la'),
(6, '1011', '2019-12-09', '222', '222'),
(7, '1011', '2019-12-10', '444', '44'),
(8, '1013', '2019-12-18', '11', '11'),
(9, '1011', '2019-12-24', '111111', '111111'),
(11, '1014', '2019-12-19', 'terakhir', 'terakhir');

-- --------------------------------------------------------

--
-- Struktur dari tabel `category`
--

CREATE TABLE `category` (
  `id_category` int(11) NOT NULL,
  `title` text NOT NULL,
  `id_status` int(11) NOT NULL,
  `created_by` int(11) NOT NULL
) ENGINE=InnoDB DEFAULT CHARSET=latin1;

-- --------------------------------------------------------

--
-- Struktur dari tabel `ci_sessions`
--

CREATE TABLE `ci_sessions` (
  `id` varchar(128) NOT NULL,
  `ip_address` varchar(45) NOT NULL,
  `timestamp` int(10) UNSIGNED NOT NULL DEFAULT '0',
  `data` blob NOT NULL
) ENGINE=InnoDB DEFAULT CHARSET=latin1;

--
-- Dumping data untuk tabel `ci_sessions`
--

INSERT INTO `ci_sessions` (`id`, `ip_address`, `timestamp`, `data`) VALUES
('02nc0kb6n76fcfq24hf02f4vkq5ridto', '::1', 1574730630, 0x5f5f63695f6c6173745f726567656e65726174657c693a313537343733303339333b5f5f63695f766172737c613a313a7b733a353a227469746c65223b733a333a226e6577223b7d73797374656d5f76616c75657c733a33323a223136366332623430346266386234623163356435326630633664363838303562223b7365617263685f626f787c4e3b7469746c657c733a343a2245646974223b),
('03g0buuufspihb9q7oihesniqvcgfhbl', '::1', 1574073592, 0x5f5f63695f6c6173745f726567656e65726174657c693a313537343037333239343b5f5f63695f766172737c613a313a7b733a353a227469746c65223b733a333a226f6c64223b7d73797374656d5f76616c75657c733a33323a226362376235656332653934613662323036366134386136373939613337393963223b7365617263685f626f787c4e3b7469746c657c733a31353a224461746120426168616e20416a6172223b),
('047c7aghb09eqmoedkvgj64r8qnmnjgj', '::1', 1574730202, 0x5f5f63695f6c6173745f726567656e65726174657c693a313537343732393935353b5f5f63695f766172737c613a313a7b733a353a227469746c65223b733a333a226e6577223b7d73797374656d5f76616c75657c733a33323a223136366332623430346266386234623163356435326630633664363838303562223b7365617263685f626f787c4e3b7469746c657c733a363a224d6f64756c65223b),
('04rot5iqm5d8ee2tec3srbagoi2o3ars', '::1', 1574683095, 0x5f5f63695f6c6173745f726567656e65726174657c693a313537343638333039303b73797374656d5f76616c75657c733a33323a226432636639363933383532653233353931303430313464353463383134313833223b7365617263685f626f787c4e3b7469746c657c733a31323a222053697377615f6b656c6173223b5f5f63695f766172737c613a313a7b733a353a227469746c65223b733a333a226e6577223b7d),
('05qs9lclnhq44lievdug362cu2s5sig8', '::1', 1575695396, 0x5f5f63695f6c6173745f726567656e65726174657c693a313537353639353238303b73797374656d5f76616c75657c733a33323a223232376364346332666461336639363137316164333730313637323732313632223b7365617263685f626f787c4e3b7469746c657c733a32313a2244617461204a616477616c2050656c616a6172616e223b5f5f63695f766172737c613a313a7b733a353a227469746c65223b733a333a226e6577223b7d),
('0hhnl6b89rn5ons50k6si2mikagpi6jd', '::1', 1574739844, 0x5f5f63695f6c6173745f726567656e65726174657c693a313537343733393735323b5f5f63695f766172737c613a313a7b733a353a227469746c65223b733a333a226e6577223b7d73797374656d5f76616c75657c733a33323a223865383662313063623436363535663765666363376138373265393236613964223b7469746c657c733a333a22416464223b7365617263685f626f787c4e3b),
('0hocr1qh8japngqfov7s31h602lq69cr', '::1', 1575684392, 0x5f5f63695f6c6173745f726567656e65726174657c693a313537353638343131393b5f5f63695f766172737c613a353a7b733a353a227469746c65223b733a333a226f6c64223b733a353a22746168756e223b733a333a226e6577223b733a353a2262756c616e223b733a333a226e6577223b733a383a2273656d6573746572223b733a333a226e6577223b733a363a22737461747573223b733a333a226e6577223b7d73797374656d5f76616c75657c733a33323a223232376364346332666461336639363137316164333730313637323732313632223b7469746c657c733a333a22416464223b746168756e7c733a393a22323032302d32303231223b62756c616e7c733a373a226a756e2d646573223b73656d65737465727c733a313a2232223b7374617475737c733a353a22616b746966223b),
('0is3md05aqkm7li6gods517lhmslsecb', '::1', 1574952954, 0x5f5f63695f6c6173745f726567656e65726174657c693a313537343935323935333b5f5f63695f766172737c613a313a7b733a353a227469746c65223b733a333a226e6577223b7d73797374656d5f76616c75657c733a33323a226164633233326562316262306635323033373064386261653663303136383366223b7365617263685f626f787c4e3b7469746c657c733a31393a2250616e656c2041646d696e6973747261746f72223b),
('0sl5sjqrp75tkbug5ek106fv2bk042m0', '::1', 1574740883, 0x5f5f63695f6c6173745f726567656e65726174657c693a313537343734303732313b5f5f63695f766172737c613a383a7b733a383a2269645f6b656c6173223b733a333a226f6c64223b733a383a2269645f6d6170656c223b733a333a226f6c64223b733a373a2269645f67757275223b733a333a226f6c64223b733a31313a226e696c61695f7369737761223b733a333a226f6c64223b733a31343a2269645f73697377615f6b656c6173223b733a333a226f6c64223b733a31353a2269645f746168756e5f616a6172616e223b733a333a226f6c64223b733a353a22706573616e223b733a333a226f6c64223b733a353a227469746c65223b733a333a226e6577223b7d73797374656d5f76616c75657c733a33323a223865383662313063623436363535663765666363376138373265393236613964223b7365617263685f626f787c4e3b69645f6b656c61737c733a313a2233223b69645f6d6170656c7c733a313a2236223b69645f677572757c733a313a2232223b6e696c61695f73697377617c733a333a22313030223b69645f73697377615f6b656c61737c733a313a2233223b69645f746168756e5f616a6172616e7c733a313a2232223b706573616e7c733a3430333a223c64697620636c6173733d22616c65727420616c6572742d73756363657373223e0d0a202020202020202020202020202020202020202020202020202020203c627574746f6e20636c6173733d22636c6f73652220646174612d6469736d6973733d22616c657274223e2674696d65733b3c2f627574746f6e3e0d0a202020202020202020202020202020202020202020202020202020203c7374726f6e673e3c6920636c6173733d2266612066612d636865636b2d7371756172652d6f223e3c2f693e203c623e496e666f726d6173693a203c2f623e3c2f7374726f6e673e0d0a202020202020202020202020202020202020202020202020202020204461746120426572686173696c20646973696d70616e2e3c6120687265663d22687474703a2f2f6c6f63616c686f73742f736973666f73656b6f6c61682f6e696c61692d73697377612f656469742f2220636c6173733d22636f6e6669726d2d65646974223e3c753e456469743c2f753e3c2f613e0d0a2020202020202020202020202020202020202020202020203c2f6469763e223b7469746c657c733a31313a224e696c6169205369737761223b),
('0u5kgq8fvdl7kb8npqj5045ump09d33s', '::1', 1573879078, 0x5f5f63695f6c6173745f726567656e65726174657c693a313537333837393035313b5f5f63695f766172737c613a313a7b733a353a227469746c65223b733a333a226e6577223b7d73797374656d5f76616c75657c733a33323a226430353661386334376162316361373662363034393731623561363230393161223b7365617263685f626f787c4e3b7469746c657c733a32333a224d6173746572204a616477616c2050656c616a6172616e223b),
('10vekbej6pm2pgeaec09rf3l8g5f5fjr', '::1', 1574069419, 0x5f5f63695f6c6173745f726567656e65726174657c693a313537343036393431373b),
('1a7g29p42qkj0id3ns98epm5cs4ad1gb', '::1', 1574948833, 0x5f5f63695f6c6173745f726567656e65726174657c693a313537343934383533373b5f5f63695f766172737c613a343a7b733a31303a227469746c655f6d656e75223b733a333a226f6c64223b733a343a226c696e6b223b733a333a226f6c64223b733a353a22706573616e223b733a333a226f6c64223b733a353a227469746c65223b733a333a226e6577223b7d73797374656d5f76616c75657c733a33323a226164633233326562316262306635323033373064386261653663303136383366223b7365617263685f626f787c4e3b7469746c655f6d656e757c733a31323a22416273656e73692047757275223b6c696e6b7c733a31393a226d61737465722d616273656e73692d67757275223b706573616e7c733a3431313a223c64697620636c6173733d22616c65727420616c6572742d73756363657373223e0d0a202020202020202020202020202020202020202020202020202020203c627574746f6e20636c6173733d22636c6f73652220646174612d6469736d6973733d22616c657274223e2674696d65733b3c2f627574746f6e3e0d0a202020202020202020202020202020202020202020202020202020203c7374726f6e673e3c6920636c6173733d2266612066612d636865636b2d7371756172652d6f223e3c2f693e203c623e496e666f726d6173693a203c2f623e3c2f7374726f6e673e0d0a202020202020202020202020202020202020202020202020202020204461746120426572686173696c20646970657262617275692e3c6120687265663d22687474703a2f2f6c6f63616c686f73742f736973666f73656b6f6c61682f6d61696e2d6d656e752d61646d696e2f656469742f35332220636c6173733d22636f6e6669726d2d65646974223e3c753e456469743c2f753e3c2f613e0d0a2020202020202020202020202020202020202020202020203c2f6469763e223b7469746c657c733a31353a224d61696e204d656e752041646d696e223b),
('1dtd3b9vs08kjk827sia60rhu0j0b111', '::1', 1573876276, 0x5f5f63695f6c6173745f726567656e65726174657c693a313537333837363036303b5f5f63695f766172737c613a313a7b733a353a227469746c65223b733a333a226e6577223b7d73797374656d5f76616c75657c733a33323a226430353661386334376162316361373662363034393731623561363230393161223b7365617263685f626f787c4e3b7469746c657c733a32333a224d6173746572204a616477616c2050656c616a6172616e223b),
('1hr4nbdr2l148klk5ah1e77dfmf6vveh', '::1', 1575706701, 0x5f5f63695f6c6173745f726567656e65726174657c693a313537353730363432303b73797374656d5f76616c75657c733a33323a223232376364346332666461336639363137316164333730313637323732313632223b7365617263685f626f787c4e3b5f5f63695f766172737c613a313a7b733a353a227469746c65223b733a333a226e6577223b7d7469746c657c733a32333a224d6173746572204a616477616c2050656c616a6172616e223b),
('1qoagnfdvf9dk73pb93ncbrnr3q14ceb', '::1', 1574952069, 0x5f5f63695f6c6173745f726567656e65726174657c693a313537343935313839303b5f5f63695f766172737c613a313a7b733a353a227469746c65223b733a333a226e6577223b7d73797374656d5f76616c75657c733a33323a226164633233326562316262306635323033373064386261653663303136383366223b7365617263685f626f787c4e3b7469746c657c733a32333a224d6173746572204a616477616c2050656c616a6172616e223b),
('1r24i1chgh01dibe5c0k49db30d1pje4', '::1', 1575904920, 0x5f5f63695f6c6173745f726567656e65726174657c693a313537353930343633343b73797374656d5f76616c75657c733a33323a223135363434383864313930383937353230616637613431643864323964626631223b7365617263685f626f787c4e3b6e69705f677572757c4e3b5f5f63695f766172737c613a313a7b733a353a227469746c65223b733a333a226e6577223b7d7469746c657c733a333a22416464223b),
('1t50n4p9bi3i2gc2p26cpivpk4tp8dns', '::1', 1574667382, 0x5f5f63695f6c6173745f726567656e65726174657c693a313537343636373139313b73797374656d5f76616c75657c733a33323a226432636639363933383532653233353931303430313464353463383134313833223b7365617263685f626f787c4e3b5f5f63695f766172737c613a313a7b733a353a227469746c65223b733a333a226e6577223b7d7469746c657c733a343a2245646974223b),
('1tsgls84cd6gbiq3imlrub0dfv40j7c1', '::1', 1574901116, 0x5f5f63695f6c6173745f726567656e65726174657c693a313537343930303838393b5f5f63695f766172737c613a323a7b733a353a227469746c65223b733a333a226e6577223b733a31303a227365617263685f626f78223b733a333a226e6577223b7d73797374656d5f76616c75657c733a33323a226461396361366538353262653534643535633232613266623635313939323235223b7469746c657c733a32313a2244617461204a616477616c2050656c616a6172616e223b7365617263685f626f787c733a333a22582032223b),
('260i5av8a75m0t83oga2np4s819ps36q', '::1', 1574721794, 0x5f5f63695f6c6173745f726567656e65726174657c693a313537343732313530343b5f5f63695f766172737c613a313a7b733a353a227469746c65223b733a333a226e6577223b7d73797374656d5f76616c75657c733a33323a223136366332623430346266386234623163356435326630633664363838303562223b7469746c657c733a31313a224e696c6169205369737761223b7365617263685f626f787c4e3b),
('2ehg6vjmmn7dlpcifmjr1n8079ioqsru', '::1', 1574741949, 0x5f5f63695f6c6173745f726567656e65726174657c693a313537343734313835393b73797374656d5f76616c75657c733a33323a223865383662313063623436363535663765666363376138373265393236613964223b7365617263685f626f787c4e3b7469746c657c733a31393a2250616e656c2041646d696e6973747261746f72223b5f5f63695f766172737c613a313a7b733a353a227469746c65223b733a333a226f6c64223b7d),
('2m2dcodevvdiqe89f7lrnr5bo6vo9hsg', '::1', 1574900562, 0x5f5f63695f6c6173745f726567656e65726174657c693a313537343930303431373b5f5f63695f766172737c613a313a7b733a353a227469746c65223b733a333a226e6577223b7d73797374656d5f76616c75657c733a33323a226461396361366538353262653534643535633232613266623635313939323235223b7469746c657c733a32333a224d6173746572204a616477616c2050656c616a6172616e223b7365617263685f626f787c4e3b),
('2m67v16ur73f6kla7vt4hup5avrcmg7p', '::1', 1575699132, 0x5f5f63695f6c6173745f726567656e65726174657c693a313537353639383833343b73797374656d5f76616c75657c733a33323a223232376364346332666461336639363137316164333730313637323732313632223b7365617263685f626f787c4e3b7469746c657c733a32313a2244617461204a616477616c2050656c616a6172616e223b5f5f63695f766172737c613a313a7b733a353a227469746c65223b733a333a226e6577223b7d),
('2qljhsnjs8q39uurrka6pgci1k48b7pu', '::1', 1574678520, 0x5f5f63695f6c6173745f726567656e65726174657c693a313537343637383336393b73797374656d5f76616c75657c733a33323a226432636639363933383532653233353931303430313464353463383134313833223b7365617263685f626f787c4e3b7469746c657c733a31303a2244617461205369737761223b5f5f63695f766172737c613a313a7b733a353a227469746c65223b733a333a226e6577223b7d),
('2vj320kost4pjvhhhvbdj312h46sqof1', '::1', 1575554877, 0x5f5f63695f6c6173745f726567656e65726174657c693a313537353535343638393b73797374656d5f76616c75657c733a33323a223533316632353537313466356636373533663139613663343335353365303334223b7365617263685f626f787c4e3b7469746c657c733a333a22416464223b5f5f63695f766172737c613a313a7b733a353a227469746c65223b733a333a226e6577223b7d),
('3702j9lt2gt7npmlkf12su6a33h0m1sd', '::1', 1574665699, 0x5f5f63695f6c6173745f726567656e65726174657c693a313537343636353430353b73797374656d5f76616c75657c733a33323a226432636639363933383532653233353931303430313464353463383134313833223b7365617263685f626f787c4e3b5f5f63695f766172737c613a313a7b733a353a227469746c65223b733a333a226e6577223b7d7469746c657c733a333a22416464223b),
('38stasioogg9g7i4p6ausfgrr9k0oep6', '::1', 1575896801, 0x5f5f63695f6c6173745f726567656e65726174657c693a313537353839363533323b73797374656d5f76616c75657c733a33323a223065326633373436323736656639363561646234646435613563303461373839223b5f5f63695f766172737c613a343a7b733a31303a227469746c655f6d656e75223b733a333a226f6c64223b733a343a226c696e6b223b733a333a226f6c64223b733a353a22706573616e223b733a333a226f6c64223b733a353a227469746c65223b733a333a226e6577223b7d7365617263685f626f787c4e3b7469746c655f6d656e757c733a31303a224d6173746572204a616d223b6c696e6b7c733a31303a226d61737465722d6a616d223b706573616e7c733a3431313a223c64697620636c6173733d22616c65727420616c6572742d73756363657373223e0d0a202020202020202020202020202020202020202020202020202020203c627574746f6e20636c6173733d22636c6f73652220646174612d6469736d6973733d22616c657274223e2674696d65733b3c2f627574746f6e3e0d0a202020202020202020202020202020202020202020202020202020203c7374726f6e673e3c6920636c6173733d2266612066612d636865636b2d7371756172652d6f223e3c2f693e203c623e496e666f726d6173693a203c2f623e3c2f7374726f6e673e0d0a202020202020202020202020202020202020202020202020202020204461746120426572686173696c20646970657262617275692e3c6120687265663d22687474703a2f2f6c6f63616c686f73742f736973666f73656b6f6c61682f6d61696e2d6d656e752d61646d696e2f656469742f35322220636c6173733d22636f6e6669726d2d65646974223e3c753e456469743c2f753e3c2f613e0d0a2020202020202020202020202020202020202020202020203c2f6469763e223b7469746c657c733a31353a224d61696e204d656e752041646d696e223b),
('38tini554p1sghaifc3ves0gu1c4e80h', '::1', 1575562142, 0x5f5f63695f6c6173745f726567656e65726174657c693a313537353536313931333b7365617263685f626f787c4e3b73797374656d5f76616c75657c733a33323a223134393062333839613361653939646163313466616332343462326538633962223b5f5f63695f766172737c613a313a7b733a353a227469746c65223b733a333a226e6577223b7d7469746c657c733a31323a222053697377615f6b656c6173223b),
('3b94iqpn10fbd5da1cgk5e6cehc6gsej', '::1', 1573900310, 0x5f5f63695f6c6173745f726567656e65726174657c693a313537333930303239303b5f5f63695f766172737c613a313a7b733a353a227469746c65223b733a333a226e6577223b7d73797374656d5f76616c75657c733a33323a226538393938323634353637306230353861653133313364646333663233306535223b7469746c657c733a343a2245646974223b),
('3h0q8pdi8icciod36k1r5ufg5k81ol5s', '::1', 1575896156, 0x5f5f63695f6c6173745f726567656e65726174657c693a313537353839353836313b73797374656d5f76616c75657c733a33323a223065326633373436323736656639363561646234646435613563303461373839223b5f5f63695f766172737c613a313a7b733a353a227469746c65223b733a333a226e6577223b7d7365617263685f626f787c4e3b7469746c657c733a343a2245646974223b),
('3mi4cg0qhccl851ikq05lsar1lemltf6', '::1', 1575904127, 0x5f5f63695f6c6173745f726567656e65726174657c693a313537353930333833333b73797374656d5f76616c75657c733a33323a223135363434383864313930383937353230616637613431643864323964626631223b7365617263685f626f787c4e3b6e69705f677572757c4e3b5f5f63695f766172737c613a313a7b733a353a227469746c65223b733a333a226e6577223b7d7469746c657c733a343a2245646974223b),
('3shr6pmldhll0udhmenogeub2in50rb9', '::1', 1574665073, 0x5f5f63695f6c6173745f726567656e65726174657c693a313537343636343738353b73797374656d5f76616c75657c733a33323a226432636639363933383532653233353931303430313464353463383134313833223b7365617263685f626f787c4e3b5f5f63695f766172737c613a313a7b733a353a227469746c65223b733a333a226e6577223b7d7469746c657c733a31323a222053697377615f6b656c6173223b),
('42654hh17uvbuh3q46mv4vnas4u1h3k7', '::1', 1575562606, 0x5f5f63695f6c6173745f726567656e65726174657c693a313537353536323630353b7365617263685f626f787c4e3b73797374656d5f76616c75657c733a33323a223134393062333839613361653939646163313466616332343462326538633962223b5f5f63695f766172737c613a313a7b733a353a227469746c65223b733a333a226e6577223b7d7469746c657c733a31323a222053697377615f6b656c6173223b),
('46ld649dim4sbghsn2r9hp24plm4lv6a', '::1', 1575561610, 0x5f5f63695f6c6173745f726567656e65726174657c693a313537353536313331313b7365617263685f626f787c4e3b73797374656d5f76616c75657c733a33323a223134393062333839613361653939646163313466616332343462326538633962223b7469746c657c733a31393a2250616e656c2041646d696e6973747261746f72223b5f5f63695f766172737c613a313a7b733a353a227469746c65223b733a333a226e6577223b7d),
('49vj687iebov7friifa6iq8udmm84797', '::1', 1574441847, 0x5f5f63695f6c6173745f726567656e65726174657c693a313537343434313834373b73797374656d5f76616c75657c733a33323a223765386365303837656235353734323862343231316330626565386438343964223b7365617263685f626f787c4e3b7469746c657c733a333a22416464223b5f5f63695f766172737c613a313a7b733a353a227469746c65223b733a333a226e6577223b7d),
('4h769uil26lb9qatrduoj0oluvgb2a5t', '::1', 1574073873, 0x5f5f63695f6c6173745f726567656e65726174657c693a313537343037333539393b73797374656d5f76616c75657c733a33323a226362376235656332653934613662323036366134386136373939613337393963223b7365617263685f626f787c733a313a2231223b5f5f63695f766172737c613a323a7b733a353a227469746c65223b733a333a226e6577223b733a31303a227365617263685f626f78223b733a333a226e6577223b7d7469746c657c733a31353a224461746120426168616e20416a6172223b),
('4l98j9todpisbp8attd2hae2kll2k06k', '::1', 1574610871, 0x5f5f63695f6c6173745f726567656e65726174657c693a313537343631303737363b5f5f63695f766172737c613a313a7b733a353a227469746c65223b733a333a226e6577223b7d73797374656d5f76616c75657c733a33323a223137326530366434623830633233623132626531643131343637383862356632223b7365617263685f626f787c4e3b7469746c657c733a31313a224e696c6169205369737761223b),
('509qbehou1ovji9vcm5o5qin9icm6352', '::1', 1575696492, 0x5f5f63695f6c6173745f726567656e65726174657c693a313537353639363333373b73797374656d5f76616c75657c733a33323a223232376364346332666461336639363137316164333730313637323732313632223b7365617263685f626f787c4e3b7469746c657c733a32313a2244617461204a616477616c2050656c616a6172616e223b5f5f63695f766172737c613a313a7b733a353a227469746c65223b733a333a226e6577223b7d),
('50e8qud8v369frii37sev1l00n7aqp7o', '::1', 1574665388, 0x5f5f63695f6c6173745f726567656e65726174657c693a313537343636353130323b73797374656d5f76616c75657c733a33323a226432636639363933383532653233353931303430313464353463383134313833223b7365617263685f626f787c4e3b5f5f63695f766172737c613a313a7b733a353a227469746c65223b733a333a226e6577223b7d7469746c657c733a333a22416464223b),
('52jv39umqss66pin5iblvoo18sfge4v9', '::1', 1575363686, 0x5f5f63695f6c6173745f726567656e65726174657c693a313537353336333638353b),
('54dfeqd4bbko7ae0uksbri6pnk7tmcv3', '::1', 1575901244, 0x5f5f63695f6c6173745f726567656e65726174657c693a313537353930303937373b73797374656d5f76616c75657c733a33323a223135363434383864313930383937353230616637613431643864323964626631223b7365617263685f626f787c4e3b6e69705f677572757c4e3b6e69737c733a343a2231303131223b5f5f63695f766172737c613a363a7b733a333a226e6973223b733a333a226f6c64223b733a343a2264617465223b733a333a226f6c64223b733a31323a227065726d6173616c6168616e223b733a333a226f6c64223b733a31323a2270656e79656c65736169616e223b733a333a226f6c64223b733a353a22706573616e223b733a333a226f6c64223b733a353a227469746c65223b733a333a226e6577223b7d646174657c733a31303a22323031392d31322d3234223b7065726d6173616c6168616e7c733a363a22313131313131223b70656e79656c65736169616e7c733a363a22313131313131223b706573616e7c733a3430373a223c64697620636c6173733d22616c65727420616c6572742d73756363657373223e0a202020202020202020202020202020202020202020202020202020203c627574746f6e20636c6173733d22636c6f73652220646174612d6469736d6973733d22616c657274223e2674696d65733b3c2f627574746f6e3e0a202020202020202020202020202020202020202020202020202020203c7374726f6e673e3c6920636c6173733d2266612066612d636865636b2d7371756172652d6f223e3c2f693e203c623e496e666f726d6173693a203c2f623e3c2f7374726f6e673e0a202020202020202020202020202020202020202020202020202020204461746120426572686173696c20646973696d70616e2e3c6120687265663d22687474703a2f2f6c6f63616c686f73742f736973666f73656b6f6c61682f62696d62696e67616e2d6b6f6e73656c696e672f656469742f2220636c6173733d22636f6e6669726d2d65646974223e3c753e456469743c2f753e3c2f613e0a2020202020202020202020202020202020202020202020203c2f6469763e223b7469746c657c733a31393a2242696d62696e67616e204b6f6e73656c696e67223b),
('574lvi6bl36t372muhm5da6hp4me240c', '::1', 1575548274, 0x5f5f63695f6c6173745f726567656e65726174657c693a313537353534383132373b5f5f63695f766172737c613a313a7b733a353a227469746c65223b733a333a226e6577223b7d73797374656d5f76616c75657c733a33323a223533316632353537313466356636373533663139613663343335353365303334223b7469746c657c733a31393a2250616e656c2041646d696e6973747261746f72223b7365617263685f626f787c4e3b),
('5etb97bsrb2nekd1lcqo21jr0oe0v9f4', '::1', 1575550483, 0x5f5f63695f6c6173745f726567656e65726174657c693a313537353535303438333b5f5f63695f766172737c613a313a7b733a353a227469746c65223b733a333a226e6577223b7d73797374656d5f76616c75657c733a33323a223533316632353537313466356636373533663139613663343335353365303334223b7365617263685f626f787c4e3b7469746c657c733a32333a224d6173746572204a616477616c2050656c616a6172616e223b),
('5n8hdbboutce98j3ftg0iunjsms28vjl', '::1', 1575688323, 0x5f5f63695f6c6173745f726567656e65726174657c693a313537353638383237313b5f5f63695f766172737c613a313a7b733a353a227469746c65223b733a333a226e6577223b7d73797374656d5f76616c75657c733a33323a223232376364346332666461336639363137316164333730313637323732313632223b7469746c657c733a333a22416464223b),
('5pc2s41m2abcfskacq97ql6vb1nn2419', '::1', 1574667905, 0x5f5f63695f6c6173745f726567656e65726174657c693a313537343636373631303b73797374656d5f76616c75657c733a33323a226432636639363933383532653233353931303430313464353463383134313833223b7365617263685f626f787c4e3b5f5f63695f766172737c613a343a7b733a353a227469746c65223b733a333a226f6c64223b733a383a2269645f6b656c6173223b733a333a226e6577223b733a383a2269645f7369737761223b733a333a226e6577223b733a31353a2269645f746168756e5f616a6172616e223b733a333a226e6577223b7d7469746c657c733a343a2245646974223b69645f6b656c61737c733a313a2231223b69645f73697377617c733a313a2232223b69645f746168756e5f616a6172616e7c733a313a2231223b),
('60mah34f0he95t8t6us5sv4i8br0r2he', '::1', 1575900456, 0x5f5f63695f6c6173745f726567656e65726174657c693a313537353930303230383b73797374656d5f76616c75657c733a33323a223135363434383864313930383937353230616637613431643864323964626631223b7365617263685f626f787c4e3b7469746c657c733a31343a2250656d6261796172616e20535050223b5f5f63695f766172737c613a313a7b733a353a227469746c65223b733a333a226e6577223b7d),
('65atva2rdijsmuvpedldp8ujede9p39e', '::1', 1574674278, 0x5f5f63695f6c6173745f726567656e65726174657c693a313537343637343237373b73797374656d5f76616c75657c733a33323a226432636639363933383532653233353931303430313464353463383134313833223b7365617263685f626f787c4e3b7469746c657c733a31393a2250616e656c2041646d696e6973747261746f72223b5f5f63695f766172737c613a313a7b733a353a227469746c65223b733a333a226e6577223b7d),
('68n9mclfnv4vmdj0m4hm5d4g8gu3o06c', '::1', 1575689043, 0x5f5f63695f6c6173745f726567656e65726174657c693a313537353638383932353b5f5f63695f766172737c613a313a7b733a353a227469746c65223b733a333a226e6577223b7d73797374656d5f76616c75657c733a33323a223232376364346332666461336639363137316164333730313637323732313632223b7469746c657c733a32333a224d6173746572204a616477616c2050656c616a6172616e223b),
('6d32vrslnsq33pm9lr1otl4ofndcdpoa', '::1', 1574727860, 0x5f5f63695f6c6173745f726567656e65726174657c693a313537343732373539373b5f5f63695f766172737c613a313a7b733a353a227469746c65223b733a333a226e6577223b7d73797374656d5f76616c75657c733a33323a223136366332623430346266386234623163356435326630633664363838303562223b7469746c657c733a333a22416464223b7365617263685f626f787c4e3b),
('6d7vqess6ilqcaqp87r5u6184dund75s', '::1', 1575880176, 0x5f5f63695f6c6173745f726567656e65726174657c693a313537353838303135363b5f5f63695f766172737c613a313a7b733a353a227469746c65223b733a333a226e6577223b7d73797374656d5f76616c75657c733a33323a226665623930363461663866343437396462323864366263653536376436633338223b7469746c657c733a32333a224d6173746572204a616477616c2050656c616a6172616e223b),
('6h9uansc5c4l7v13uoc2ckacv54umg5i', '::1', 1574074267, 0x5f5f63695f6c6173745f726567656e65726174657c693a313537343037343031333b73797374656d5f76616c75657c733a33323a226362376235656332653934613662323036366134386136373939613337393963223b5f5f63695f766172737c613a353a7b733a373a2269645f67757275223b733a333a226f6c64223b733a383a2269645f6b656c6173223b733a333a226f6c64223b733a31303a2269645f6a75727573616e223b733a333a226f6c64223b733a353a22706573616e223b733a333a226f6c64223b733a353a227469746c65223b733a333a226e6577223b7d69645f677572757c733a313a2231223b69645f6b656c61737c733a313a2231223b69645f6a75727573616e7c733a313a2231223b706573616e7c733a3335323a223c64697620636c6173733d22616c65727420616c6572742d73756363657373223e0d0a202020202020202020202020202020202020202020202020202020203c627574746f6e20636c6173733d22636c6f73652220646174612d6469736d6973733d22616c657274223e2674696d65733b3c2f627574746f6e3e0d0a202020202020202020202020202020202020202020202020202020203c7374726f6e673e3c6920636c6173733d2266612066612d636865636b2d7371756172652d6f223e3c2f693e203c623e496e666f726d6173693a203c2f623e3c2f7374726f6e673e0d0a202020202020202020202020202020202020202020202020202020204461746120426572686173696c20646973696d70616e2e3c6120687265663d222220636c6173733d22636f6e6669726d2d65646974223e3c753e3c2f753e3c2f613e0d0a2020202020202020202020202020202020202020202020203c2f6469763e223b7469746c657c733a31353a224461746120426168616e20416a6172223b7365617263685f626f787c4e3b),
('6ma7p51rf1are3gie26n9d0f0mr7mp86', '::1', 1575901551, 0x5f5f63695f6c6173745f726567656e65726174657c693a313537353930313333343b73797374656d5f76616c75657c733a33323a223135363434383864313930383937353230616637613431643864323964626631223b7365617263685f626f787c4e3b6e69705f677572757c4e3b5f5f63695f766172737c613a313a7b733a353a227469746c65223b733a333a226e6577223b7d7469746c657c733a343a2245646974223b),
('6t21vqdmsnkggdq6a66mkv0jjer26t6o', '::1', 1574952384, 0x5f5f63695f6c6173745f726567656e65726174657c693a313537343935323239343b5f5f63695f766172737c613a313a7b733a353a227469746c65223b733a333a226e6577223b7d73797374656d5f76616c75657c733a33323a226164633233326562316262306635323033373064386261653663303136383366223b7365617263685f626f787c4e3b7469746c657c733a32313a2244617461204a616477616c2050656c616a6172616e223b),
('6ueeeniqugsqglfntukot4qk3aloqk9m', '::1', 1573903022, 0x5f5f63695f6c6173745f726567656e65726174657c693a313537333930323732333b73797374656d5f76616c75657c733a33323a226538393938323634353637306230353861653133313364646333663233306535223b7365617263685f626f787c4e3b5f5f63695f766172737c613a313a7b733a353a227469746c65223b733a333a226e6577223b7d7469746c657c733a393a22446174612047757275223b),
('70qj5ar899ruf677ue2ngdpjp2a068a6', '::1', 1574678977, 0x5f5f63695f6c6173745f726567656e65726174657c693a313537343637383832333b73797374656d5f76616c75657c733a33323a226432636639363933383532653233353931303430313464353463383134313833223b7365617263685f626f787c4e3b7469746c657c733a31303a2244617461205369737761223b5f5f63695f766172737c613a313a7b733a353a227469746c65223b733a333a226e6577223b7d),
('726p55vsgca7j4qnb3ahten5c30p7ggp', '::1', 1574436879, 0x5f5f63695f6c6173745f726567656e65726174657c693a313537343433363837393b73797374656d5f76616c75657c733a33323a223765386365303837656235353734323862343231316330626565386438343964223b7365617263685f626f787c4e3b7469746c657c733a333a22416464223b5f5f63695f766172737c613a313a7b733a353a227469746c65223b733a333a226e6577223b7d),
('78q52jv6rhmdca9mdus6tf2lq6tk81jl', '::1', 1575696048, 0x5f5f63695f6c6173745f726567656e65726174657c693a313537353639363033353b73797374656d5f76616c75657c733a33323a223232376364346332666461336639363137316164333730313637323732313632223b7365617263685f626f787c4e3b7469746c657c733a32333a224d6173746572204a616477616c2050656c616a6172616e223b5f5f63695f766172737c613a313a7b733a353a227469746c65223b733a333a226e6577223b7d),
('79flohoot8idnqh8ubj4ph6vngjjlo2h', '::1', 1575562545, 0x5f5f63695f6c6173745f726567656e65726174657c693a313537353536323238343b7365617263685f626f787c4e3b73797374656d5f76616c75657c733a33323a223134393062333839613361653939646163313466616332343462326538633962223b5f5f63695f766172737c613a313a7b733a353a227469746c65223b733a333a226e6577223b7d7469746c657c733a333a22416464223b),
('7rjvg5d3pan60a44ovnfmr9gb7ovl661', '::1', 1575688924, 0x5f5f63695f6c6173745f726567656e65726174657c693a313537353638383632343b5f5f63695f766172737c613a313a7b733a353a22706573616e223b733a333a226e6577223b7d73797374656d5f76616c75657c733a33323a223232376364346332666461336639363137316164333730313637323732313632223b706573616e7c733a3335313a223c64697620636c6173733d22616c65727420616c6572742d73756363657373223e0d0a202020202020202020202020202020202020202020202020202020203c627574746f6e20636c6173733d22636c6f73652220646174612d6469736d6973733d22616c657274223e2674696d65733b3c2f627574746f6e3e0d0a202020202020202020202020202020202020202020202020202020203c7374726f6e673e3c6920636c6173733d2266612066612d636865636b2d7371756172652d6f223e3c2f693e203c623e496e666f726d6173693a203c2f623e3c2f7374726f6e673e0d0a202020202020202020202020202020202020202020202020202020204461746120426572686173696c20646968617075732e3c6120687265663d222220636c6173733d22636f6e6669726d2d65646974223e3c753e3c2f753e3c2f613e0d0a2020202020202020202020202020202020202020202020203c2f6469763e223b),
('89e256or1mgn4u1g7dv52u27k43cp92f', '::1', 1575693559, 0x5f5f63695f6c6173745f726567656e65726174657c693a313537353639333331313b73797374656d5f76616c75657c733a33323a223232376364346332666461336639363137316164333730313637323732313632223b7365617263685f626f787c4e3b7469746c657c733a32313a2244617461204a616477616c2050656c616a6172616e223b5f5f63695f766172737c613a313a7b733a353a227469746c65223b733a333a226e6577223b7d),
('8k9ait9ta12i5ne1qlmh7d427e2is4r9', '::1', 1575698703, 0x5f5f63695f6c6173745f726567656e65726174657c693a313537353639383531383b73797374656d5f76616c75657c733a33323a223232376364346332666461336639363137316164333730313637323732313632223b7365617263685f626f787c4e3b7469746c657c733a32313a2244617461204a616477616c2050656c616a6172616e223b5f5f63695f766172737c613a313a7b733a353a227469746c65223b733a333a226e6577223b7d),
('8lp61b9c0hssq84gomn32qg7m5gqd36o', '::1', 1575691164, 0x5f5f63695f6c6173745f726567656e65726174657c693a313537353639313035303b73797374656d5f76616c75657c733a33323a223232376364346332666461336639363137316164333730313637323732313632223b5f5f63695f766172737c613a31303a7b733a343a2268617269223b733a333a226f6c64223b733a363a2269645f6a616d223b733a333a226f6c64223b733a383a2269645f6b656c6173223b733a333a226f6c64223b733a31343a2269645f6d6170656c5f6b656c6173223b733a333a226f6c64223b733a363a22616273656e31223b733a333a226f6c64223b733a363a22616273656e32223b733a333a226f6c64223b733a333a226e6973223b733a333a226f6c64223b733a31373a226b65746572616e67616e5f6d6174657269223b733a333a226f6c64223b733a353a22706573616e223b733a333a226f6c64223b733a353a227469746c65223b733a333a226e6577223b7d686172697c733a353a225361627475223b69645f6a616d7c733a313a2231223b69645f6b656c61737c733a313a2235223b69645f6d6170656c5f6b656c61737c733a313a2233223b616273656e317c733a383a224164612047757275223b616273656e327c733a383a224164612047757275223b6e69737c733a333a22373737223b6b65746572616e67616e5f6d61746572697c733a393a22202020202020202061223b706573616e7c733a3431353a223c64697620636c6173733d22616c65727420616c6572742d73756363657373223e0d0a202020202020202020202020202020202020202020202020202020203c627574746f6e20636c6173733d22636c6f73652220646174612d6469736d6973733d22616c657274223e2674696d65733b3c2f627574746f6e3e0d0a202020202020202020202020202020202020202020202020202020203c7374726f6e673e3c6920636c6173733d2266612066612d636865636b2d7371756172652d6f223e3c2f693e203c623e496e666f726d6173693a203c2f623e3c2f7374726f6e673e0d0a202020202020202020202020202020202020202020202020202020204461746120426572686173696c20646973696d70616e2e3c6120687265663d22687474703a2f2f6c6f63616c686f73742f736973666f73656b6f6c61682f6d61737465722d6a616477616c2d70656c616a6172616e2f656469742f2220636c6173733d22636f6e6669726d2d65646974223e3c753e456469743c2f753e3c2f613e0d0a2020202020202020202020202020202020202020202020203c2f6469763e223b7469746c657c733a32333a224d6173746572204a616477616c2050656c616a6172616e223b),
('94o88avf2k61hfbm4dtsh3ek7ablp42i', '::1', 1573896779, 0x5f5f63695f6c6173745f726567656e65726174657c693a313537333839363532333b5f5f63695f766172737c613a383a7b733a333a226e6970223b733a333a226f6c64223b733a31313a2267656c61725f646570616e223b733a333a226f6c64223b733a31343a2267656c61725f62656c616b616e67223b733a333a226f6c64223b733a31323a226e616d615f6c656e676b6170223b733a333a226f6c64223b733a31323a2274656d7061745f6c61686972223b733a333a226f6c64223b733a31333a2274616e6767616c5f6c61686972223b733a333a226f6c64223b733a353a22706573616e223b733a333a226f6c64223b733a353a227469746c65223b733a333a226e6577223b7d73797374656d5f76616c75657c733a33323a226538393938323634353637306230353861653133313364646333663233306535223b7365617263685f626f787c4e3b6e69707c733a343a2237373737223b67656c61725f646570616e7c733a323a226472223b67656c61725f62656c616b616e677c733a353a226d2e6b6f6d223b6e616d615f6c656e676b61707c733a343a226b696b69223b74656d7061745f6c616869727c733a363a22706164616e67223b74616e6767616c5f6c616869727c733a31303a22313939302d30312d3031223b706573616e7c733a3335343a223c64697620636c6173733d22616c65727420616c6572742d73756363657373223e0d0a202020202020202020202020202020202020202020202020202020203c627574746f6e20636c6173733d22636c6f73652220646174612d6469736d6973733d22616c657274223e2674696d65733b3c2f627574746f6e3e0d0a202020202020202020202020202020202020202020202020202020203c7374726f6e673e3c6920636c6173733d2266612066612d636865636b2d7371756172652d6f223e3c2f693e203c623e496e666f726d6173693a203c2f623e3c2f7374726f6e673e0d0a202020202020202020202020202020202020202020202020202020204461746120426572686173696c20646970657262617275692e3c6120687265663d222220636c6173733d22636f6e6669726d2d65646974223e3c753e3c2f753e3c2f613e0d0a2020202020202020202020202020202020202020202020203c2f6469763e223b7469746c657c733a393a22446174612047757275223b),
('95dt2vmpqbrg9k52925u716cflb6qhah', '::1', 1575690517, 0x5f5f63695f6c6173745f726567656e65726174657c693a313537353639303333383b73797374656d5f76616c75657c733a33323a223232376364346332666461336639363137316164333730313637323732313632223b7469746c657c733a32333a224d6173746572204a616477616c2050656c616a6172616e223b5f5f63695f766172737c613a313a7b733a353a227469746c65223b733a333a226e6577223b7d),
('9882fns7rnalnnb63b01onp3lov6gvrd', '::1', 1574045278, 0x5f5f63695f6c6173745f726567656e65726174657c693a313537343034353138303b73797374656d5f76616c75657c733a33323a226236663035663638646333616539363265343064323931303233363437323031223b5f5f63695f766172737c613a353a7b733a31323a227469746c655f6d6f64756c65223b733a333a226f6c64223b733a31313a225f636f6e74726f6c6c6572223b733a333a226f6c64223b733a393a225f66756e6374696f6e223b733a333a226f6c64223b733a353a22706573616e223b733a333a226f6c64223b733a353a227469746c65223b733a333a226e6577223b7d7365617263685f626f787c4e3b7469746c655f6d6f64756c657c733a31303a22426168616e20416a6172223b5f636f6e74726f6c6c65727c733a31303a22626168616e5f616a6172223b5f66756e6374696f6e7c733a363a2264656c657465223b706573616e7c733a3430313a223c64697620636c6173733d22616c65727420616c6572742d73756363657373223e0d0a202020202020202020202020202020202020202020202020202020203c627574746f6e20636c6173733d22636c6f73652220646174612d6469736d6973733d22616c657274223e2674696d65733b3c2f627574746f6e3e0d0a202020202020202020202020202020202020202020202020202020203c7374726f6e673e3c6920636c6173733d2266612066612d636865636b2d7371756172652d6f223e3c2f693e203c623e496e666f726d6173693a203c2f623e3c2f7374726f6e673e0d0a202020202020202020202020202020202020202020202020202020204461746120426572686173696c20646973696d70616e2e3c6120687265663d22687474703a2f2f6c6f63616c686f73742f736973666f73656b6f6c61682f6d6f64756c652f656469742f3134322220636c6173733d22636f6e6669726d2d65646974223e3c753e456469743c2f753e3c2f613e0d0a2020202020202020202020202020202020202020202020203c2f6469763e223b7469746c657c733a363a224d6f64756c65223b),
('992j37l0ds7t0fc3gij2dh18vii3vqvo', '::1', 1573899542, 0x5f5f63695f6c6173745f726567656e65726174657c693a313537333839393235373b5f5f63695f766172737c613a323a7b733a353a227469746c65223b733a333a226e6577223b733a31303a227365617263685f626f78223b733a333a226f6c64223b7d73797374656d5f76616c75657c733a33323a226538393938323634353637306230353861653133313364646333663233306535223b7469746c657c733a343a2245646974223b7365617263685f626f787c733a333a22373030223b),
('99duft5k17dp1667o018ose2i4bku24g', '::1', 1574901502, 0x5f5f63695f6c6173745f726567656e65726174657c693a313537343930313230323b5f5f63695f766172737c613a313a7b733a353a227469746c65223b733a333a226e6577223b7d73797374656d5f76616c75657c733a33323a226461396361366538353262653534643535633232613266623635313939323235223b7469746c657c733a32333a224d6173746572204a616477616c2050656c616a6172616e223b7365617263685f626f787c4e3b),
('9c777bktgtp17om1jbr01d8s7ibcbtea', '::1', 1574948537, 0x5f5f63695f6c6173745f726567656e65726174657c693a313537343934383533363b),
('9ogm5p694f78n48l86v8quvfe32bkkss', '::1', 1573902406, 0x5f5f63695f6c6173745f726567656e65726174657c693a313537333930323130393b73797374656d5f76616c75657c733a33323a226538393938323634353637306230353861653133313364646333663233306535223b7365617263685f626f787c4e3b7469746c657c733a393a22446174612047757275223b5f5f63695f766172737c613a313a7b733a353a227469746c65223b733a333a226e6577223b7d),
('a6elfhmtu1gsj16svbvhebr6snlab770', '::1', 1573897262, 0x5f5f63695f6c6173745f726567656e65726174657c693a313537333839373033333b5f5f63695f766172737c613a313a7b733a353a227469746c65223b733a333a226e6577223b7d73797374656d5f76616c75657c733a33323a226538393938323634353637306230353861653133313364646333663233306535223b7469746c657c733a343a2245646974223b7365617263685f626f787c4e3b),
('a6savpr01aamiqpqmbb8n7rs1uv3vni3', '::1', 1574072455, 0x5f5f63695f6c6173745f726567656e65726174657c693a313537343037323137343b5f5f63695f766172737c613a313a7b733a353a227469746c65223b733a333a226e6577223b7d73797374656d5f76616c75657c733a33323a226362376235656332653934613662323036366134386136373939613337393963223b7365617263685f626f787c4e3b7469746c657c733a31353a224461746120426168616e20416a6172223b),
('aakvk5b3q8oej2qn4q0di52fr6uu4f3e', '::1', 1575555557, 0x5f5f63695f6c6173745f726567656e65726174657c693a313537353535353436363b7365617263685f626f787c4e3b757365726e616d657c733a343a2262657965223b5f5f63695f766172737c613a323a7b733a383a22757365726e616d65223b733a333a226f6c64223b733a353a227469746c65223b733a333a226e6577223b7d73797374656d5f76616c75657c733a33323a223134393062333839613361653939646163313466616332343462326538633962223b7469746c657c733a31393a2250616e656c2041646d696e6973747261746f72223b),
('aehhe3f8a62oaa24ri0rg2sgv48fe50l', '::1', 1573876892, 0x5f5f63695f6c6173745f726567656e65726174657c693a313537333837363731333b5f5f63695f766172737c613a313a7b733a353a227469746c65223b733a333a226e6577223b7d73797374656d5f76616c75657c733a33323a226430353661386334376162316361373662363034393731623561363230393161223b7365617263685f626f787c4e3b7469746c657c733a32333a224d6173746572204a616477616c2050656c616a6172616e223b),
('aimg8g8bcarqfus7v3rb7aq7qifvi9hp', '::1', 1575697980, 0x5f5f63695f6c6173745f726567656e65726174657c693a313537353639373838353b73797374656d5f76616c75657c733a33323a223232376364346332666461336639363137316164333730313637323732313632223b7365617263685f626f787c4e3b7469746c657c733a32333a224d6173746572204a616477616c2050656c616a6172616e223b5f5f63695f766172737c613a313a7b733a353a227469746c65223b733a333a226e6577223b7d),
('apf5lhcr192kfie77p5j0qeeeip0fu95', '::1', 1575554672, 0x5f5f63695f6c6173745f726567656e65726174657c693a313537353535343337323b5f5f63695f766172737c613a313a7b733a353a227469746c65223b733a333a226e6577223b7d73797374656d5f76616c75657c733a33323a223533316632353537313466356636373533663139613663343335353365303334223b7365617263685f626f787c4e3b7469746c657c733a333a22416464223b),
('aqgdq071pkn7218t2t7cs7a65fv4sh9p', '::1', 1573903677, 0x5f5f63695f6c6173745f726567656e65726174657c693a313537333930333337373b73797374656d5f76616c75657c733a33323a226538393938323634353637306230353861653133313364646333663233306535223b7365617263685f626f787c4e3b5f5f63695f766172737c613a313a7b733a353a227469746c65223b733a333a226f6c64223b7d7469746c657c733a393a22446174612047757275223b),
('aqrmn8h706k5nmu0ggi9lv9jl2n1qn2m', '::1', 1575897306, 0x5f5f63695f6c6173745f726567656e65726174657c693a313537353839373330363b73797374656d5f76616c75657c733a33323a223065326633373436323736656639363561646234646435613563303461373839223b5f5f63695f766172737c613a313a7b733a353a227469746c65223b733a333a226e6577223b7d7365617263685f626f787c4e3b7469746c657c733a31393a2250616e656c2041646d696e6973747261746f72223b),
('assc02llmlhhq19qogrbma7khcgj66mi', '::1', 1574069419, 0x5f5f63695f6c6173745f726567656e65726174657c693a313537343036393431393b),
('audktuknsntro840cf1jgt33kn4ns4t5', '::1', 1573879708, 0x5f5f63695f6c6173745f726567656e65726174657c693a313537333837393730383b5f5f63695f766172737c613a313a7b733a353a227469746c65223b733a333a226e6577223b7d73797374656d5f76616c75657c733a33323a226430353661386334376162316361373662363034393731623561363230393161223b7365617263685f626f787c4e3b7469746c657c733a32333a224d6173746572204a616477616c2050656c616a6172616e223b),
('b20ojv72qluj2iq3bgs5m431evoc3ijg', '::1', 1575549455, 0x5f5f63695f6c6173745f726567656e65726174657c693a313537353534393139393b5f5f63695f766172737c613a373a7b733a343a2268617269223b733a333a226f6c64223b733a363a2269645f6a616d223b733a333a226f6c64223b733a383a2269645f6b656c6173223b733a333a226f6c64223b733a31343a2269645f6d6170656c5f6b656c6173223b733a333a226f6c64223b733a31303a2274616e64615f67757275223b733a333a226f6c64223b733a353a22706573616e223b733a333a226f6c64223b733a353a227469746c65223b733a333a226e6577223b7d73797374656d5f76616c75657c733a33323a223533316632353537313466356636373533663139613663343335353365303334223b7365617263685f626f787c4e3b686172697c733a353a2253656e696e223b69645f6a616d7c733a313a2231223b69645f6b656c61737c733a313a2235223b69645f6d6170656c5f6b656c61737c733a313a2232223b74616e64615f677572757c733a313a2232223b706573616e7c733a3335343a223c64697620636c6173733d22616c65727420616c6572742d73756363657373223e0d0a202020202020202020202020202020202020202020202020202020203c627574746f6e20636c6173733d22636c6f73652220646174612d6469736d6973733d22616c657274223e2674696d65733b3c2f627574746f6e3e0d0a202020202020202020202020202020202020202020202020202020203c7374726f6e673e3c6920636c6173733d2266612066612d636865636b2d7371756172652d6f223e3c2f693e203c623e496e666f726d6173693a203c2f623e3c2f7374726f6e673e0d0a202020202020202020202020202020202020202020202020202020204461746120426572686173696c20646970657262617275692e3c6120687265663d222220636c6173733d22636f6e6669726d2d65646974223e3c753e3c2f753e3c2f613e0d0a2020202020202020202020202020202020202020202020203c2f6469763e223b7469746c657c733a32333a224d6173746572204a616477616c2050656c616a6172616e223b),
('b4215ptad2e43uam9fp20692ame9igcd', '::1', 1574685517, 0x5f5f63695f6c6173745f726567656e65726174657c693a313537343638353233303b73797374656d5f76616c75657c733a33323a226432636639363933383532653233353931303430313464353463383134313833223b7365617263685f626f787c4e3b5f5f63695f766172737c613a313a7b733a353a227469746c65223b733a333a226e6577223b7d7469746c657c733a32333a224d6173746572204a616477616c2050656c616a6172616e223b),
('b5sl81uh695mghmvb853e51ckeakcmfp', '::1', 1573876581, 0x5f5f63695f6c6173745f726567656e65726174657c693a313537333837363338363b5f5f63695f766172737c613a313a7b733a353a227469746c65223b733a333a226e6577223b7d73797374656d5f76616c75657c733a33323a226430353661386334376162316361373662363034393731623561363230393161223b7365617263685f626f787c4e3b7469746c657c733a32333a224d6173746572204a616477616c2050656c616a6172616e223b),
('bc0i0at2g1d6qtucv19gitirn34lsfqp', '::1', 1575900193, 0x5f5f63695f6c6173745f726567656e65726174657c693a313537353839393930343b73797374656d5f76616c75657c733a33323a223135363434383864313930383937353230616637613431643864323964626631223b7365617263685f626f787c4e3b5f5f63695f766172737c613a353a7b733a31323a227469746c655f6d6f64756c65223b733a333a226f6c64223b733a31313a225f636f6e74726f6c6c6572223b733a333a226f6c64223b733a393a225f66756e6374696f6e223b733a333a226f6c64223b733a353a22706573616e223b733a333a226f6c64223b733a353a227469746c65223b733a333a226e6577223b7d7469746c655f6d6f64756c657c733a32373a2250656d6261796172616e20535050204b656c617320286564697429223b5f636f6e74726f6c6c65727c733a32303a2270656d6261796172616e5f7370705f6b656c6173223b5f66756e6374696f6e7c733a363a2264656c657465223b706573616e7c733a3339393a223c64697620636c6173733d22616c65727420616c6572742d73756363657373223e0a202020202020202020202020202020202020202020202020202020203c627574746f6e20636c6173733d22636c6f73652220646174612d6469736d6973733d22616c657274223e2674696d65733b3c2f627574746f6e3e0a202020202020202020202020202020202020202020202020202020203c7374726f6e673e3c6920636c6173733d2266612066612d636865636b2d7371756172652d6f223e3c2f693e203c623e496e666f726d6173693a203c2f623e3c2f7374726f6e673e0a202020202020202020202020202020202020202020202020202020204461746120426572686173696c20646970657262617275692e3c6120687265663d22687474703a2f2f6c6f63616c686f73742f736973666f73656b6f6c61682f6d6f64756c652f656469742f3139322220636c6173733d22636f6e6669726d2d65646974223e3c753e456469743c2f753e3c2f613e0a2020202020202020202020202020202020202020202020203c2f6469763e223b7469746c657c733a363a224d6f64756c65223b),
('bdhukmqqtola296ggglnl7abjf1ejvcd', '::1', 1575550479, 0x5f5f63695f6c6173745f726567656e65726174657c693a313537353535303138323b5f5f63695f766172737c613a313a7b733a353a227469746c65223b733a333a226e6577223b7d73797374656d5f76616c75657c733a33323a223533316632353537313466356636373533663139613663343335353365303334223b7365617263685f626f787c4e3b7469746c657c733a31393a2250616e656c2041646d696e6973747261746f72223b),
('bdupn3reqe28f88fo0jmn4tl9rei47aq', '::1', 1575898295, 0x5f5f63695f6c6173745f726567656e65726174657c693a313537353839383032313b73797374656d5f76616c75657c733a33323a223135363434383864313930383937353230616637613431643864323964626631223b7365617263685f626f787c4e3b5f5f63695f766172737c613a313a7b733a353a227469746c65223b733a333a226e6577223b7d7469746c657c733a31393a2242696d62696e67616e204b6f6e73656c696e67223b),
('beddvonlvmp0e14sv046rhrf4mrgkauq', '::1', 1575897993, 0x5f5f63695f6c6173745f726567656e65726174657c693a313537353839373731333b73797374656d5f76616c75657c733a33323a223135363434383864313930383937353230616637613431643864323964626631223b7365617263685f626f787c4e3b5f5f63695f766172737c613a313a7b733a353a227469746c65223b733a333a226e6577223b7d7469746c657c733a363a224d6f64756c65223b),
('bf0dsp3koejl679tqerosgjncp8ogfrr', '::1', 1574666075, 0x5f5f63695f6c6173745f726567656e65726174657c693a313537343636353832303b73797374656d5f76616c75657c733a33323a226432636639363933383532653233353931303430313464353463383134313833223b7365617263685f626f787c4e3b5f5f63695f766172737c613a313a7b733a353a227469746c65223b733a333a226e6577223b7d7469746c657c733a333a22416464223b),
('bja030lanv7htfu7a84scat58a5q3d5i', '::1', 1574663743, 0x5f5f63695f6c6173745f726567656e65726174657c693a313537343636333636313b5f5f63695f766172737c613a313a7b733a353a227469746c65223b733a333a226e6577223b7d73797374656d5f76616c75657c733a33323a226432636639363933383532653233353931303430313464353463383134313833223b7365617263685f626f787c4e3b7469746c657c733a31383a224d61737465722053697377615f6b656c6173223b),
('bq1q8hedent66l947u6afocsbp92ehnf', '::1', 1575895555, 0x5f5f63695f6c6173745f726567656e65726174657c693a313537353839353436333b5f5f63695f766172737c613a313a7b733a353a227469746c65223b733a333a226e6577223b7d73797374656d5f76616c75657c733a33323a223065326633373436323736656639363561646234646435613563303461373839223b7469746c657c733a32333a224d6173746572204a616477616c2050656c616a6172616e223b),
('btqitvcad7bo28ha3letnmvl8b225la9', '::1', 1574668265, 0x5f5f63695f6c6173745f726567656e65726174657c693a313537343636373936353b73797374656d5f76616c75657c733a33323a226432636639363933383532653233353931303430313464353463383134313833223b7365617263685f626f787c4e3b5f5f63695f766172737c613a313a7b733a353a227469746c65223b733a333a226e6577223b7d7469746c657c733a343a2245646974223b),
('c0hsi9dmojdqqpqldk9nv05k6hc0nk9g', '::1', 1574903034, 0x5f5f63695f6c6173745f726567656e65726174657c693a313537343930323737333b5f5f63695f766172737c613a313a7b733a353a227469746c65223b733a333a226e6577223b7d73797374656d5f76616c75657c733a33323a226461396361366538353262653534643535633232613266623635313939323235223b7469746c657c733a31323a222053697377615f6b656c6173223b7365617263685f626f787c4e3b),
('c4nkrt25ns9sdjc2a659k4044vg09vqc', '::1', 1575562931, 0x5f5f63695f6c6173745f726567656e65726174657c693a313537353536323932393b7365617263685f626f787c4e3b73797374656d5f76616c75657c733a33323a223134393062333839613361653939646163313466616332343462326538633962223b5f5f63695f766172737c613a313a7b733a353a227469746c65223b733a333a226e6577223b7d7469746c657c733a333a22416464223b),
('c8u9av57i071uba8skhqbjgm8n0ppjen', '::1', 1575548667, 0x5f5f63695f6c6173745f726567656e65726174657c693a313537353534383537393b5f5f63695f766172737c613a313a7b733a353a227469746c65223b733a333a226e6577223b7d73797374656d5f76616c75657c733a33323a223533316632353537313466356636373533663139613663343335353365303334223b7469746c657c733a31393a2250616e656c2041646d696e6973747261746f72223b7365617263685f626f787c4e3b);
INSERT INTO `ci_sessions` (`id`, `ip_address`, `timestamp`, `data`) VALUES
('chb7argcunhretl9lgf23gr5kifcf5fu', '::1', 1575899280, 0x5f5f63695f6c6173745f726567656e65726174657c693a313537353839383938343b73797374656d5f76616c75657c733a33323a223135363434383864313930383937353230616637613431643864323964626631223b7365617263685f626f787c4e3b5f5f63695f766172737c613a353a7b733a31323a227469746c655f6d6f64756c65223b733a333a226f6c64223b733a31313a225f636f6e74726f6c6c6572223b733a333a226f6c64223b733a393a225f66756e6374696f6e223b733a333a226f6c64223b733a353a22706573616e223b733a333a226f6c64223b733a353a227469746c65223b733a333a226e6577223b7d7469746c655f6d6f64756c657c733a32323a224c6567616c6973697220496a617a6168202861646429223b5f636f6e74726f6c6c65727c733a31363a226c6567616c697369725f696a617a6168223b5f66756e6374696f6e7c733a333a22616464223b706573616e7c733a3339373a223c64697620636c6173733d22616c65727420616c6572742d73756363657373223e0a202020202020202020202020202020202020202020202020202020203c627574746f6e20636c6173733d22636c6f73652220646174612d6469736d6973733d22616c657274223e2674696d65733b3c2f627574746f6e3e0a202020202020202020202020202020202020202020202020202020203c7374726f6e673e3c6920636c6173733d2266612066612d636865636b2d7371756172652d6f223e3c2f693e203c623e496e666f726d6173693a203c2f623e3c2f7374726f6e673e0a202020202020202020202020202020202020202020202020202020204461746120426572686173696c20646973696d70616e2e3c6120687265663d22687474703a2f2f6c6f63616c686f73742f736973666f73656b6f6c61682f6d6f64756c652f656469742f3136332220636c6173733d22636f6e6669726d2d65646974223e3c753e456469743c2f753e3c2f613e0a2020202020202020202020202020202020202020202020203c2f6469763e223b7469746c657c733a363a224d6f64756c65223b),
('cnddlghjstk3qrg4sbvcoas3ft6mbrtd', '::1', 1574074377, 0x5f5f63695f6c6173745f726567656e65726174657c693a313537343037343337373b73797374656d5f76616c75657c733a33323a226362376235656332653934613662323036366134386136373939613337393963223b5f5f63695f766172737c613a313a7b733a353a227469746c65223b733a333a226e6577223b7d7469746c657c733a31353a224461746120426168616e20416a6172223b7365617263685f626f787c4e3b),
('cq9si68pfqosssaarnmuvpqhr2ero27q', '::1', 1574950770, 0x5f5f63695f6c6173745f726567656e65726174657c693a313537343935303538363b5f5f63695f766172737c613a313a7b733a353a227469746c65223b733a333a226e6577223b7d73797374656d5f76616c75657c733a33323a226164633233326562316262306635323033373064386261653663303136383366223b7365617263685f626f787c4e3b7469746c657c733a31313a224e696c6169205369737761223b),
('dbd7ddbr76buq88pdjbt3g8lb5694cv7', '::1', 1574610711, 0x5f5f63695f6c6173745f726567656e65726174657c693a313537343631303431363b5f5f63695f766172737c613a313a7b733a353a227469746c65223b733a333a226e6577223b7d73797374656d5f76616c75657c733a33323a223137326530366434623830633233623132626531643131343637383862356632223b7365617263685f626f787c4e3b7469746c657c733a333a22416464223b),
('de5goh4jkn5ke2fms363k7663h45pdni', '::1', 1575901962, 0x5f5f63695f6c6173745f726567656e65726174657c693a313537353930313638333b73797374656d5f76616c75657c733a33323a223135363434383864313930383937353230616637613431643864323964626631223b7365617263685f626f787c4e3b6e69705f677572757c4e3b),
('dffsq4ppollobp2saga5ds6pfo68iekl', '::1', 1574044761, 0x5f5f63695f6c6173745f726567656e65726174657c693a313537343034343733383b73797374656d5f76616c75657c733a33323a226236663035663638646333616539363265343064323931303233363437323031223b5f5f63695f766172737c613a323a7b733a353a227469746c65223b733a333a226e6577223b733a31303a227365617263685f626f78223b733a333a226e6577223b7d7469746c657c733a393a22446174612067757275223b7365617263685f626f787c733a323a223131223b),
('dm7vq8jj2jaeser3jml3kp660r4hfoii', '::1', 1574728582, 0x5f5f63695f6c6173745f726567656e65726174657c693a313537343732383334393b5f5f63695f766172737c613a313a7b733a353a227469746c65223b733a333a226e6577223b7d73797374656d5f76616c75657c733a33323a223136366332623430346266386234623163356435326630633664363838303562223b7469746c657c733a333a22416464223b7365617263685f626f787c4e3b),
('e4d54vo0lm8i4cu0quot50pmtvp3v204', '::1', 1574685725, 0x5f5f63695f6c6173745f726567656e65726174657c693a313537343638353537313b73797374656d5f76616c75657c733a33323a226432636639363933383532653233353931303430313464353463383134313833223b7365617263685f626f787c4e3b5f5f63695f766172737c613a373a7b733a343a2268617269223b733a333a226f6c64223b733a363a2269645f6a616d223b733a333a226f6c64223b733a383a2269645f6b656c6173223b733a333a226f6c64223b733a31343a2269645f6d6170656c5f6b656c6173223b733a333a226f6c64223b733a31303a2274616e64615f67757275223b733a333a226f6c64223b733a353a22706573616e223b733a333a226f6c64223b733a353a227469746c65223b733a333a226e6577223b7d686172697c733a353a2253656e696e223b69645f6a616d7c733a313a2231223b69645f6b656c61737c733a313a2235223b69645f6d6170656c5f6b656c61737c733a313a2232223b74616e64615f677572757c733a313a2232223b706573616e7c733a3335343a223c64697620636c6173733d22616c65727420616c6572742d73756363657373223e0d0a202020202020202020202020202020202020202020202020202020203c627574746f6e20636c6173733d22636c6f73652220646174612d6469736d6973733d22616c657274223e2674696d65733b3c2f627574746f6e3e0d0a202020202020202020202020202020202020202020202020202020203c7374726f6e673e3c6920636c6173733d2266612066612d636865636b2d7371756172652d6f223e3c2f693e203c623e496e666f726d6173693a203c2f623e3c2f7374726f6e673e0d0a202020202020202020202020202020202020202020202020202020204461746120426572686173696c20646970657262617275692e3c6120687265663d222220636c6173733d22636f6e6669726d2d65646974223e3c753e3c2f753e3c2f613e0d0a2020202020202020202020202020202020202020202020203c2f6469763e223b7469746c657c733a32333a224d6173746572204a616477616c2050656c616a6172616e223b),
('e7dl5k2p71c3ltfocurru6bmb04447e1', '::1', 1574902402, 0x5f5f63695f6c6173745f726567656e65726174657c693a313537343930323335363b5f5f63695f766172737c613a353a7b733a383a2269645f6b656c6173223b733a333a226f6c64223b733a383a2269645f7369737761223b733a333a226f6c64223b733a31353a2269645f746168756e5f616a6172616e223b733a333a226f6c64223b733a353a22706573616e223b733a333a226f6c64223b733a353a227469746c65223b733a333a226e6577223b7d73797374656d5f76616c75657c733a33323a226461396361366538353262653534643535633232613266623635313939323235223b69645f6b656c61737c733a313a2231223b69645f73697377617c733a313a2232223b69645f746168756e5f616a6172616e7c733a313a2232223b706573616e7c733a3430333a223c64697620636c6173733d22616c65727420616c6572742d73756363657373223e0d0a202020202020202020202020202020202020202020202020202020203c627574746f6e20636c6173733d22636c6f73652220646174612d6469736d6973733d22616c657274223e2674696d65733b3c2f627574746f6e3e0d0a202020202020202020202020202020202020202020202020202020203c7374726f6e673e3c6920636c6173733d2266612066612d636865636b2d7371756172652d6f223e3c2f693e203c623e496e666f726d6173693a203c2f623e3c2f7374726f6e673e0d0a202020202020202020202020202020202020202020202020202020204461746120426572686173696c20646973696d70616e2e3c6120687265663d22687474703a2f2f6c6f63616c686f73742f736973666f73656b6f6c61682f73697377612d6b656c61732f656469742f2220636c6173733d22636f6e6669726d2d65646974223e3c753e456469743c2f753e3c2f613e0d0a2020202020202020202020202020202020202020202020203c2f6469763e223b7469746c657c733a31323a222053697377615f6b656c6173223b),
('ec5c7dtu4ies0if48dstlo0pqq27q07l', '::1', 1574663655, 0x5f5f63695f6c6173745f726567656e65726174657c693a313537343636333335363b5f5f63695f766172737c613a353a7b733a31323a227469746c655f6d6f64756c65223b733a333a226f6c64223b733a31313a225f636f6e74726f6c6c6572223b733a333a226f6c64223b733a393a225f66756e6374696f6e223b733a333a226f6c64223b733a353a22706573616e223b733a333a226f6c64223b733a353a227469746c65223b733a333a226e6577223b7d73797374656d5f76616c75657c733a33323a226432636639363933383532653233353931303430313464353463383134313833223b7365617263685f626f787c4e3b7469746c655f6d6f64756c657c733a31313a225369737761204b656c6173223b5f636f6e74726f6c6c65727c733a31313a2273697377615f6b656c6173223b5f66756e6374696f6e7c733a353a22696e646578223b706573616e7c733a3430313a223c64697620636c6173733d22616c65727420616c6572742d73756363657373223e0d0a202020202020202020202020202020202020202020202020202020203c627574746f6e20636c6173733d22636c6f73652220646174612d6469736d6973733d22616c657274223e2674696d65733b3c2f627574746f6e3e0d0a202020202020202020202020202020202020202020202020202020203c7374726f6e673e3c6920636c6173733d2266612066612d636865636b2d7371756172652d6f223e3c2f693e203c623e496e666f726d6173693a203c2f623e3c2f7374726f6e673e0d0a202020202020202020202020202020202020202020202020202020204461746120426572686173696c20646973696d70616e2e3c6120687265663d22687474703a2f2f6c6f63616c686f73742f736973666f73656b6f6c61682f6d6f64756c652f656469742f3134392220636c6173733d22636f6e6669726d2d65646974223e3c753e456469743c2f753e3c2f613e0d0a2020202020202020202020202020202020202020202020203c2f6469763e223b7469746c657c733a363a224d6f64756c65223b),
('ed3bcaamhhaq6ngl8trjtsba8ke7ppp3', '::1', 1573878142, 0x5f5f63695f6c6173745f726567656e65726174657c693a313537333837373932353b5f5f63695f766172737c613a313a7b733a353a227469746c65223b733a333a226e6577223b7d73797374656d5f76616c75657c733a33323a226430353661386334376162316361373662363034393731623561363230393161223b7365617263685f626f787c4e3b7469746c657c733a32333a224d6173746572204a616477616c2050656c616a6172616e223b),
('ehnor2jsc5p9t0r4mhkmipp6jkr1usf4', '::1', 1574957731, 0x5f5f63695f6c6173745f726567656e65726174657c693a313537343935373536303b5f5f63695f766172737c613a32333a7b733a333a226e6973223b733a333a226f6c64223b733a343a226e69736e223b733a333a226f6c64223b733a31323a226e616d615f6c656e676b6170223b733a333a226f6c64223b733a31323a2274656d7061745f6c61686972223b733a333a226f6c64223b733a31333a2274616e6767616c5f6c61686972223b733a333a226f6c64223b733a373a22616e616b5f6b65223b733a333a226f6c64223b733a32303a22616c616d61745f706573657274615f646964696b223b733a333a226f6c64223b733a31303a2274656c705f72756d6168223b733a333a226f6c64223b733a31323a2273656b6f6c61685f6173616c223b733a333a226f6c64223b733a31363a2274616e6767616c5f6469746572696d61223b733a333a226f6c64223b733a383a2264695f6b656c6173223b733a333a226f6c64223b733a393a226e616d615f61796168223b733a333a226f6c64223b733a383a226e616d615f696275223b733a333a226f6c64223b733a31363a22616c616d61745f6f72616e675f747561223b733a333a226f6c64223b733a31343a2274656c705f6f72616e675f747561223b733a333a226f6c64223b733a31343a2270656b65726a61616e5f61796168223b733a333a226f6c64223b733a31333a2270656b65726a61616e5f696275223b733a333a226f6c64223b733a393a226e616d615f77616c69223b733a333a226f6c64223b733a393a2274656c705f77616c69223b733a333a226f6c64223b733a31313a22616c616d61745f77616c69223b733a333a226f6c64223b733a31343a2270656b65726a61616e5f77616c69223b733a333a226f6c64223b733a353a22706573616e223b733a333a226f6c64223b733a353a227469746c65223b733a333a226e6577223b7d73797374656d5f76616c75657c733a33323a226164633233326562316262306635323033373064386261653663303136383366223b7365617263685f626f787c4e3b6e69737c733a333a22313939223b6e69736e7c733a333a22313939223b6e616d615f6c656e676b61707c733a333a226a6b68223b74656d7061745f6c616869727c733a343a226a686b6a223b74616e6767616c5f6c616869727c733a31303a22313131312d31312d3131223b616e616b5f6b657c733a313a2231223b616c616d61745f706573657274615f646964696b7c733a343a226b6a686a223b74656c705f72756d61687c733a323a223131223b73656b6f6c61685f6173616c7c733a353a226a6b686a6b223b74616e6767616c5f6469746572696d617c733a31303a22313131312d31312d3131223b64695f6b656c61737c733a313a226a223b6e616d615f617961687c733a323a226b6b223b6e616d615f6962757c733a333a226a6b68223b616c616d61745f6f72616e675f7475617c733a333a226b6a68223b74656c705f6f72616e675f7475617c733a323a223131223b70656b65726a61616e5f617961687c733a343a226a6b686b223b70656b65726a61616e5f6962757c733a333a226a686a223b6e616d615f77616c697c733a323a226a6b223b74656c705f77616c697c733a323a223131223b616c616d61745f77616c697c733a343a226a686a6b223b70656b65726a61616e5f77616c697c733a353a226a6b686a6b223b706573616e7c733a3335323a223c64697620636c6173733d22616c65727420616c6572742d73756363657373223e0d0a202020202020202020202020202020202020202020202020202020203c627574746f6e20636c6173733d22636c6f73652220646174612d6469736d6973733d22616c657274223e2674696d65733b3c2f627574746f6e3e0d0a202020202020202020202020202020202020202020202020202020203c7374726f6e673e3c6920636c6173733d2266612066612d636865636b2d7371756172652d6f223e3c2f693e203c623e496e666f726d6173693a203c2f623e3c2f7374726f6e673e0d0a202020202020202020202020202020202020202020202020202020204461746120426572686173696c20646973696d70616e2e3c6120687265663d222220636c6173733d22636f6e6669726d2d65646974223e3c753e3c2f753e3c2f613e0d0a2020202020202020202020202020202020202020202020203c2f6469763e223b7469746c657c733a31303a2244617461205369737761223b),
('ev3cmb09crb724i9mtifscgksh7qju08', '::1', 1575683763, 0x5f5f63695f6c6173745f726567656e65726174657c693a313537353638333736323b),
('fc94nlfjc07g8shra0u9768ha79sl15q', '::1', 1574072089, 0x5f5f63695f6c6173745f726567656e65726174657c693a313537343037313832343b5f5f63695f766172737c613a353a7b733a373a2269645f67757275223b733a333a226f6c64223b733a383a2269645f6b656c6173223b733a333a226f6c64223b733a31303a2269645f6a75727573616e223b733a333a226f6c64223b733a353a22706573616e223b733a333a226f6c64223b733a353a227469746c65223b733a333a226e6577223b7d73797374656d5f76616c75657c733a33323a226362376235656332653934613662323036366134386136373939613337393963223b7365617263685f626f787c4e3b69645f677572757c733a313a2231223b69645f6b656c61737c733a313a2231223b69645f6a75727573616e7c733a313a2231223b706573616e7c733a3239333a223c64697620636c6173733d22616c65727420616c6572742d64616e676572223e0d0a202020202020202020202020202020202020202020202020202020203c627574746f6e20636c6173733d22636c6f73652220646174612d6469736d6973733d22616c657274223e2674696d65733b3c2f627574746f6e3e0d0a202020202020202020202020202020202020202020202020202020203c7374726f6e673e3c6920636c6173733d22666120223e3c2f693e203c2f7374726f6e673e0d0a202020202020202020202020202020202020202020202020202020203c6120687265663d222220636c6173733d22636f6e6669726d2d65646974223e3c753e3c2f753e3c2f613e0d0a2020202020202020202020202020202020202020202020203c2f6469763e223b7469746c657c733a333a22416464223b),
('feh0mp9r8kkmngmr7aij27u69lp58m5k', '::1', 1574901660, 0x5f5f63695f6c6173745f726567656e65726174657c693a313537343930313633303b5f5f63695f766172737c613a313a7b733a353a227469746c65223b733a333a226e6577223b7d73797374656d5f76616c75657c733a33323a226461396361366538353262653534643535633232613266623635313939323235223b7469746c657c733a32333a224d6173746572204a616477616c2050656c616a6172616e223b7365617263685f626f787c4e3b),
('feh172buvahd61ub6phqqr6igliouqvm', '::1', 1573900922, 0x5f5f63695f6c6173745f726567656e65726174657c693a313537333930303634363b73797374656d5f76616c75657c733a33323a226538393938323634353637306230353861653133313364646333663233306535223b5f5f63695f766172737c613a323a7b733a353a227469746c65223b733a333a226e6577223b733a31303a227365617263685f626f78223b733a333a226f6c64223b7d7469746c657c733a343a2245646974223b7365617263685f626f787c733a333a22373030223b),
('fq7oo6lnkjbpcu3ucgpi8fle8fcpcrcd', '::1', 1573901573, 0x5f5f63695f6c6173745f726567656e65726174657c693a313537333930313332393b73797374656d5f76616c75657c733a33323a226538393938323634353637306230353861653133313364646333663233306535223b7469746c657c733a333a22416464223b5f5f63695f766172737c613a313a7b733a353a227469746c65223b733a333a226e6577223b7d7365617263685f626f787c4e3b),
('frh97pnt9aod1uuu6b6bqin7esd76kaj', '::1', 1574729950, 0x5f5f63695f6c6173745f726567656e65726174657c693a313537343732393635303b5f5f63695f766172737c613a313a7b733a353a227469746c65223b733a333a226e6577223b7d73797374656d5f76616c75657c733a33323a223136366332623430346266386234623163356435326630633664363838303562223b7365617263685f626f787c4e3b7469746c657c733a343a2245646974223b),
('g3bqdheskksjtjvj170ph7el8vmfi37p', '::1', 1575684868, 0x5f5f63695f6c6173745f726567656e65726174657c693a313537353638343634333b5f5f63695f766172737c613a313a7b733a353a227469746c65223b733a333a226e6577223b7d73797374656d5f76616c75657c733a33323a223232376364346332666461336639363137316164333730313637323732313632223b7469746c657c733a32333a224d6173746572204a616477616c2050656c616a6172616e223b),
('gk1mcna2dm8i6jfp1dkfehrpb78lmp09', '::1', 1574731025, 0x5f5f63695f6c6173745f726567656e65726174657c693a313537343733303830373b5f5f63695f766172737c613a383a7b733a383a2269645f6b656c6173223b733a333a226f6c64223b733a383a2269645f6d6170656c223b733a333a226f6c64223b733a373a2269645f67757275223b733a333a226f6c64223b733a31313a226e696c61695f7369737761223b733a333a226f6c64223b733a31343a2269645f73697377615f6b656c6173223b733a333a226f6c64223b733a31353a2269645f746168756e5f616a6172616e223b733a333a226f6c64223b733a353a22706573616e223b733a333a226f6c64223b733a353a227469746c65223b733a333a226e6577223b7d73797374656d5f76616c75657c733a33323a223136366332623430346266386234623163356435326630633664363838303562223b7365617263685f626f787c4e3b69645f6b656c61737c733a313a2233223b69645f6d6170656c7c733a313a2236223b69645f677572757c733a313a2232223b6e696c61695f73697377617c733a333a22383031223b69645f73697377615f6b656c61737c733a313a2233223b69645f746168756e5f616a6172616e7c733a313a2232223b706573616e7c733a3335343a223c64697620636c6173733d22616c65727420616c6572742d73756363657373223e0d0a202020202020202020202020202020202020202020202020202020203c627574746f6e20636c6173733d22636c6f73652220646174612d6469736d6973733d22616c657274223e2674696d65733b3c2f627574746f6e3e0d0a202020202020202020202020202020202020202020202020202020203c7374726f6e673e3c6920636c6173733d2266612066612d636865636b2d7371756172652d6f223e3c2f693e203c623e496e666f726d6173693a203c2f623e3c2f7374726f6e673e0d0a202020202020202020202020202020202020202020202020202020204461746120426572686173696c20646970657262617275692e3c6120687265663d222220636c6173733d22636f6e6669726d2d65646974223e3c753e3c2f753e3c2f613e0d0a2020202020202020202020202020202020202020202020203c2f6469763e223b7469746c657c733a31313a224e696c6169205369737761223b),
('glodjh7o2kal2tqq8e2rrputn3b0je0v', '::1', 1575363902, 0x5f5f63695f6c6173745f726567656e65726174657c693a313537353336333638363b5f5f63695f766172737c613a313a7b733a353a227469746c65223b733a333a226e6577223b7d73797374656d5f76616c75657c733a33323a223039343334663037313432613936666166653331343561343333356132626663223b7469746c657c733a31313a224e696c6169205369737761223b7365617263685f626f787c4e3b),
('gog7l029theqnu56g894mv7sh349cm7f', '::1', 1575555136, 0x5f5f63695f6c6173745f726567656e65726174657c693a313537353535353037323b73797374656d5f76616c75657c733a33323a223533316632353537313466356636373533663139613663343335353365303334223b7365617263685f626f787c4e3b7469746c657c733a333a22416464223b5f5f63695f766172737c613a313a7b733a353a227469746c65223b733a333a226e6577223b7d),
('gq5bi27pscpu20n8jal4is5g7oknhrd0', '::1', 1574731477, 0x5f5f63695f6c6173745f726567656e65726174657c693a313537343733313431323b5f5f63695f766172737c613a313a7b733a353a227469746c65223b733a333a226e6577223b7d73797374656d5f76616c75657c733a33323a223136366332623430346266386234623163356435326630633664363838303562223b7469746c657c733a31393a2250616e656c2041646d696e6973747261746f72223b7365617263685f626f787c4e3b),
('grnv5h5a7aj5jial2gmqb76qi345gmc3', '::1', 1575693235, 0x5f5f63695f6c6173745f726567656e65726174657c693a313537353639323937363b73797374656d5f76616c75657c733a33323a223232376364346332666461336639363137316164333730313637323732313632223b5f5f63695f766172737c613a313a7b733a353a227469746c65223b733a333a226e6577223b7d7365617263685f626f787c4e3b7469746c657c733a32313a2244617461204a616477616c2050656c616a6172616e223b),
('h0tu47fguap60vtc525c1a6geavtuioo', '::1', 1574957154, 0x5f5f63695f6c6173745f726567656e65726174657c693a313537343935363934343b5f5f63695f766172737c613a32333a7b733a353a227469746c65223b733a333a226f6c64223b733a333a226e6973223b733a333a226e6577223b733a343a226e69736e223b733a333a226e6577223b733a31323a226e616d615f6c656e676b6170223b733a333a226e6577223b733a31323a2274656d7061745f6c61686972223b733a333a226e6577223b733a31333a2274616e6767616c5f6c61686972223b733a333a226e6577223b733a373a22616e616b5f6b65223b733a333a226e6577223b733a32303a22616c616d61745f706573657274615f646964696b223b733a333a226e6577223b733a31303a2274656c705f72756d6168223b733a333a226e6577223b733a31323a2273656b6f6c61685f6173616c223b733a333a226e6577223b733a31363a2274616e6767616c5f6469746572696d61223b733a333a226e6577223b733a383a2264695f6b656c6173223b733a333a226e6577223b733a393a226e616d615f61796168223b733a333a226e6577223b733a383a226e616d615f696275223b733a333a226e6577223b733a31363a22616c616d61745f6f72616e675f747561223b733a333a226e6577223b733a31343a2274656c705f6f72616e675f747561223b733a333a226e6577223b733a31343a2270656b65726a61616e5f61796168223b733a333a226e6577223b733a31333a2270656b65726a61616e5f696275223b733a333a226e6577223b733a393a226e616d615f77616c69223b733a333a226e6577223b733a393a2274656c705f77616c69223b733a333a226e6577223b733a31313a22616c616d61745f77616c69223b733a333a226e6577223b733a31343a2270656b65726a61616e5f77616c69223b733a333a226e6577223b733a353a22706573616e223b733a333a226e6577223b7d73797374656d5f76616c75657c733a33323a226164633233326562316262306635323033373064386261653663303136383366223b7365617263685f626f787c4e3b7469746c657c733a333a22416464223b6e69737c733a333a22373737223b6e69736e7c733a343a2237373737223b6e616d615f6c656e676b61707c733a343a227279616e223b74656d7061745f6c616869727c733a363a226c616e677361223b74616e6767616c5f6c616869727c733a31303a22323031392d31312d3036223b616e616b5f6b657c733a313a2231223b616c616d61745f706573657274615f646964696b7c733a323a226161223b74656c705f72756d61687c733a323a223131223b73656b6f6c61685f6173616c7c733a323a226161223b74616e6767616c5f6469746572696d617c733a31303a22323031392d31312d3134223b64695f6b656c61737c733a313a2258223b6e616d615f617961687c733a313a2261223b6e616d615f6962757c733a313a2261223b616c616d61745f6f72616e675f7475617c733a313a2261223b74656c705f6f72616e675f7475617c733a313a2231223b70656b65726a61616e5f617961687c733a313a2261223b70656b65726a61616e5f6962757c733a313a2261223b6e616d615f77616c697c733a313a2261223b74656c705f77616c697c733a313a2231223b616c616d61745f77616c697c733a313a2261223b70656b65726a61616e5f77616c697c733a313a2261223b706573616e7c733a3335323a223c64697620636c6173733d22616c65727420616c6572742d73756363657373223e0d0a202020202020202020202020202020202020202020202020202020203c627574746f6e20636c6173733d22636c6f73652220646174612d6469736d6973733d22616c657274223e2674696d65733b3c2f627574746f6e3e0d0a202020202020202020202020202020202020202020202020202020203c7374726f6e673e3c6920636c6173733d2266612066612d636865636b2d7371756172652d6f223e3c2f693e203c623e496e666f726d6173693a203c2f623e3c2f7374726f6e673e0d0a202020202020202020202020202020202020202020202020202020204461746120426572686173696c20646973696d70616e2e3c6120687265663d222220636c6173733d22636f6e6669726d2d65646974223e3c753e3c2f753e3c2f613e0d0a2020202020202020202020202020202020202020202020203c2f6469763e223b),
('h1l9ua6llv5rukpvdk0pi95bnfl6hqku', '::1', 1573876047, 0x5f5f63695f6c6173745f726567656e65726174657c693a313537333837353735303b5f5f63695f766172737c613a313a7b733a353a227469746c65223b733a333a226e6577223b7d73797374656d5f76616c75657c733a33323a226430353661386334376162316361373662363034393731623561363230393161223b7365617263685f626f787c4e3b7469746c657c733a333a22416464223b),
('h4gj86ms7iqsuinsq9o0aushn38qevv9', '::1', 1574134628, 0x5f5f63695f6c6173745f726567656e65726174657c693a313537343133343436323b5f5f63695f766172737c613a313a7b733a353a227469746c65223b733a333a226e6577223b7d73797374656d5f76616c75657c733a33323a223266626630333433646432626366363161623833663632346261313963643762223b7469746c657c733a31353a224461746120426168616e20416a6172223b7365617263685f626f787c4e3b),
('h5pea05oehign5jrqeb9f6sb1sj1vrmj', '::1', 1575898951, 0x5f5f63695f6c6173745f726567656e65726174657c693a313537353839383635363b73797374656d5f76616c75657c733a33323a223135363434383864313930383937353230616637613431643864323964626631223b7365617263685f626f787c4e3b7469746c657c733a31393a2242696d62696e67616e204b6f6e73656c696e67223b5f5f63695f766172737c613a313a7b733a353a227469746c65223b733a333a226e6577223b7d),
('h8jl6s3mk5hopujn8tdhnj17fr61al5a', '::1', 1574950107, 0x5f5f63695f6c6173745f726567656e65726174657c693a313537343934393833393b5f5f63695f766172737c613a313a7b733a353a227469746c65223b733a333a226e6577223b7d73797374656d5f76616c75657c733a33323a226164633233326562316262306635323033373064386261653663303136383366223b7365617263685f626f787c4e3b7469746c657c733a32353a2244617461204d6174612050656c616a6172616e204b656c6173223b),
('htpfsvahursnnljv7qclf7j0cifei6ik', '::1', 1573895533, 0x5f5f63695f6c6173745f726567656e65726174657c693a313537333839353335353b5f5f63695f766172737c613a323a7b733a353a22706573616e223b733a333a226f6c64223b733a353a227469746c65223b733a333a226e6577223b7d73797374656d5f76616c75657c733a33323a226538393938323634353637306230353861653133313364646333663233306535223b7365617263685f626f787c4e3b706573616e7c733a3335313a223c64697620636c6173733d22616c65727420616c6572742d73756363657373223e0d0a202020202020202020202020202020202020202020202020202020203c627574746f6e20636c6173733d22636c6f73652220646174612d6469736d6973733d22616c657274223e2674696d65733b3c2f627574746f6e3e0d0a202020202020202020202020202020202020202020202020202020203c7374726f6e673e3c6920636c6173733d2266612066612d636865636b2d7371756172652d6f223e3c2f693e203c623e496e666f726d6173693a203c2f623e3c2f7374726f6e673e0d0a202020202020202020202020202020202020202020202020202020204461746120426572686173696c20646968617075732e3c6120687265663d222220636c6173733d22636f6e6669726d2d65646974223e3c753e3c2f753e3c2f613e0d0a2020202020202020202020202020202020202020202020203c2f6469763e223b7469746c657c733a32333a224d6173746572204a616477616c2050656c616a6172616e223b),
('i80o9c1hfrlseacigmcalnu1p34uf119', '::1', 1574741446, 0x5f5f63695f6c6173745f726567656e65726174657c693a313537343734313434353b5f5f63695f766172737c613a313a7b733a353a227469746c65223b733a333a226e6577223b7d73797374656d5f76616c75657c733a33323a223865383662313063623436363535663765666363376138373265393236613964223b7365617263685f626f787c4e3b7469746c657c733a31393a2250616e656c2041646d696e6973747261746f72223b),
('i8tsua6bc52n2ifnkjqdj5ns3etlgpme', '::1', 1574949762, 0x5f5f63695f6c6173745f726567656e65726174657c693a313537343934393533363b5f5f63695f766172737c613a313a7b733a353a227469746c65223b733a333a226e6577223b7d73797374656d5f76616c75657c733a33323a226164633233326562316262306635323033373064386261653663303136383366223b7365617263685f626f787c4e3b7469746c657c733a32353a2244617461204d6174612050656c616a6172616e204b656c6173223b),
('ii0avl9nlcknu1co0f85v83lim4543ot', '::1', 1574729267, 0x5f5f63695f6c6173745f726567656e65726174657c693a313537343732393033353b5f5f63695f766172737c613a313a7b733a353a227469746c65223b733a333a226e6577223b7d73797374656d5f76616c75657c733a33323a223136366332623430346266386234623163356435326630633664363838303562223b7365617263685f626f787c4e3b7469746c657c733a343a2245646974223b),
('ii9j5o5eon85j189dqatr21ku4uqveqr', '::1', 1575688036, 0x5f5f63695f6c6173745f726567656e65726174657c693a313537353638373837373b5f5f63695f766172737c613a313a7b733a353a227469746c65223b733a333a226e6577223b7d73797374656d5f76616c75657c733a33323a223232376364346332666461336639363137316164333730313637323732313632223b7469746c657c733a32333a224d6173746572204a616477616c2050656c616a6172616e223b),
('ij6mhr81sm4o2u2m1le6i9t1e8cbddab', '::1', 1574667147, 0x5f5f63695f6c6173745f726567656e65726174657c693a313537343636363837373b73797374656d5f76616c75657c733a33323a226432636639363933383532653233353931303430313464353463383134313833223b7365617263685f626f787c4e3b5f5f63695f766172737c613a313a7b733a353a227469746c65223b733a333a226e6577223b7d7469746c657c733a343a2245646974223b),
('iqojqe2h1aiv26p7j37l8r87g60sdvae', '::1', 1574666476, 0x5f5f63695f6c6173745f726567656e65726174657c693a313537343636363138383b73797374656d5f76616c75657c733a33323a226432636639363933383532653233353931303430313464353463383134313833223b7365617263685f626f787c4e3b5f5f63695f766172737c613a313a7b733a353a227469746c65223b733a333a226e6577223b7d7469746c657c733a333a22416464223b),
('j0dvlu0og7pt6s3ol2pof2o7d9o8g5nr', '::1', 1574393683, 0x5f5f63695f6c6173745f726567656e65726174657c693a313537343339333632333b5f5f63695f766172737c613a323a7b733a353a227469746c65223b733a333a226e6577223b733a31303a227365617263685f626f78223b733a333a226e6577223b7d73797374656d5f76616c75657c733a33323a223837636539373161666133383164663434303631383138303837383031626463223b7469746c657c733a31353a224461746120426168616e20416a6172223b7365617263685f626f787c733a343a2237363536223b),
('j0t0nql12sda130keeodfuvig5u9s48n', '::1', 1573903777, 0x5f5f63695f6c6173745f726567656e65726174657c693a313537333930333638303b73797374656d5f76616c75657c733a33323a226538393938323634353637306230353861653133313364646333663233306535223b7365617263685f626f787c4e3b7469746c657c733a393a22446174612047757275223b5f5f63695f766172737c613a313a7b733a353a227469746c65223b733a333a226e6577223b7d),
('j4o49598ua3r57o4a4stu8408bfr37m2', '::1', 1573899885, 0x5f5f63695f6c6173745f726567656e65726174657c693a313537333839393837393b5f5f63695f766172737c613a323a7b733a353a227469746c65223b733a333a226e6577223b733a31303a227365617263685f626f78223b733a333a226f6c64223b7d73797374656d5f76616c75657c733a33323a226538393938323634353637306230353861653133313364646333663233306535223b7469746c657c733a343a2245646974223b7365617263685f626f787c733a333a22373030223b),
('j5n2ppr9gb8qjad94k19lm38hajepih1', '::1', 1574951612, 0x5f5f63695f6c6173745f726567656e65726174657c693a313537343935313338323b5f5f63695f766172737c613a313a7b733a353a227469746c65223b733a333a226e6577223b7d73797374656d5f76616c75657c733a33323a226164633233326562316262306635323033373064386261653663303136383366223b7365617263685f626f787c4e3b7469746c657c733a31313a224e696c6169205369737761223b),
('j9n6d15jgsvugasd6qguh49m5riamnoa', '::1', 1574684265, 0x5f5f63695f6c6173745f726567656e65726174657c693a313537343638343132393b73797374656d5f76616c75657c733a33323a226432636639363933383532653233353931303430313464353463383134313833223b7365617263685f626f787c4e3b5f5f63695f766172737c613a313a7b733a353a227469746c65223b733a333a226e6577223b7d7469746c657c733a31393a224d617374657220546168756e20416a6172616e223b),
('ja4rfi9jjto6d247kfdjhs2g69dnbcri', '::1', 1574676071, 0x5f5f63695f6c6173745f726567656e65726174657c693a313537343637353835323b73797374656d5f76616c75657c733a33323a226432636639363933383532653233353931303430313464353463383134313833223b5f5f63695f766172737c613a313a7b733a353a227469746c65223b733a333a226e6577223b7d7365617263685f626f787c4e3b7469746c657c733a31303a224d6173746572204a616d223b),
('jk4qfpheaoa1r24gfuca1lp8dsodd8l2', '::1', 1573898591, 0x5f5f63695f6c6173745f726567656e65726174657c693a313537333839383431343b5f5f63695f766172737c613a323a7b733a353a227469746c65223b733a333a226e6577223b733a31303a227365617263685f626f78223b733a333a226e6577223b7d73797374656d5f76616c75657c733a33323a226538393938323634353637306230353861653133313364646333663233306535223b7365617263685f626f787c733a333a22313131223b7469746c657c733a393a22446174612067757275223b),
('jlrj9q7jkmgvg2thu5fok3bjtprmtlb3', '::1', 1573903278, 0x5f5f63695f6c6173745f726567656e65726174657c693a313537333930333035363b73797374656d5f76616c75657c733a33323a226538393938323634353637306230353861653133313364646333663233306535223b7365617263685f626f787c4e3b7469746c657c733a393a22446174612047757275223b5f5f63695f766172737c613a313a7b733a353a227469746c65223b733a333a226e6577223b7d),
('jmhgq3nonbhlkcg5uumcust9cbtkpt6p', '::1', 1575705301, 0x5f5f63695f6c6173745f726567656e65726174657c693a313537353730353239393b73797374656d5f76616c75657c733a33323a223232376364346332666461336639363137316164333730313637323732313632223b7365617263685f626f787c4e3b5f5f63695f766172737c613a383a7b733a333a226e6970223b733a333a226f6c64223b733a31313a2267656c61725f646570616e223b733a333a226f6c64223b733a31343a2267656c61725f62656c616b616e67223b733a333a226f6c64223b733a31323a226e616d615f6c656e676b6170223b733a333a226f6c64223b733a31323a2274656d7061745f6c61686972223b733a333a226f6c64223b733a31333a2274616e6767616c5f6c61686972223b733a333a226f6c64223b733a353a22706573616e223b733a333a226f6c64223b733a353a227469746c65223b733a333a226e6577223b7d6e69707c733a323a223132223b67656c61725f646570616e7c733a333a22757974223b67656c61725f62656c616b616e677c733a353a227579747975223b6e616d615f6c656e676b61707c733a343a226b696b69223b74656d7061745f6c616869727c733a353a226a6b686a6b223b74616e6767616c5f6c616869727c733a31303a22313030302d30312d3031223b706573616e7c733a3335323a223c64697620636c6173733d22616c65727420616c6572742d73756363657373223e0d0a202020202020202020202020202020202020202020202020202020203c627574746f6e20636c6173733d22636c6f73652220646174612d6469736d6973733d22616c657274223e2674696d65733b3c2f627574746f6e3e0d0a202020202020202020202020202020202020202020202020202020203c7374726f6e673e3c6920636c6173733d2266612066612d636865636b2d7371756172652d6f223e3c2f693e203c623e496e666f726d6173693a203c2f623e3c2f7374726f6e673e0d0a202020202020202020202020202020202020202020202020202020204461746120426572686173696c20646973696d70616e2e3c6120687265663d222220636c6173733d22636f6e6669726d2d65646974223e3c753e3c2f753e3c2f613e0d0a2020202020202020202020202020202020202020202020203c2f6469763e223b7469746c657c733a393a22446174612047757275223b),
('jsrno16qd28nfv6888k589i4036sqm1q', '::1', 1575874265, 0x5f5f63695f6c6173745f726567656e65726174657c693a313537353837343236343b),
('k4mitjt1mqaopp32t61kigtl4bom8k3l', '::1', 1575903399, 0x5f5f63695f6c6173745f726567656e65726174657c693a313537353930333230303b73797374656d5f76616c75657c733a33323a223135363434383864313930383937353230616637613431643864323964626631223b7365617263685f626f787c4e3b6e69705f677572757c4e3b5f5f63695f766172737c613a393a7b733a383a2269645f6b656c6173223b733a333a226f6c64223b733a373a2269645f67757275223b733a333a226f6c64223b733a353a2262756c616e223b733a333a226f6c64223b733a353a22746168756e223b733a333a226f6c64223b733a393a226a6d6c5f6261796172223b733a333a226f6c64223b733a31353a226a6d6c5f6b6573656c75727568616e223b733a333a226f6c64223b733a31393a2269645f7374617475735f7370705f6b656c6173223b733a333a226f6c64223b733a353a22706573616e223b733a333a226f6c64223b733a353a227469746c65223b733a333a226e6577223b7d69645f6b656c61737c733a313a2231223b69645f677572757c733a313a2231223b62756c616e7c733a353a224d61726574223b746168756e7c733a343a2232303139223b6a6d6c5f62617961727c733a363a22333030303030223b6a6d6c5f6b6573656c75727568616e7c733a363a22353030303030223b69645f7374617475735f7370705f6b656c61737c733a313a2232223b706573616e7c733a3430383a223c64697620636c6173733d22616c65727420616c6572742d73756363657373223e0a202020202020202020202020202020202020202020202020202020203c627574746f6e20636c6173733d22636c6f73652220646174612d6469736d6973733d22616c657274223e2674696d65733b3c2f627574746f6e3e0a202020202020202020202020202020202020202020202020202020203c7374726f6e673e3c6920636c6173733d2266612066612d636865636b2d7371756172652d6f223e3c2f693e203c623e496e666f726d6173693a203c2f623e3c2f7374726f6e673e0a202020202020202020202020202020202020202020202020202020204461746120426572686173696c20646973696d70616e2e3c6120687265663d22687474703a2f2f6c6f63616c686f73742f736973666f73656b6f6c61682f70656d6261796172616e2d7370702d6b656c61732f656469742f2220636c6173733d22636f6e6669726d2d65646974223e3c753e456469743c2f753e3c2f613e0a2020202020202020202020202020202020202020202020203c2f6469763e223b7469746c657c733a32303a2250656d6261796172616e20535050204b656c6173223b),
('k54peeo5o1g6f3rvsjsgjk9a1h7ki6q4', '::1', 1574044705, 0x5f5f63695f6c6173745f726567656e65726174657c693a313537343034343431343b73797374656d5f76616c75657c733a33323a226236663035663638646333616539363265343064323931303233363437323031223b5f5f63695f766172737c613a313a7b733a353a227469746c65223b733a333a226e6577223b7d7365617263685f626f787c4e3b7469746c657c733a333a22416464223b),
('kf9utsba8asc8i00ucbv91429miv1r7b', '::1', 1575905262, 0x5f5f63695f6c6173745f726567656e65726174657c693a313537353930353032323b73797374656d5f76616c75657c733a33323a223135363434383864313930383937353230616637613431643864323964626631223b7365617263685f626f787c4e3b6e69705f677572757c4e3b5f5f63695f766172737c613a393a7b733a383a2269645f6b656c6173223b733a333a226f6c64223b733a373a2269645f67757275223b733a333a226f6c64223b733a353a2262756c616e223b733a333a226f6c64223b733a353a22746168756e223b733a333a226f6c64223b733a393a226a6d6c5f6261796172223b733a333a226f6c64223b733a31353a226a6d6c5f6b6573656c75727568616e223b733a333a226f6c64223b733a31393a2269645f7374617475735f7370705f6b656c6173223b733a333a226f6c64223b733a353a22706573616e223b733a333a226f6c64223b733a353a227469746c65223b733a333a226e6577223b7d69645f6b656c61737c733a313a2231223b69645f677572757c733a313a2231223b62756c616e7c733a373a224a616e75617269223b746168756e7c733a343a2232303139223b6a6d6c5f62617961727c733a363a22333030303030223b6a6d6c5f6b6573656c75727568616e7c733a363a22353030303030223b69645f7374617475735f7370705f6b656c61737c733a313a2232223b706573616e7c733a3335303a223c64697620636c6173733d22616c65727420616c6572742d73756363657373223e0a202020202020202020202020202020202020202020202020202020203c627574746f6e20636c6173733d22636c6f73652220646174612d6469736d6973733d22616c657274223e2674696d65733b3c2f627574746f6e3e0a202020202020202020202020202020202020202020202020202020203c7374726f6e673e3c6920636c6173733d2266612066612d636865636b2d7371756172652d6f223e3c2f693e203c623e496e666f726d6173693a203c2f623e3c2f7374726f6e673e0a202020202020202020202020202020202020202020202020202020204461746120426572686173696c20646970657262617275692e3c6120687265663d222220636c6173733d22636f6e6669726d2d65646974223e3c753e3c2f753e3c2f613e0a2020202020202020202020202020202020202020202020203c2f6469763e223b7469746c657c733a32303a2250656d6261796172616e20535050204b656c6173223b),
('l0bga0p86igoc1237qpg7o6dsifhv13k', '::1', 1573897836, 0x5f5f63695f6c6173745f726567656e65726174657c693a313537333839373534333b5f5f63695f766172737c613a313a7b733a353a227469746c65223b733a333a226e6577223b7d73797374656d5f76616c75657c733a33323a226538393938323634353637306230353861653133313364646333663233306535223b7469746c657c733a333a22416464223b7365617263685f626f787c4e3b),
('ldk16stmniei8jug2kh8gtqt15c4m2a4', '::1', 1574722089, 0x5f5f63695f6c6173745f726567656e65726174657c693a313537343732313933363b5f5f63695f766172737c613a313a7b733a353a227469746c65223b733a333a226e6577223b7d73797374656d5f76616c75657c733a33323a223136366332623430346266386234623163356435326630633664363838303562223b7469746c657c733a333a22416464223b7365617263685f626f787c4e3b),
('lgeihmu9k2movs7o1llj0f2qtt166lod', '::1', 1575899892, 0x5f5f63695f6c6173745f726567656e65726174657c693a313537353839393539323b73797374656d5f76616c75657c733a33323a223135363434383864313930383937353230616637613431643864323964626631223b7365617263685f626f787c4e3b5f5f63695f766172737c613a313a7b733a353a227469746c65223b733a333a226e6577223b7d7469746c657c733a333a22416464223b),
('lnqohduhh2cco4pbe4muie4ih9cv385s', '::1', 1574727947, 0x5f5f63695f6c6173745f726567656e65726174657c693a313537343732373933383b5f5f63695f766172737c613a313a7b733a353a227469746c65223b733a333a226e6577223b7d73797374656d5f76616c75657c733a33323a223136366332623430346266386234623163356435326630633664363838303562223b7469746c657c733a31313a224e696c6169205369737761223b7365617263685f626f787c4e3b),
('lq9lbtdqdrk94rgqkhb5sndjmue95tbs', '::1', 1575705250, 0x5f5f63695f6c6173745f726567656e65726174657c693a313537353730343938323b73797374656d5f76616c75657c733a33323a223232376364346332666461336639363137316164333730313637323732313632223b7365617263685f626f787c4e3b7469746c657c733a333a22416464223b5f5f63695f766172737c613a313a7b733a353a227469746c65223b733a333a226e6577223b7d),
('m32n238ell3263g76pkte4rolinfu7d4', '::1', 1574727430, 0x5f5f63695f6c6173745f726567656e65726174657c693a313537343732373139373b5f5f63695f766172737c613a313a7b733a353a227469746c65223b733a333a226e6577223b7d73797374656d5f76616c75657c733a33323a223136366332623430346266386234623163356435326630633664363838303562223b7469746c657c733a333a22416464223b7365617263685f626f787c4e3b),
('m4ucbustuljcd41is9069v1pofnqqovo', '::1', 1575556348, 0x5f5f63695f6c6173745f726567656e65726174657c693a313537353535363038373b7365617263685f626f787c4e3b73797374656d5f76616c75657c733a33323a223134393062333839613361653939646163313466616332343462326538633962223b7469746c657c733a31393a2250616e656c2041646d696e6973747261746f72223b5f5f63695f766172737c613a313a7b733a353a227469746c65223b733a333a226e6577223b7d),
('m67crhs0bi2rt62r5u5qtcuv2oj78nc2', '::1', 1574442303, 0x5f5f63695f6c6173745f726567656e65726174657c693a313537343434323234313b73797374656d5f76616c75657c733a33323a223765386365303837656235353734323862343231316330626565386438343964223b7365617263685f626f787c4e3b7469746c657c733a333a22416464223b5f5f63695f766172737c613a313a7b733a353a227469746c65223b733a333a226e6577223b7d),
('mkhj6pe69rb0he6p6l5nnng6ndnpqvsf', '::1', 1574956130, 0x5f5f63695f6c6173745f726567656e65726174657c693a313537343935363038363b5f5f63695f766172737c613a313a7b733a353a227469746c65223b733a333a226e6577223b7d73797374656d5f76616c75657c733a33323a226164633233326562316262306635323033373064386261653663303136383366223b7365617263685f626f787c4e3b7469746c657c733a31303a2244617461205369737761223b),
('mns5runf9d2eirpvd2va9dp9bi9r033p', '::1', 1575896468, 0x5f5f63695f6c6173745f726567656e65726174657c693a313537353839363137383b73797374656d5f76616c75657c733a33323a223065326633373436323736656639363561646234646435613563303461373839223b5f5f63695f766172737c613a313a7b733a353a227469746c65223b733a333a226e6577223b7d7365617263685f626f787c4e3b7469746c657c733a31353a224d61696e204d656e752041646d696e223b),
('n9co73tmqv0vmhlq24alf7efkevj60df', '::1', 1574395333, 0x5f5f63695f6c6173745f726567656e65726174657c693a313537343339353333303b5f5f63695f766172737c613a313a7b733a353a227469746c65223b733a333a226e6577223b7d73797374656d5f76616c75657c733a33323a223837636539373161666133383164663434303631383138303837383031626463223b7469746c657c733a31303a224d6173746572204a616d223b),
('ne70kq886oi2t26j66r2i9srltu1ut6u', '::1', 1573898059, 0x5f5f63695f6c6173745f726567656e65726174657c693a313537333839373836353b5f5f63695f766172737c613a313a7b733a353a227469746c65223b733a333a226e6577223b7d73797374656d5f76616c75657c733a33323a226538393938323634353637306230353861653133313364646333663233306535223b7365617263685f626f787c4e3b7469746c657c733a333a22416464223b),
('nit1jp5kacts5euo6oqvidtcqg9ns8oe', '::1', 1574951246, 0x5f5f63695f6c6173745f726567656e65726174657c693a313537343935303937303b5f5f63695f766172737c613a313a7b733a353a227469746c65223b733a333a226e6577223b7d73797374656d5f76616c75657c733a33323a226164633233326562316262306635323033373064386261653663303136383366223b7365617263685f626f787c4e3b7469746c657c733a31313a224e696c6169205369737761223b),
('o3br1e1m4n8dj7r238bqqu6e2dc1e5q4', '::1', 1574073273, 0x5f5f63695f6c6173745f726567656e65726174657c693a313537343037323937363b5f5f63695f766172737c613a313a7b733a353a227469746c65223b733a333a226e6577223b7d73797374656d5f76616c75657c733a33323a226362376235656332653934613662323036366134386136373939613337393963223b7365617263685f626f787c4e3b7469746c657c733a343a2245646974223b),
('o6rvn9csl17ur4gdkcpblft8hmnmuqid', '::1', 1574675030, 0x5f5f63695f6c6173745f726567656e65726174657c693a313537343637343737373b73797374656d5f76616c75657c733a33323a226432636639363933383532653233353931303430313464353463383134313833223b5f5f63695f766172737c613a373a7b733a343a2268617269223b733a333a226f6c64223b733a363a2269645f6a616d223b733a333a226f6c64223b733a383a2269645f6b656c6173223b733a333a226f6c64223b733a31343a2269645f6d6170656c5f6b656c6173223b733a333a226f6c64223b733a31303a2274616e64615f67757275223b733a333a226f6c64223b733a353a22706573616e223b733a333a226f6c64223b733a353a227469746c65223b733a333a226e6577223b7d7365617263685f626f787c4e3b686172697c733a353a2253656e696e223b69645f6a616d7c733a313a2231223b69645f6b656c61737c733a313a2235223b69645f6d6170656c5f6b656c61737c733a313a2232223b74616e64615f677572757c733a313a2232223b706573616e7c733a3431353a223c64697620636c6173733d22616c65727420616c6572742d73756363657373223e0d0a202020202020202020202020202020202020202020202020202020203c627574746f6e20636c6173733d22636c6f73652220646174612d6469736d6973733d22616c657274223e2674696d65733b3c2f627574746f6e3e0d0a202020202020202020202020202020202020202020202020202020203c7374726f6e673e3c6920636c6173733d2266612066612d636865636b2d7371756172652d6f223e3c2f693e203c623e496e666f726d6173693a203c2f623e3c2f7374726f6e673e0d0a202020202020202020202020202020202020202020202020202020204461746120426572686173696c20646973696d70616e2e3c6120687265663d22687474703a2f2f6c6f63616c686f73742f736973666f73656b6f6c61682f6d61737465722d6a616477616c2d70656c616a6172616e2f656469742f2220636c6173733d22636f6e6669726d2d65646974223e3c753e456469743c2f753e3c2f613e0d0a2020202020202020202020202020202020202020202020203c2f6469763e223b7469746c657c733a32333a224d6173746572204a616477616c2050656c616a6172616e223b),
('obfo347rrtc4va5sl7m0202uclmk7277', '::1', 1574044414, 0x5f5f63695f6c6173745f726567656e65726174657c693a313537343034343431323b),
('oblj6e11p0kiqbir4b8tr2mfvvh6d11v', '::1', 1574684582, 0x5f5f63695f6c6173745f726567656e65726174657c693a313537343638343434343b73797374656d5f76616c75657c733a33323a226432636639363933383532653233353931303430313464353463383134313833223b7365617263685f626f787c4e3b5f5f63695f766172737c613a313a7b733a353a227469746c65223b733a333a226e6577223b7d7469746c657c733a32333a224d6173746572204a616477616c2050656c616a6172616e223b),
('ochm5j5n0gmdfgmcogj7tjmchre60gm9', '::1', 1574664763, 0x5f5f63695f6c6173745f726567656e65726174657c693a313537343636343438303b5f5f63695f766172737c613a313a7b733a353a227469746c65223b733a333a226e6577223b7d73797374656d5f76616c75657c733a33323a226432636639363933383532653233353931303430313464353463383134313833223b7365617263685f626f787c4e3b7469746c657c733a31323a222053697377615f6b656c6173223b),
('odkqlsb28jqc7u0cecllmf06f7s9sotp', '::1', 1574949081, 0x5f5f63695f6c6173745f726567656e65726174657c693a313537343934383834333b5f5f63695f766172737c613a313a7b733a353a227469746c65223b733a333a226e6577223b7d73797374656d5f76616c75657c733a33323a226164633233326562316262306635323033373064386261653663303136383366223b7365617263685f626f787c4e3b7469746c657c733a32353a2244617461204d6174612050656c616a6172616e204b656c6173223b),
('ogdp2hplbt2ed2oe954fvvej6qlgtp14', '::1', 1574728748, 0x5f5f63695f6c6173745f726567656e65726174657c693a313537343732383635383b5f5f63695f766172737c613a313a7b733a353a227469746c65223b733a333a226e6577223b7d73797374656d5f76616c75657c733a33323a223136366332623430346266386234623163356435326630633664363838303562223b7365617263685f626f787c4e3b7469746c657c733a343a2245646974223b),
('onakfgd515jsa7cfe9e1uuuac3uodken', '::1', 1573901876, 0x5f5f63695f6c6173745f726567656e65726174657c693a313537333930313633343b73797374656d5f76616c75657c733a33323a226538393938323634353637306230353861653133313364646333663233306535223b7365617263685f626f787c4e3b7469746c657c733a393a22446174612047757275223b5f5f63695f766172737c613a313a7b733a353a227469746c65223b733a333a226e6577223b7d),
('onqqqnlfqt7g3nc3p9dgdii3tcapqiqh', '::1', 1574742481, 0x5f5f63695f6c6173745f726567656e65726174657c693a313537343734323138313b73797374656d5f76616c75657c733a33323a223865383662313063623436363535663765666363376138373265393236613964223b7469746c657c733a31313a224e696c6169205369737761223b5f5f63695f766172737c613a323a7b733a353a227469746c65223b733a333a226e6577223b733a31303a227365617263685f626f78223b733a333a226e6577223b7d7365617263685f626f787c733a333a22582032223b),
('orq1pg6ed8jebunaufvo8n7vosi92sfo', '::1', 1574742849, 0x5f5f63695f6c6173745f726567656e65726174657c693a313537343734323535393b73797374656d5f76616c75657c733a33323a223865383662313063623436363535663765666363376138373265393236613964223b7469746c657c733a32333a224d6173746572204a616477616c2050656c616a6172616e223b5f5f63695f766172737c613a313a7b733a353a227469746c65223b733a333a226e6577223b7d7365617263685f626f787c4e3b),
('p7plvn2j7uk24l3ve993shqcb8gggor3', '::1', 1573901303, 0x5f5f63695f6c6173745f726567656e65726174657c693a313537333930313032363b73797374656d5f76616c75657c733a33323a226538393938323634353637306230353861653133313364646333663233306535223b5f5f63695f766172737c613a323a7b733a353a227469746c65223b733a333a226e6577223b733a31303a227365617263685f626f78223b733a333a226e6577223b7d7469746c657c733a393a22446174612067757275223b7365617263685f626f787c733a333a22373030223b),
('p8g8jg7thl6bka1l5birtgjgjdvbmuag', '::1', 1574666800, 0x5f5f63695f6c6173745f726567656e65726174657c693a313537343636363530313b73797374656d5f76616c75657c733a33323a226432636639363933383532653233353931303430313464353463383134313833223b7365617263685f626f787c4e3b5f5f63695f766172737c613a313a7b733a353a227469746c65223b733a333a226e6577223b7d7469746c657c733a333a22416464223b),
('pc56l3b54mf4dft9eq7s6tmgk2bh75jt', '::1', 1574674572, 0x5f5f63695f6c6173745f726567656e65726174657c693a313537343637343237383b73797374656d5f76616c75657c733a33323a226432636639363933383532653233353931303430313464353463383134313833223b7469746c657c733a31323a222053697377615f6b656c6173223b5f5f63695f766172737c613a313a7b733a353a227469746c65223b733a333a226e6577223b7d),
('pe83ftdnh5nop6hiibkoga5k4m3m6n5c', '::1', 1574741594, 0x5f5f63695f6c6173745f726567656e65726174657c693a313537343734313434363b73797374656d5f76616c75657c733a33323a223865383662313063623436363535663765666363376138373265393236613964223b7365617263685f626f787c4e3b5f5f63695f766172737c613a313a7b733a353a227469746c65223b733a333a226e6577223b7d7469746c657c733a31393a2250616e656c2041646d696e6973747261746f72223b),
('ph8fb66jj755dvvc065kohmfevnn4hnq', '::1', 1575695910, 0x5f5f63695f6c6173745f726567656e65726174657c693a313537353639353637363b73797374656d5f76616c75657c733a33323a223232376364346332666461336639363137316164333730313637323732313632223b7365617263685f626f787c4e3b7469746c657c733a32313a2244617461204a616477616c2050656c616a6172616e223b5f5f63695f766172737c613a313a7b733a353a227469746c65223b733a333a226e6577223b7d),
('pl9a4r1slerm4c7b1naiq6j4un0r65so', '::1', 1574071488, 0x5f5f63695f6c6173745f726567656e65726174657c693a313537343037313437383b5f5f63695f766172737c613a313a7b733a353a227469746c65223b733a333a226e6577223b7d73797374656d5f76616c75657c733a33323a226362376235656332653934613662323036366134386136373939613337393963223b7469746c657c733a333a22416464223b7365617263685f626f787c4e3b),
('plq9a1hnt5cdgpmj21dvm57qm9ar57h7', '::1', 1575693835, 0x5f5f63695f6c6173745f726567656e65726174657c693a313537353639333734303b73797374656d5f76616c75657c733a33323a223232376364346332666461336639363137316164333730313637323732313632223b7365617263685f626f787c4e3b7469746c657c733a32313a2244617461204a616477616c2050656c616a6172616e223b5f5f63695f766172737c613a313a7b733a353a227469746c65223b733a333a226e6577223b7d),
('pojr96cvi3t9h52kvk859mc10asrtf5h', '::1', 1574953516, 0x5f5f63695f6c6173745f726567656e65726174657c693a313537343935333331373b5f5f63695f766172737c613a313a7b733a353a227469746c65223b733a333a226e6577223b7d73797374656d5f76616c75657c733a33323a226164633233326562316262306635323033373064386261653663303136383366223b7365617263685f626f787c4e3b7469746c657c733a32333a224d6173746572204a616477616c2050656c616a6172616e223b);
INSERT INTO `ci_sessions` (`id`, `ip_address`, `timestamp`, `data`) VALUES
('ppv2n04f4qn1a8taa0c0mcnba2fug9hv', '::1', 1574048470, 0x5f5f63695f6c6173745f726567656e65726174657c693a313537343034383436343b73797374656d5f76616c75657c733a33323a226236663035663638646333616539363265343064323931303233363437323031223b5f5f63695f766172737c613a313a7b733a353a227469746c65223b733a333a226e6577223b7d7365617263685f626f787c4e3b7469746c657c733a363a224d6f64756c65223b),
('pqho3rhpbis3p9t4ee2psh9m28cj40oj', '::1', 1574731406, 0x5f5f63695f6c6173745f726567656e65726174657c693a313537343733313131303b5f5f63695f766172737c613a323a7b733a353a227469746c65223b733a333a226e6577223b733a31303a227365617263685f626f78223b733a333a226e6577223b7d73797374656d5f76616c75657c733a33323a223136366332623430346266386234623163356435326630633664363838303562223b7365617263685f626f787c733a333a22697061223b7469746c657c733a32313a2244617461204a616477616c2050656c616a6172616e223b),
('q21rmbht1vfpb4tt80utb19rgv1pm4tb', '::1', 1575682766, 0x5f5f63695f6c6173745f726567656e65726174657c693a313537353638323736363b),
('q29blf2ih2gsrojg1tf707odehoheedu', '::1', 1574956072, 0x5f5f63695f6c6173745f726567656e65726174657c693a313537343935353738313b5f5f63695f766172737c613a313a7b733a353a227469746c65223b733a333a226e6577223b7d73797374656d5f76616c75657c733a33323a226164633233326562316262306635323033373064386261653663303136383366223b7365617263685f626f787c4e3b7469746c657c733a31303a2244617461205369737761223b),
('q5l7ak13hh39p3b20b0ctq3481fjuoqp', '::1', 1575895447, 0x5f5f63695f6c6173745f726567656e65726174657c693a313537353839353134393b5f5f63695f766172737c613a313a7b733a353a227469746c65223b733a333a226e6577223b7d73797374656d5f76616c75657c733a33323a223065326633373436323736656639363561646234646435613563303461373839223b7469746c657c733a31393a224d617374657220546168756e20416a6172616e223b),
('qbmcg989vgqkahc0c1scqnv20ikg6q3a', '::1', 1574134876, 0x5f5f63695f6c6173745f726567656e65726174657c693a313537343133343837363b5f5f63695f766172737c613a313a7b733a353a227469746c65223b733a333a226e6577223b7d73797374656d5f76616c75657c733a33323a223266626630333433646432626366363161623833663632346261313963643762223b7469746c657c733a31303a2244617461205369737761223b7365617263685f626f787c4e3b),
('qlsu9ku0jn03u5p532jhj7klvg0la4nh', '::1', 1575697878, 0x5f5f63695f6c6173745f726567656e65726174657c693a313537353639373537373b73797374656d5f76616c75657c733a33323a223232376364346332666461336639363137316164333730313637323732313632223b7365617263685f626f787c4e3b7469746c657c733a32333a224d6173746572204a616477616c2050656c616a6172616e223b5f5f63695f766172737c613a313a7b733a353a227469746c65223b733a333a226e6577223b7d),
('qoi5esc55urng3ibmh7a3621mvt0bo2n', '::1', 1574902272, 0x5f5f63695f6c6173745f726567656e65726174657c693a313537343930323034353b5f5f63695f766172737c613a313a7b733a353a227469746c65223b733a333a226e6577223b7d73797374656d5f76616c75657c733a33323a226461396361366538353262653534643535633232613266623635313939323235223b7469746c657c733a32313a2244617461204a616477616c2050656c616a6172616e223b7365617263685f626f787c4e3b),
('r0rq00tj0mkek0c5f1a8t729lhjgoqia', '::1', 1575691964, 0x5f5f63695f6c6173745f726567656e65726174657c693a313537353639313637323b73797374656d5f76616c75657c733a33323a223232376364346332666461336639363137316164333730313637323732313632223b5f5f63695f766172737c613a313a7b733a353a227469746c65223b733a333a226e6577223b7d7469746c657c733a333a22416464223b),
('r3b0uofk3us3km6te1kagu7igc4kl886', '::1', 1575696933, 0x5f5f63695f6c6173745f726567656e65726174657c693a313537353639363731383b73797374656d5f76616c75657c733a33323a223232376364346332666461336639363137316164333730313637323732313632223b7365617263685f626f787c4e3b7469746c657c733a31353a224461746120426168616e20416a6172223b5f5f63695f766172737c613a313a7b733a353a227469746c65223b733a333a226e6577223b7d),
('r73lfoc22uiv53le7pdjdmke85je2ha5', '::1', 1575682766, 0x5f5f63695f6c6173745f726567656e65726174657c693a313537353638323736363b),
('rbdpet173ksuo4nsmmd939lrdqfdql6u', '::1', 1574739753, 0x5f5f63695f6c6173745f726567656e65726174657c693a313537343733393735323b),
('rcqdqoh272qd7j2udurq56vk8q211mb5', '::1', 1575904167, 0x5f5f63695f6c6173745f726567656e65726174657c693a313537353930343133363b73797374656d5f76616c75657c733a33323a223135363434383864313930383937353230616637613431643864323964626631223b7365617263685f626f787c4e3b6e69705f677572757c4e3b5f5f63695f766172737c613a313a7b733a353a227469746c65223b733a333a226e6577223b7d7469746c657c733a343a2245646974223b),
('rg2cqe3nq5m0pvp2ednceig73m2sghof', '::1', 1575902469, 0x5f5f63695f6c6173745f726567656e65726174657c693a313537353930323138323b73797374656d5f76616c75657c733a33323a223135363434383864313930383937353230616637613431643864323964626631223b7365617263685f626f787c4e3b6e69705f677572757c4e3b69645f6b656c61737c733a313a2233223b6e69737c733a343a2231303132223b5f5f63695f766172737c613a373a7b733a333a226e6973223b733a333a226f6c64223b733a383a2269645f6b656c6173223b733a333a226f6c64223b733a353a2262756c616e223b733a333a226f6c64223b733a353a22746168756e223b733a333a226f6c64223b733a31313a22746f74616c5f6261796172223b733a333a226f6c64223b733a353a22706573616e223b733a333a226f6c64223b733a353a227469746c65223b733a333a226e6577223b7d62756c616e7c733a333a224d6569223b746168756e7c733a343a2232303139223b746f74616c5f62617961727c733a363a22313230303030223b706573616e7c733a3430323a223c64697620636c6173733d22616c65727420616c6572742d73756363657373223e0a202020202020202020202020202020202020202020202020202020203c627574746f6e20636c6173733d22636c6f73652220646174612d6469736d6973733d22616c657274223e2674696d65733b3c2f627574746f6e3e0a202020202020202020202020202020202020202020202020202020203c7374726f6e673e3c6920636c6173733d2266612066612d636865636b2d7371756172652d6f223e3c2f693e203c623e496e666f726d6173693a203c2f623e3c2f7374726f6e673e0a202020202020202020202020202020202020202020202020202020204461746120426572686173696c20646973696d70616e2e3c6120687265663d22687474703a2f2f6c6f63616c686f73742f736973666f73656b6f6c61682f70656d6261796172616e2d7370702f656469742f2220636c6173733d22636f6e6669726d2d65646974223e3c753e456469743c2f753e3c2f613e0a2020202020202020202020202020202020202020202020203c2f6469763e223b7469746c657c733a31343a2250656d6261796172616e20535050223b),
('rhrojhmsc5lh8mh0oj8e51diic329bms', '::1', 1573877400, 0x5f5f63695f6c6173745f726567656e65726174657c693a313537333837373337303b5f5f63695f766172737c613a313a7b733a353a227469746c65223b733a333a226e6577223b7d73797374656d5f76616c75657c733a33323a226430353661386334376162316361373662363034393731623561363230393161223b7365617263685f626f787c4e3b7469746c657c733a32333a224d6173746572204a616477616c2050656c616a6172616e223b),
('rk03tj5r26f9q2vgfdsidqsfl95eqs6s', '::1', 1574435388, 0x5f5f63695f6c6173745f726567656e65726174657c693a313537343433353133303b73797374656d5f76616c75657c733a33323a223765386365303837656235353734323862343231316330626565386438343964223b7365617263685f626f787c4e3b7469746c657c733a31393a2250616e656c2041646d696e6973747261746f72223b5f5f63695f766172737c613a313a7b733a353a227469746c65223b733a333a226e6577223b7d),
('rsjlg2jslleo88s3gikbfa58m3lcg7kp', '::1', 1575698424, 0x5f5f63695f6c6173745f726567656e65726174657c693a313537353639383139313b73797374656d5f76616c75657c733a33323a223232376364346332666461336639363137316164333730313637323732313632223b7365617263685f626f787c4e3b7469746c657c733a31313a224e696c6169205369737761223b5f5f63695f766172737c613a313a7b733a353a227469746c65223b733a333a226e6577223b7d),
('rv39bcfqtf5dol9vkmcc5g3onbl8tcc5', '::1', 1575900881, 0x5f5f63695f6c6173745f726567656e65726174657c693a313537353930303538323b73797374656d5f76616c75657c733a33323a223135363434383864313930383937353230616637613431643864323964626631223b7365617263685f626f787c4e3b6e69705f677572757c4e3b6e69737c733a343a2231303131223b5f5f63695f766172737c613a363a7b733a333a226e6973223b733a333a226f6c64223b733a343a2264617465223b733a333a226f6c64223b733a31323a227065726d6173616c6168616e223b733a333a226f6c64223b733a31323a2270656e79656c65736169616e223b733a333a226f6c64223b733a353a22706573616e223b733a333a226f6c64223b733a353a227469746c65223b733a333a226e6577223b7d646174657c733a31303a22323031392d31322d3130223b7065726d6173616c6168616e7c733a333a22343434223b70656e79656c65736169616e7c733a323a223434223b706573616e7c733a3430373a223c64697620636c6173733d22616c65727420616c6572742d73756363657373223e0a202020202020202020202020202020202020202020202020202020203c627574746f6e20636c6173733d22636c6f73652220646174612d6469736d6973733d22616c657274223e2674696d65733b3c2f627574746f6e3e0a202020202020202020202020202020202020202020202020202020203c7374726f6e673e3c6920636c6173733d2266612066612d636865636b2d7371756172652d6f223e3c2f693e203c623e496e666f726d6173693a203c2f623e3c2f7374726f6e673e0a202020202020202020202020202020202020202020202020202020204461746120426572686173696c20646973696d70616e2e3c6120687265663d22687474703a2f2f6c6f63616c686f73742f736973666f73656b6f6c61682f62696d62696e67616e2d6b6f6e73656c696e672f656469742f2220636c6173733d22636f6e6669726d2d65646974223e3c753e456469743c2f753e3c2f613e0a2020202020202020202020202020202020202020202020203c2f6469763e223b7469746c657c733a31393a2242696d62696e67616e204b6f6e73656c696e67223b),
('s1gb4mbnok2v15msb561p015fmeqv5if', '::1', 1574610416, 0x5f5f63695f6c6173745f726567656e65726174657c693a313537343631303431363b),
('s7q293fn94ke0btpj03fh1ir28fdfh39', '::1', 1574949271, 0x5f5f63695f6c6173745f726567656e65726174657c693a313537343934393139303b5f5f63695f766172737c613a313a7b733a353a227469746c65223b733a333a226e6577223b7d73797374656d5f76616c75657c733a33323a226164633233326562316262306635323033373064386261653663303136383366223b7365617263685f626f787c4e3b7469746c657c733a32353a2244617461204d6174612050656c616a6172616e204b656c6173223b),
('sfql2nrqm6iiaedf3ke0u6ene98v06ob', '::1', 1574393061, 0x5f5f63695f6c6173745f726567656e65726174657c693a313537343339323833363b5f5f63695f766172737c613a323a7b733a353a227469746c65223b733a333a226e6577223b733a31303a227365617263685f626f78223b733a333a226e6577223b7d73797374656d5f76616c75657c733a33323a223837636539373161666133383164663434303631383138303837383031626463223b7469746c657c733a31353a224461746120426168616e20416a6172223b7365617263685f626f787c733a323a223131223b),
('sfs10kk8ssl2avas85csli7jclumki1e', '::1', 1575706318, 0x5f5f63695f6c6173745f726567656e65726174657c693a313537353730363130343b73797374656d5f76616c75657c733a33323a223232376364346332666461336639363137316164333730313637323732313632223b7365617263685f626f787c4e3b5f5f63695f766172737c613a313a7b733a353a227469746c65223b733a333a226e6577223b7d7469746c657c733a32313a2244617461204a616477616c2050656c616a6172616e223b),
('sjo3dup23pl6k6qkujc047k8g3jnljvi', '::1', 1575684056, 0x5f5f63695f6c6173745f726567656e65726174657c693a313537353638333736333b5f5f63695f766172737c613a313a7b733a353a227469746c65223b733a333a226e6577223b7d73797374656d5f76616c75657c733a33323a223232376364346332666461336639363137316164333730313637323732313632223b7469746c657c733a31393a224d617374657220546168756e20416a6172616e223b),
('snk1cqtnq7r2loii1d905uqs5uasntk0', '::1', 1575897159, 0x5f5f63695f6c6173745f726567656e65726174657c693a313537353839363932343b73797374656d5f76616c75657c733a33323a223065326633373436323736656639363561646234646435613563303461373839223b5f5f63695f766172737c613a343a7b733a31303a227469746c655f6d656e75223b733a333a226f6c64223b733a343a226c696e6b223b733a333a226f6c64223b733a353a22706573616e223b733a333a226f6c64223b733a353a227469746c65223b733a333a226e6577223b7d7365617263685f626f787c4e3b7469746c655f6d656e757c733a32323a2244657461696c20536973776120506572204b656c6173223b6c696e6b7c733a31313a2273697377612d6b656c6173223b706573616e7c733a3431313a223c64697620636c6173733d22616c65727420616c6572742d73756363657373223e0d0a202020202020202020202020202020202020202020202020202020203c627574746f6e20636c6173733d22636c6f73652220646174612d6469736d6973733d22616c657274223e2674696d65733b3c2f627574746f6e3e0d0a202020202020202020202020202020202020202020202020202020203c7374726f6e673e3c6920636c6173733d2266612066612d636865636b2d7371756172652d6f223e3c2f693e203c623e496e666f726d6173693a203c2f623e3c2f7374726f6e673e0d0a202020202020202020202020202020202020202020202020202020204461746120426572686173696c20646970657262617275692e3c6120687265663d22687474703a2f2f6c6f63616c686f73742f736973666f73656b6f6c61682f6d61696e2d6d656e752d61646d696e2f656469742f35382220636c6173733d22636f6e6669726d2d65646974223e3c753e456469743c2f753e3c2f613e0d0a2020202020202020202020202020202020202020202020203c2f6469763e223b7469746c657c733a31353a224d61696e204d656e752041646d696e223b),
('sojusut2uhoc34tv42cgjkp7kkuqcvnm', '::1', 1575903821, 0x5f5f63695f6c6173745f726567656e65726174657c693a313537353930333532313b73797374656d5f76616c75657c733a33323a223135363434383864313930383937353230616637613431643864323964626631223b7365617263685f626f787c4e3b6e69705f677572757c4e3b5f5f63695f766172737c613a313a7b733a353a227469746c65223b733a333a226e6577223b7d7469746c657c733a343a2245646974223b),
('ss01i9mpno3loaa0ho3hm0irlivl1dga', '::1', 1573899156, 0x5f5f63695f6c6173745f726567656e65726174657c693a313537333839383837333b5f5f63695f766172737c613a323a7b733a353a227469746c65223b733a333a226e6577223b733a31303a227365617263685f626f78223b733a333a226f6c64223b7d73797374656d5f76616c75657c733a33323a226538393938323634353637306230353861653133313364646333663233306535223b7365617263685f626f787c733a333a22373030223b7469746c657c733a343a2245646974223b),
('stchi0ruup193p9fc4a1us3ra01ef1ia', '::1', 1574720878, 0x5f5f63695f6c6173745f726567656e65726174657c693a313537343732303637363b5f5f63695f766172737c613a313a7b733a353a227469746c65223b733a333a226e6577223b7d73797374656d5f76616c75657c733a33323a223136366332623430346266386234623163356435326630633664363838303562223b7469746c657c733a31313a224e696c6169205369737761223b7365617263685f626f787c4e3b),
('su9s23f27gpc0q6i9sond55s1crsr2hl', '::1', 1575689875, 0x5f5f63695f6c6173745f726567656e65726174657c693a313537353638393633393b5f5f63695f766172737c613a313a7b733a353a227469746c65223b733a333a226e6577223b7d73797374656d5f76616c75657c733a33323a223232376364346332666461336639363137316164333730313637323732313632223b7469746c657c733a32333a224d6173746572204a616477616c2050656c616a6172616e223b),
('t0841sj2uv9dhad9e3mf0peo51js80pq', '::1', 1575561911, 0x5f5f63695f6c6173745f726567656e65726174657c693a313537353536313631323b7365617263685f626f787c4e3b73797374656d5f76616c75657c733a33323a223134393062333839613361653939646163313466616332343462326538633962223b5f5f63695f766172737c613a313a7b733a353a227469746c65223b733a333a226e6577223b7d7469746c657c733a31393a2250616e656c2041646d696e6973747261746f72223b),
('t5s656vfto3njuo7n432ot71p6bab20d', '::1', 1575902865, 0x5f5f63695f6c6173745f726567656e65726174657c693a313537353930323730363b73797374656d5f76616c75657c733a33323a223135363434383864313930383937353230616637613431643864323964626631223b7365617263685f626f787c4e3b6e69705f677572757c4e3b5f5f63695f766172737c613a313a7b733a353a227469746c65223b733a333a226e6577223b7d7469746c657c733a32303a2250656d6261796172616e20535050204b656c6173223b),
('tcaafr3hetqjndbjjcggalfra2m7plfs', '::1', 1574399040, 0x5f5f63695f6c6173745f726567656e65726174657c693a313537343339383734303b73797374656d5f76616c75657c733a33323a223837636539373161666133383164663434303631383138303837383031626463223b7365617263685f626f787c4e3b7469746c657c733a31313a224e696c6169205369737761223b5f5f63695f766172737c613a313a7b733a353a227469746c65223b733a333a226e6577223b7d),
('tg25e9uegvrbegr67sero4c5h7ijg0vv', '::1', 1574955590, 0x5f5f63695f6c6173745f726567656e65726174657c693a313537343935353435313b5f5f63695f766172737c613a313a7b733a353a227469746c65223b733a333a226e6577223b7d73797374656d5f76616c75657c733a33323a226164633233326562316262306635323033373064386261653663303136383366223b7365617263685f626f787c4e3b7469746c657c733a31303a2244617461205369737761223b),
('tinr5j55mv5121bucjeajulo1rnm27g1', '::1', 1575905423, 0x5f5f63695f6c6173745f726567656e65726174657c693a313537353930353334303b73797374656d5f76616c75657c733a33323a223135363434383864313930383937353230616637613431643864323964626631223b7365617263685f626f787c4e3b6e69705f677572757c4e3b5f5f63695f766172737c613a313a7b733a353a227469746c65223b733a333a226e6577223b7d7469746c657c733a31343a2250656d6261796172616e20535050223b),
('u5dsufva80abr839osfrh8gu0voqcm0j', '::1', 1573899877, 0x5f5f63695f6c6173745f726567656e65726174657c693a313537333839393537383b5f5f63695f766172737c613a313a7b733a353a227469746c65223b733a333a226e6577223b7d73797374656d5f76616c75657c733a33323a226538393938323634353637306230353861653133313364646333663233306535223b7469746c657c733a393a22446174612047757275223b7365617263685f626f787c4e3b),
('u9tdpgtu22t5jhilduggd1issh01fafm', '::1', 1574668275, 0x5f5f63695f6c6173745f726567656e65726174657c693a313537343636383236373b73797374656d5f76616c75657c733a33323a226432636639363933383532653233353931303430313464353463383134313833223b7365617263685f626f787c4e3b5f5f63695f766172737c613a353a7b733a383a2269645f6b656c6173223b733a333a226f6c64223b733a383a2269645f7369737761223b733a333a226f6c64223b733a31353a2269645f746168756e5f616a6172616e223b733a333a226f6c64223b733a353a22706573616e223b733a333a226f6c64223b733a353a227469746c65223b733a333a226e6577223b7d69645f6b656c61737c733a313a2231223b69645f73697377617c733a313a2232223b69645f746168756e5f616a6172616e7c733a313a2231223b706573616e7c733a3335343a223c64697620636c6173733d22616c65727420616c6572742d73756363657373223e0d0a202020202020202020202020202020202020202020202020202020203c627574746f6e20636c6173733d22636c6f73652220646174612d6469736d6973733d22616c657274223e2674696d65733b3c2f627574746f6e3e0d0a202020202020202020202020202020202020202020202020202020203c7374726f6e673e3c6920636c6173733d2266612066612d636865636b2d7371756172652d6f223e3c2f693e203c623e496e666f726d6173693a203c2f623e3c2f7374726f6e673e0d0a202020202020202020202020202020202020202020202020202020204461746120426572686173696c20646970657262617275692e3c6120687265663d222220636c6173733d22636f6e6669726d2d65646974223e3c753e3c2f753e3c2f613e0d0a2020202020202020202020202020202020202020202020203c2f6469763e223b7469746c657c733a31323a222053697377615f6b656c6173223b),
('uiq9q389qqjq5hgvopnqu5u7cfshm7ih', '::1', 1574743026, 0x5f5f63695f6c6173745f726567656e65726174657c693a313537343734323836383b73797374656d5f76616c75657c733a33323a223865383662313063623436363535663765666363376138373265393236613964223b7469746c657c733a32313a2244617461204a616477616c2050656c616a6172616e223b5f5f63695f766172737c613a323a7b733a353a227469746c65223b733a333a226e6577223b733a31303a227365617263685f626f78223b733a333a226e6577223b7d7365617263685f626f787c733a333a22617364223b),
('v1hi7s8e1jlc8mqbfihnb7g9c2fq5gqm', '::1', 1575692137, 0x5f5f63695f6c6173745f726567656e65726174657c693a313537353639313937363b73797374656d5f76616c75657c733a33323a223232376364346332666461336639363137316164333730313637323732313632223b5f5f63695f766172737c613a313a7b733a353a227469746c65223b733a333a226e6577223b7d7469746c657c733a32333a224d6173746572204a616477616c2050656c616a6172616e223b),
('v3c8ujd6gn7ksig9qig31r7r1nbptd45', '::1', 1574957469, 0x5f5f63695f6c6173745f726567656e65726174657c693a313537343935373235393b5f5f63695f766172737c613a32333a7b733a333a226e6973223b733a333a226f6c64223b733a343a226e69736e223b733a333a226f6c64223b733a31323a226e616d615f6c656e676b6170223b733a333a226f6c64223b733a31323a2274656d7061745f6c61686972223b733a333a226f6c64223b733a31333a2274616e6767616c5f6c61686972223b733a333a226f6c64223b733a373a22616e616b5f6b65223b733a333a226f6c64223b733a32303a22616c616d61745f706573657274615f646964696b223b733a333a226f6c64223b733a31303a2274656c705f72756d6168223b733a333a226f6c64223b733a31323a2273656b6f6c61685f6173616c223b733a333a226f6c64223b733a31363a2274616e6767616c5f6469746572696d61223b733a333a226f6c64223b733a383a2264695f6b656c6173223b733a333a226f6c64223b733a393a226e616d615f61796168223b733a333a226f6c64223b733a383a226e616d615f696275223b733a333a226f6c64223b733a31363a22616c616d61745f6f72616e675f747561223b733a333a226f6c64223b733a31343a2274656c705f6f72616e675f747561223b733a333a226f6c64223b733a31343a2270656b65726a61616e5f61796168223b733a333a226f6c64223b733a31333a2270656b65726a61616e5f696275223b733a333a226f6c64223b733a393a226e616d615f77616c69223b733a333a226f6c64223b733a393a2274656c705f77616c69223b733a333a226f6c64223b733a31313a22616c616d61745f77616c69223b733a333a226f6c64223b733a31343a2270656b65726a61616e5f77616c69223b733a333a226f6c64223b733a353a22706573616e223b733a333a226f6c64223b733a353a227469746c65223b733a333a226e6577223b7d73797374656d5f76616c75657c733a33323a226164633233326562316262306635323033373064386261653663303136383366223b7365617263685f626f787c4e3b6e69737c733a333a22313030223b6e69736e7c733a333a22313030223b6e616d615f6c656e676b61707c733a313a2273223b74656d7061745f6c616869727c733a313a2273223b74616e6767616c5f6c616869727c733a31303a22313031302d30312d3031223b616e616b5f6b657c733a313a2231223b616c616d61745f706573657274615f646964696b7c733a313a2261223b74656c705f72756d61687c733a303a22223b73656b6f6c61685f6173616c7c733a313a2261223b74616e6767616c5f6469746572696d617c733a31303a22313031302d30312d3031223b64695f6b656c61737c733a313a2261223b6e616d615f617961687c733a313a2271223b6e616d615f6962757c733a313a2271223b616c616d61745f6f72616e675f7475617c733a313a2271223b74656c705f6f72616e675f7475617c733a313a2231223b70656b65726a61616e5f617961687c733a313a2271223b70656b65726a61616e5f6962757c733a313a2271223b6e616d615f77616c697c733a313a2271223b74656c705f77616c697c733a313a2231223b616c616d61745f77616c697c733a313a2271223b70656b65726a61616e5f77616c697c733a313a2271223b706573616e7c733a3335323a223c64697620636c6173733d22616c65727420616c6572742d73756363657373223e0d0a202020202020202020202020202020202020202020202020202020203c627574746f6e20636c6173733d22636c6f73652220646174612d6469736d6973733d22616c657274223e2674696d65733b3c2f627574746f6e3e0d0a202020202020202020202020202020202020202020202020202020203c7374726f6e673e3c6920636c6173733d2266612066612d636865636b2d7371756172652d6f223e3c2f693e203c623e496e666f726d6173693a203c2f623e3c2f7374726f6e673e0d0a202020202020202020202020202020202020202020202020202020204461746120426572686173696c20646973696d70616e2e3c6120687265663d222220636c6173733d22636f6e6669726d2d65646974223e3c753e3c2f753e3c2f613e0d0a2020202020202020202020202020202020202020202020203c2f6469763e223b7469746c657c733a31303a2244617461205369737761223b),
('v3mivc5s5sv7nss6ivmse7lnhq0imn11', '::1', 1575699232, 0x5f5f63695f6c6173745f726567656e65726174657c693a313537353639393133353b73797374656d5f76616c75657c733a33323a223232376364346332666461336639363137316164333730313637323732313632223b7365617263685f626f787c4e3b7469746c657c733a32313a2244617461204a616477616c2050656c616a6172616e223b5f5f63695f766172737c613a313a7b733a353a227469746c65223b733a333a226e6577223b7d),
('v4l7afd8s8h3f8ni19g755fgac9s78lg', '::1', 1575690106, 0x5f5f63695f6c6173745f726567656e65726174657c693a313537353638393935333b73797374656d5f76616c75657c733a33323a223232376364346332666461336639363137316164333730313637323732313632223b7469746c657c733a32333a224d6173746572204a616477616c2050656c616a6172616e223b5f5f63695f766172737c613a313a7b733a353a227469746c65223b733a333a226e6577223b7d),
('v817h5u84hsobnpgg3qc5h8a86fa6jmi', '::1', 1574677959, 0x5f5f63695f6c6173745f726567656e65726174657c693a313537343637373739333b73797374656d5f76616c75657c733a33323a226432636639363933383532653233353931303430313464353463383134313833223b5f5f63695f766172737c613a313a7b733a353a227469746c65223b733a333a226e6577223b7d7365617263685f626f787c4e3b7469746c657c733a31323a222053697377615f6b656c6173223b),
('vh8347dgfqf9md9goors49s8o6t4nek5', '::1', 1575899580, 0x5f5f63695f6c6173745f726567656e65726174657c693a313537353839393238363b73797374656d5f76616c75657c733a33323a223135363434383864313930383937353230616637613431643864323964626631223b7365617263685f626f787c4e3b5f5f63695f766172737c613a313a7b733a353a227469746c65223b733a333a226e6577223b7d7469746c657c733a333a22416464223b),
('vl880571gat8tag9pjdjnaskif32s4qu', '::1', 1573902692, 0x5f5f63695f6c6173745f726567656e65726174657c693a313537333930323431303b73797374656d5f76616c75657c733a33323a226538393938323634353637306230353861653133313364646333663233306535223b7365617263685f626f787c4e3b7469746c657c733a393a22446174612047757275223b5f5f63695f766172737c613a313a7b733a353a227469746c65223b733a333a226e6577223b7d),
('vmtvfmoc8jurbtqpdur90b0tfrgff32c', '::1', 1574393613, 0x5f5f63695f6c6173745f726567656e65726174657c693a313537343339333331363b5f5f63695f766172737c613a323a7b733a353a227469746c65223b733a333a226e6577223b733a31303a227365617263685f626f78223b733a333a226e6577223b7d73797374656d5f76616c75657c733a33323a223837636539373161666133383164663434303631383138303837383031626463223b7469746c657c733a31353a224461746120426168616e20416a6172223b7365617263685f626f787c733a343a2237353635223b),
('vt5p3fbickjh30vcvjiv6rjji815ba11', '::1', 1575692871, 0x5f5f63695f6c6173745f726567656e65726174657c693a313537353639323633383b73797374656d5f76616c75657c733a33323a223232376364346332666461336639363137316164333730313637323732313632223b5f5f63695f766172737c613a313a7b733a353a227469746c65223b733a333a226e6577223b7d7469746c657c733a32333a224d6173746572204a616477616c2050656c616a6172616e223b),
('vt8h2ft0o8pruot9as7btthpftpvlj4s', '::1', 1574729614, 0x5f5f63695f6c6173745f726567656e65726174657c693a313537343732393333393b5f5f63695f766172737c613a313a7b733a353a227469746c65223b733a333a226e6577223b7d73797374656d5f76616c75657c733a33323a223136366332623430346266386234623163356435326630633664363838303562223b7365617263685f626f787c4e3b7469746c657c733a343a2245646974223b),
('vv89nq8l7eccv39tgs3a8obul753q1ib', '::1', 1575895151, 0x5f5f63695f6c6173745f726567656e65726174657c693a313537353839353134393b);

-- --------------------------------------------------------

--
-- Struktur dari tabel `content`
--

CREATE TABLE `content` (
  `id_content` int(11) NOT NULL,
  `title` text NOT NULL,
  `isi` text NOT NULL,
  `gambar` text NOT NULL,
  `id_category` int(11) NOT NULL,
  `type_data` int(11) NOT NULL,
  `created_date` datetime NOT NULL,
  `created_modified` datetime NOT NULL,
  `created_by` int(11) NOT NULL,
  `hits` int(11) NOT NULL,
  `id_status` int(11) NOT NULL
) ENGINE=InnoDB DEFAULT CHARSET=latin1;

-- --------------------------------------------------------

--
-- Struktur dari tabel `content_statistik`
--

CREATE TABLE `content_statistik` (
  `id_read` int(11) NOT NULL,
  `created_date` date NOT NULL,
  `ip` text NOT NULL,
  `id_content` int(11) NOT NULL,
  `hits` int(11) NOT NULL,
  `from_tabel` text NOT NULL
) ENGINE=MyISAM DEFAULT CHARSET=latin1;

-- --------------------------------------------------------

--
-- Struktur dari tabel `generator_pass`
--

CREATE TABLE `generator_pass` (
  `id` int(11) NOT NULL,
  `id_user` int(11) NOT NULL,
  `value` text NOT NULL,
  `created_date` datetime NOT NULL
) ENGINE=InnoDB DEFAULT CHARSET=latin1;

--
-- Dumping data untuk tabel `generator_pass`
--

INSERT INTO `generator_pass` (`id`, `id_user`, `value`, `created_date`) VALUES
(1, 2, 'f497d5f1c2759752e1c28dfc64acb893e7ad5b1ea5df6f9e8dec1e2aa4c8c1e1327b9ed1eec681899d194294e2145ea3d62c353edbdad92cd5109e018d02e823aLdRpLh8EnTDlQvyc+m5wkZ2895yaj8d0toQtqokceM=', '2019-07-15 16:15:45'),
(2, 3, '1eea51936fb61439a044868a7994ccc02a8ccc648b42258739e4fbb992ba02c541191dffa5d11eadac8d223efda0ef1c0739502052dc8cfc258541b463df20cb77IVVY3mG65owfKAvJzsRdf5auPl+D4ljm7A4wfrJw0=', '2019-08-13 22:56:59'),
(3, 4, '125fa6fb79ddcd77ef5bbe99c835b7fa5ef4ae498a81c2ce76697c7ebb06d8a3c4679fb42778996773aa6ab5dd2d475fe3df2a1cb3f9b35cda4557f98dd40bb7QFNqKV2HbiLeSMvlsxLZ3oAfJHtzAbhoXJhf04roaB4=', '2019-09-04 19:25:38');

-- --------------------------------------------------------

--
-- Struktur dari tabel `hubungi_kami`
--

CREATE TABLE `hubungi_kami` (
  `id_contact` int(11) NOT NULL,
  `title` text NOT NULL,
  `title_footer` text NOT NULL,
  `display_header` text NOT NULL,
  `email` text NOT NULL,
  `alamat` text NOT NULL,
  `telp` text NOT NULL,
  `fax` text NOT NULL,
  `keterangan` text NOT NULL,
  `keyword` text NOT NULL,
  `created_date` datetime NOT NULL,
  `created_by` int(11) NOT NULL
) ENGINE=MyISAM DEFAULT CHARSET=latin1;

--
-- Dumping data untuk tabel `hubungi_kami`
--

INSERT INTO `hubungi_kami` (`id_contact`, `title`, `title_footer`, `display_header`, `email`, `alamat`, `telp`, `fax`, `keterangan`, `keyword`, `created_date`, `created_by`) VALUES
(1, 'PTSP', 'PTSP', 'Administrator', 'PTSP@mail.com', '-', '-', '-', 'PTSP', 'PTSP', '2019-07-12 20:00:20', 1);

-- --------------------------------------------------------

--
-- Struktur dari tabel `info_admin`
--

CREATE TABLE `info_admin` (
  `id` int(11) NOT NULL,
  `title` text NOT NULL,
  `pesan` text NOT NULL,
  `created_date` datetime NOT NULL,
  `no_urut` int(11) NOT NULL,
  `id_status` int(11) NOT NULL
) ENGINE=InnoDB DEFAULT CHARSET=latin1;

--
-- Dumping data untuk tabel `info_admin`
--

INSERT INTO `info_admin` (`id`, `title`, `pesan`, `created_date`, `no_urut`, `id_status`) VALUES
(1, 'Layanan', 'TSB Logistik', '2019-10-23 09:41:33', 1, 4);

-- --------------------------------------------------------

--
-- Struktur dari tabel `instansi`
--

CREATE TABLE `instansi` (
  `id_instansi` int(11) NOT NULL,
  `nama_instansi` varchar(255) NOT NULL,
  `parent_id` int(11) NOT NULL,
  `order_no` int(11) NOT NULL
) ENGINE=MyISAM DEFAULT CHARSET=latin1;

--
-- Dumping data untuk tabel `instansi`
--

INSERT INTO `instansi` (`id_instansi`, `nama_instansi`, `parent_id`, `order_no`) VALUES
(1, 'Super Admin', 0, 0),
(2, 'TSB Logistik', 0, 2);

-- --------------------------------------------------------

--
-- Struktur dari tabel `izin_kepala_sekolah`
--

CREATE TABLE `izin_kepala_sekolah` (
  `id` int(11) NOT NULL,
  `nama` varchar(50) NOT NULL,
  `asal` varchar(100) NOT NULL,
  `keperluan` text NOT NULL,
  `tgl_urusan` date NOT NULL,
  `jam_urusan` text NOT NULL,
  `status_izin` int(11) NOT NULL,
  `created_at` datetime NOT NULL
) ENGINE=InnoDB DEFAULT CHARSET=latin1;

--
-- Dumping data untuk tabel `izin_kepala_sekolah`
--

INSERT INTO `izin_kepala_sekolah` (`id`, `nama`, `asal`, `keperluan`, `tgl_urusan`, `jam_urusan`, `status_izin`, `created_at`) VALUES
(3, 'Rizky Efrian2', 'Jurusan TI2', 'Rapat Party2', '2019-11-11', '19:30', 1, '2019-11-06 00:00:00'),
(4, 'Dia', 'Disana', 'Minta Piti', '2019-11-09', '03:01', 1, '2019-11-26 20:50:11'),
(5, 'Rafki Mauliadi', 'Payakumbuh', 'Minta Piti', '2019-11-30', '02:34', 1, '2019-11-26 21:13:59');

-- --------------------------------------------------------

--
-- Struktur dari tabel `izin_online`
--

CREATE TABLE `izin_online` (
  `id` int(11) NOT NULL,
  `nis` varchar(50) NOT NULL,
  `tgl_izin` date NOT NULL,
  `alasan` text NOT NULL
) ENGINE=InnoDB DEFAULT CHARSET=latin1;

--
-- Dumping data untuk tabel `izin_online`
--

INSERT INTO `izin_online` (`id`, `nis`, `tgl_izin`, `alasan`) VALUES
(1, '1010', '2019-11-19', 'Sakit'),
(2, '1010', '2019-11-12', 'Sakits'),
(4, '1011', '2019-11-21', 'Sakit apa lu?\r\nentah mana gue tau'),
(5, '1010', '2019-11-20', 'Rafji');

-- --------------------------------------------------------

--
-- Struktur dari tabel `izin_tata_usaha`
--

CREATE TABLE `izin_tata_usaha` (
  `id` int(11) NOT NULL,
  `nama` varchar(50) NOT NULL,
  `asal` varchar(100) NOT NULL,
  `keperluan` text NOT NULL,
  `tgl_urusan` date NOT NULL,
  `jam_urusan` text NOT NULL,
  `status_izin` int(11) NOT NULL,
  `created_at` datetime NOT NULL
) ENGINE=InnoDB DEFAULT CHARSET=latin1;

--
-- Dumping data untuk tabel `izin_tata_usaha`
--

INSERT INTO `izin_tata_usaha` (`id`, `nama`, `asal`, `keperluan`, `tgl_urusan`, `jam_urusan`, `status_izin`, `created_at`) VALUES
(1, 'Aku', 'padang', 'Caliak Mantan', '2019-11-30', '20:21', 2, '2019-11-02 00:00:00'),
(2, 'Kamu', 'Padang Panjang', 'Mangaa yoooo', '2019-11-21', '19:09', 1, '2019-11-21 00:00:00'),
(3, 'Test3', 'Test3', 'Test3', '2019-11-08', '20:10', 1, '2019-11-26 23:44:45');

-- --------------------------------------------------------

--
-- Struktur dari tabel `jadwal_pelajaran`
--

CREATE TABLE `jadwal_pelajaran` (
  `id` int(11) NOT NULL,
  `hari` varchar(25) NOT NULL,
  `id_jam` int(11) NOT NULL,
  `id_kelas` int(11) NOT NULL,
  `id_mapel_kelas` int(11) NOT NULL,
  `absen1` varchar(20) NOT NULL,
  `absen2` varchar(20) NOT NULL,
  `nis` int(11) NOT NULL,
  `keterangan_materi` text NOT NULL,
  `created_date` datetime NOT NULL
) ENGINE=InnoDB DEFAULT CHARSET=latin1;

--
-- Dumping data untuk tabel `jadwal_pelajaran`
--

INSERT INTO `jadwal_pelajaran` (`id`, `hari`, `id_jam`, `id_kelas`, `id_mapel_kelas`, `absen1`, `absen2`, `nis`, `keterangan_materi`, `created_date`) VALUES
(24, 'Senin', 6, 5, 3, 'Ada Guru', 'Ada Guru', 777, '        Ada Guru', '0000-00-00 00:00:00'),
(25, 'Sabtu', 1, 5, 3, 'Ada Guru', 'Ada Guru', 777, '        a', '2019-12-07 10:59:24'),
(26, 'Sabtu', 13, 5, 3, 'Ada Guru', 'Ada Guru', 777, '        a', '2019-12-07 11:08:11'),
(27, 'Sabtu', 1, 5, 3, 'Tidak Ada Guru', 'Tidak Ada Guru', 0, '        a', '2019-12-07 11:12:33'),
(29, 'Sabtu', 1, 5, 3, 'Tidak Ada Guru', 'Ada Guru', 0, 'aa', '2019-12-07 11:13:08'),
(30, 'Sabtu', 8, 5, 3, 'Tidak Ada Guru', 'Tidak Ada Guru', 0, '        ', '2019-12-07 11:14:53');

-- --------------------------------------------------------

--
-- Struktur dari tabel `jam_pelajaran_kelas`
--

CREATE TABLE `jam_pelajaran_kelas` (
  `id` int(11) NOT NULL,
  `hari` varchar(25) NOT NULL,
  `id_jam` int(11) NOT NULL,
  `id_mapel_kelas` int(11) NOT NULL
) ENGINE=InnoDB DEFAULT CHARSET=latin1;

--
-- Dumping data untuk tabel `jam_pelajaran_kelas`
--

INSERT INTO `jam_pelajaran_kelas` (`id`, `hari`, `id_jam`, `id_mapel_kelas`) VALUES
(1, 'senin', 1, 2),
(2, 'selasa', 3, 2);

-- --------------------------------------------------------

--
-- Struktur dari tabel `legalisir_ijazah`
--

CREATE TABLE `legalisir_ijazah` (
  `id` int(11) NOT NULL,
  `nis` varchar(50) NOT NULL,
  `no_ijazah` varchar(50) NOT NULL,
  `tahun_ijazah` int(4) NOT NULL,
  `tgl_masuk_legalisir` date NOT NULL,
  `tgl_selesai_legalisir` date NOT NULL,
  `status_legalisir` int(11) NOT NULL
) ENGINE=InnoDB DEFAULT CHARSET=latin1;

--
-- Dumping data untuk tabel `legalisir_ijazah`
--

INSERT INTO `legalisir_ijazah` (`id`, `nis`, `no_ijazah`, `tahun_ijazah`, `tgl_masuk_legalisir`, `tgl_selesai_legalisir`, `status_legalisir`) VALUES
(12, '1011', 'A0002', 2017, '2019-12-10', '2019-12-11', 2),
(13, '1013', 'A0004', 2019, '2019-12-10', '2019-12-13', 1);

-- --------------------------------------------------------

--
-- Struktur dari tabel `master_absensi_guru`
--

CREATE TABLE `master_absensi_guru` (
  `id` int(11) NOT NULL,
  `id_guru` int(11) NOT NULL,
  `absen` enum('Hadir','Sakit','Tidak Hadir','') NOT NULL
) ENGINE=InnoDB DEFAULT CHARSET=latin1;

--
-- Dumping data untuk tabel `master_absensi_guru`
--

INSERT INTO `master_absensi_guru` (`id`, `id_guru`, `absen`) VALUES
(4, 1, 'Hadir'),
(5, 3, 'Hadir');

-- --------------------------------------------------------

--
-- Struktur dari tabel `master_bahan_ajar`
--

CREATE TABLE `master_bahan_ajar` (
  `id` int(11) NOT NULL,
  `id_guru` int(11) NOT NULL,
  `id_kelas` int(11) NOT NULL,
  `id_jurusan` int(11) NOT NULL,
  `foto` varchar(100) NOT NULL
) ENGINE=InnoDB DEFAULT CHARSET=latin1;

-- --------------------------------------------------------

--
-- Struktur dari tabel `master_guru`
--

CREATE TABLE `master_guru` (
  `id` int(11) NOT NULL,
  `nama_lengkap` varchar(255) DEFAULT NULL,
  `gelar_depan` varchar(255) DEFAULT NULL,
  `gelar_belakang` varchar(255) NOT NULL,
  `nip` varchar(255) DEFAULT NULL,
  `tempat_lahir` text NOT NULL,
  `tanggal_lahir` date NOT NULL,
  `id_gender` varchar(255) DEFAULT NULL,
  `id_agama` int(11) NOT NULL,
  `alamat` text NOT NULL,
  `tanggal_masuk` date DEFAULT NULL,
  `id_jabatan` int(11) DEFAULT NULL,
  `id_status_pegawai` int(11) NOT NULL,
  `foto` text NOT NULL,
  `created_date` datetime DEFAULT NULL,
  `created_modified` datetime NOT NULL,
  `id_status_guru` int(11) DEFAULT NULL,
  `pendidikan` varchar(50) NOT NULL,
  `jurusan` varchar(50) NOT NULL,
  `tamat` varchar(50) NOT NULL,
  `unit_kerja` varchar(50) NOT NULL
) ENGINE=InnoDB DEFAULT CHARSET=latin1;

--
-- Dumping data untuk tabel `master_guru`
--

INSERT INTO `master_guru` (`id`, `nama_lengkap`, `gelar_depan`, `gelar_belakang`, `nip`, `tempat_lahir`, `tanggal_lahir`, `id_gender`, `id_agama`, `alamat`, `tanggal_masuk`, `id_jabatan`, `id_status_pegawai`, `foto`, `created_date`, `created_modified`, `id_status_guru`, `pendidikan`, `jurusan`, `tamat`, `unit_kerja`) VALUES
(1, 'Ronal Hadi', 'Dr', 'M.Kom', '1998', 'kh', '1010-01-01', '1', 1, 'lkjl', '1010-01-01', 1, 1, 'a12.jpg', '2019-11-18 09:38:58', '2019-11-18 09:38:58', 1, 'jlk', 'lkj', '111', 'lkjkj'),
(2, 'Meri Azmi', 'Dr', 'M.Kom', '1999', 'jhgh', '2019-09-03', '1', 1, 'jgjh', '2019-11-12', 1, 1, 'a12.jpg', '2019-11-18 09:38:58', '2019-11-18 09:38:58', 1, ',mn1,mn', 'hj', '11', 'asd'),
(3, 'Ervan Asri', 'Dr', 'M.Kom', '2000', 'jkhjk', '1000-01-01', '1', 1, 'lkjk', '1111-01-01', 1, 1, 'denah.jpg', '2019-12-07 14:54:59', '2019-12-07 14:54:59', 1, 'lkjkl', 'lkjlk', '11', ',mnm');

-- --------------------------------------------------------

--
-- Struktur dari tabel `master_jabatan_guru`
--

CREATE TABLE `master_jabatan_guru` (
  `id` int(11) NOT NULL,
  `nama_jabatan` varchar(255) DEFAULT NULL,
  `created_at` datetime DEFAULT NULL
) ENGINE=InnoDB DEFAULT CHARSET=latin1;

--
-- Dumping data untuk tabel `master_jabatan_guru`
--

INSERT INTO `master_jabatan_guru` (`id`, `nama_jabatan`, `created_at`) VALUES
(1, 'Staf Guru Pengajar', '2019-09-13 00:00:00');

-- --------------------------------------------------------

--
-- Struktur dari tabel `master_jam`
--

CREATE TABLE `master_jam` (
  `id` int(11) NOT NULL,
  `jam` int(11) NOT NULL,
  `waktu_mulai` time NOT NULL,
  `waktu_akhir` time NOT NULL
) ENGINE=InnoDB DEFAULT CHARSET=latin1;

--
-- Dumping data untuk tabel `master_jam`
--

INSERT INTO `master_jam` (`id`, `jam`, `waktu_mulai`, `waktu_akhir`) VALUES
(1, 1, '06:45:00', '07:00:00'),
(3, 2, '07:00:00', '07:45:00'),
(4, 3, '07:45:00', '08:30:00'),
(5, 4, '08:30:00', '09:15:00'),
(6, 5, '09:15:00', '10:00:00'),
(7, 6, '10:00:00', '10:20:00'),
(8, 7, '10:20:00', '11:05:00'),
(9, 8, '11:05:00', '11:50:00'),
(10, 9, '11:50:00', '12:35:00'),
(11, 10, '12:35:00', '13:00:00'),
(12, 11, '13:00:00', '13:45:00'),
(13, 12, '13:45:00', '14:30:00'),
(14, 13, '14:30:00', '15:15:00'),
(15, 14, '15:15:00', '16:00:00'),
(16, 15, '16:00:00', '16:15:00'),
(17, 16, '16:15:00', '17:00:00'),
(18, 17, '17:00:00', '17:45:00');

-- --------------------------------------------------------

--
-- Struktur dari tabel `master_jurusan`
--

CREATE TABLE `master_jurusan` (
  `id` int(11) NOT NULL,
  `nama_jurusan` varchar(255) DEFAULT NULL,
  `created_at` datetime DEFAULT NULL
) ENGINE=InnoDB DEFAULT CHARSET=latin1;

--
-- Dumping data untuk tabel `master_jurusan`
--

INSERT INTO `master_jurusan` (`id`, `nama_jurusan`, `created_at`) VALUES
(1, 'IPA', '2019-08-28 00:00:00'),
(2, 'IPS', '2019-08-28 00:00:00');

-- --------------------------------------------------------

--
-- Struktur dari tabel `master_kelas`
--

CREATE TABLE `master_kelas` (
  `id_kelas` int(11) NOT NULL,
  `nama_kelas` varchar(255) NOT NULL,
  `status` int(11) NOT NULL,
  `id_jurusan` int(11) DEFAULT NULL,
  `created_at` datetime DEFAULT NULL
) ENGINE=InnoDB DEFAULT CHARSET=latin1;

--
-- Dumping data untuk tabel `master_kelas`
--

INSERT INTO `master_kelas` (`id_kelas`, `nama_kelas`, `status`, `id_jurusan`, `created_at`) VALUES
(1, 'X 1', 1, 2, '2019-08-28 22:31:31'),
(3, 'X 2', 1, 2, '2019-08-28 22:50:51'),
(5, 'asd', 0, 1, '2019-11-02 16:59:20');

-- --------------------------------------------------------

--
-- Struktur dari tabel `master_kelompok_mapel`
--

CREATE TABLE `master_kelompok_mapel` (
  `id` int(11) NOT NULL,
  `nama_kelompok` varchar(255) DEFAULT NULL,
  `created_at` datetime DEFAULT NULL
) ENGINE=InnoDB DEFAULT CHARSET=latin1;

--
-- Dumping data untuk tabel `master_kelompok_mapel`
--

INSERT INTO `master_kelompok_mapel` (`id`, `nama_kelompok`, `created_at`) VALUES
(1, 'Kelompok Wajib', '2019-08-23 09:49:34'),
(2, 'Kelompok Peminatan', '2019-08-23 09:49:50');

-- --------------------------------------------------------

--
-- Struktur dari tabel `master_kurikulum`
--

CREATE TABLE `master_kurikulum` (
  `id` int(11) NOT NULL,
  `nama_kurikulum` varchar(255) DEFAULT NULL,
  `created_at` datetime DEFAULT NULL
) ENGINE=InnoDB DEFAULT CHARSET=latin1;

-- --------------------------------------------------------

--
-- Struktur dari tabel `master_mapel_kelas`
--

CREATE TABLE `master_mapel_kelas` (
  `id` int(11) NOT NULL,
  `id_kelas` int(11) NOT NULL,
  `id_mata_pelajaran` int(11) NOT NULL,
  `id_guru` int(11) NOT NULL
) ENGINE=InnoDB DEFAULT CHARSET=latin1;

--
-- Dumping data untuk tabel `master_mapel_kelas`
--

INSERT INTO `master_mapel_kelas` (`id`, `id_kelas`, `id_mata_pelajaran`, `id_guru`) VALUES
(2, 3, 6, 2),
(3, 1, 5, 1),
(4, 1, 5, 2);

-- --------------------------------------------------------

--
-- Struktur dari tabel `master_mata_pelajaran`
--

CREATE TABLE `master_mata_pelajaran` (
  `id_mata_pelajaran` int(11) NOT NULL,
  `nama_mapel` varchar(255) NOT NULL,
  `kode_mapel` varchar(255) DEFAULT NULL,
  `kelompok_mapel` int(255) DEFAULT NULL,
  `id_peminatan` int(255) DEFAULT NULL,
  `created_at` datetime NOT NULL,
  `last_update` datetime NOT NULL
) ENGINE=InnoDB DEFAULT CHARSET=latin1;

--
-- Dumping data untuk tabel `master_mata_pelajaran`
--

INSERT INTO `master_mata_pelajaran` (`id_mata_pelajaran`, `nama_mapel`, `kode_mapel`, `kelompok_mapel`, `id_peminatan`, `created_at`, `last_update`) VALUES
(5, 'Fiqih', 'FQ', 1, 4, '2019-08-23 09:50:41', '2019-08-28 21:49:51'),
(6, 'Qur\'an Hadist', 'QH', 1, 3, '2019-09-13 09:56:31', '2019-09-13 09:56:31');

-- --------------------------------------------------------

--
-- Struktur dari tabel `master_monitor_kelas`
--

CREATE TABLE `master_monitor_kelas` (
  `id` int(11) NOT NULL,
  `id_kelas` int(11) NOT NULL,
  `tanda_guru` varchar(25) NOT NULL
) ENGINE=InnoDB DEFAULT CHARSET=latin1;

--
-- Dumping data untuk tabel `master_monitor_kelas`
--

INSERT INTO `master_monitor_kelas` (`id`, `id_kelas`, `tanda_guru`) VALUES
(1, 1, 'ada');

-- --------------------------------------------------------

--
-- Struktur dari tabel `master_nilai`
--

CREATE TABLE `master_nilai` (
  `id` int(11) NOT NULL,
  `id_kelas` int(11) NOT NULL,
  `id_mapel` int(11) NOT NULL,
  `id_guru` int(11) NOT NULL,
  `nilai_siswa` double NOT NULL,
  `id_siswa_kelas` int(11) NOT NULL,
  `id_tahun_ajaran` int(11) NOT NULL
) ENGINE=InnoDB DEFAULT CHARSET=latin1;

--
-- Dumping data untuk tabel `master_nilai`
--

INSERT INTO `master_nilai` (`id`, `id_kelas`, `id_mapel`, `id_guru`, `nilai_siswa`, `id_siswa_kelas`, `id_tahun_ajaran`) VALUES
(2, 3, 5, 2, 80, 1, 2),
(3, 1, 5, 2, 100, 1, 2),
(4, 3, 6, 2, 100, 3, 2);

-- --------------------------------------------------------

--
-- Struktur dari tabel `master_orangtua`
--

CREATE TABLE `master_orangtua` (
  `id` int(11) NOT NULL,
  `id_siswa` int(255) DEFAULT NULL,
  `nama_ayah` varchar(255) DEFAULT NULL,
  `nama_ibu` varchar(255) DEFAULT NULL,
  `alamat` text,
  `no_telepon` varchar(255) DEFAULT NULL,
  `pekerjaan_ayah` varchar(255) DEFAULT NULL,
  `pekerjaan_ibu` varchar(255) DEFAULT NULL
) ENGINE=InnoDB DEFAULT CHARSET=latin1;

--
-- Dumping data untuk tabel `master_orangtua`
--

INSERT INTO `master_orangtua` (`id`, `id_siswa`, `nama_ayah`, `nama_ibu`, `alamat`, `no_telepon`, `pekerjaan_ayah`, `pekerjaan_ibu`) VALUES
(1, 1, 'Herinal', 'Zulmaini', 'Jln. Sudirman', '081371896365', 'swasta', 'ibu rumah tangga'),
(2, 2, 's', 's', 's', '1', 's', 's'),
(3, 3, 'a', 'a', 'a', '1', 'a', 'a'),
(4, 4, 'a', 'a', 'a', '1', 'a', 'a'),
(5, 5, 'q', 'q', 'q', '1', 'q', 'q'),
(6, 6, 'kk', 'jkh', 'kjh', '11', 'jkhk', 'jhj');

-- --------------------------------------------------------

--
-- Struktur dari tabel `master_peminatan_mapel`
--

CREATE TABLE `master_peminatan_mapel` (
  `id` int(11) NOT NULL,
  `nama_peminatan` varchar(255) DEFAULT NULL,
  `created_at` datetime DEFAULT NULL
) ENGINE=InnoDB DEFAULT CHARSET=latin1;

--
-- Dumping data untuk tabel `master_peminatan_mapel`
--

INSERT INTO `master_peminatan_mapel` (`id`, `nama_peminatan`, `created_at`) VALUES
(1, 'Peminatan Matematika dan IPA', '2019-08-23 09:46:32'),
(2, 'Peminatan Sosial', '2019-08-23 09:46:49'),
(3, 'Peminatan Bahasa', '2019-08-23 09:47:05'),
(4, 'Peminatan Keagamaan', '2019-08-23 09:47:26');

-- --------------------------------------------------------

--
-- Struktur dari tabel `master_siswa`
--

CREATE TABLE `master_siswa` (
  `id` int(11) NOT NULL,
  `nama_lengkap` varchar(255) DEFAULT NULL,
  `nis` varchar(255) DEFAULT NULL,
  `nisn` varchar(255) DEFAULT NULL,
  `tempat_lahir` varchar(255) DEFAULT NULL,
  `tanggal_lahir` date DEFAULT NULL,
  `jenis_kelamin` varchar(255) DEFAULT NULL,
  `agama` varchar(255) DEFAULT NULL,
  `status_dalam_keluarga` varchar(255) DEFAULT NULL,
  `anak_ke` int(255) DEFAULT NULL,
  `alamat` text,
  `no_telepon` varchar(255) DEFAULT NULL,
  `asal_sekolah` varchar(255) DEFAULT NULL,
  `kelas_diterima` varchar(255) DEFAULT NULL,
  `tanggal_diterima` date DEFAULT NULL,
  `foto` text NOT NULL,
  `created_date` datetime NOT NULL,
  `created_modified` datetime NOT NULL,
  `id_status_peserta_didik` int(11) NOT NULL,
  `no_ijazah` varchar(25) NOT NULL,
  `tahun_ijazah` varchar(4) NOT NULL
) ENGINE=InnoDB DEFAULT CHARSET=latin1;

--
-- Dumping data untuk tabel `master_siswa`
--

INSERT INTO `master_siswa` (`id`, `nama_lengkap`, `nis`, `nisn`, `tempat_lahir`, `tanggal_lahir`, `jenis_kelamin`, `agama`, `status_dalam_keluarga`, `anak_ke`, `alamat`, `no_telepon`, `asal_sekolah`, `kelas_diterima`, `tanggal_diterima`, `foto`, `created_date`, `created_modified`, `id_status_peserta_didik`, `no_ijazah`, `tahun_ijazah`) VALUES
(1, 'Rio Bayu Sentosa', '1010', '2020', 'Padang', '1992-04-16', '1', '1', '1', 1, 'Jalan Bahari', '08221234567', 'SMP N 1 Bangkinang', 'X', '2019-09-02', 'Hydrangeas.jpg', '2019-09-13 09:57:55', '2019-09-13 09:57:55', 1, 'A0001', '2016'),
(2, 'Rafki Mauliadi', '1011', '2021', 'Payakumbuh', '1998-07-10', '1', '1', '1', 1, 'Jalan Bahari', '08221234567', 'SMP N 1 Bangkinang', 'X', '2019-09-02', 'Capture.JPG', '2019-11-24 22:52:56', '2019-11-24 22:52:56', 1, 'A0002', '2017'),
(3, 'Rizky Efrian', '1012', '2022', 'Padang Panjang', '1992-04-17', '1', '1', '1', 1, 'Jalan Bahari', '08221234567', 'SMP N 1 Bangkinang', 'X', '2019-09-02', 'a14.jpg', '2019-11-28 23:05:54', '2019-11-28 23:05:54', 1, 'A0003', '2018'),
(4, 'Dhani Dwi Putra', '1013', '2023', 'Pariaman', '1992-04-18', '1', '1', '1', 1, 'Jalan Bahari', '08221234567', 'SMP N 1 Bangkinang', 'X', '2019-09-02', 'a14.jpg', '2019-11-28 23:07:56', '2019-11-28 23:07:56', 1, 'A0004', '2019'),
(5, 'Fahmi', '1014', '2024', 'Bukittinggi', '1992-04-19', '1', '1', '1', 1, 'Jalan Bahari', '08221234567', 'SMP N 1 Bangkinang', 'X', '2019-09-02', 'a16.jpg', '2019-11-28 23:11:09', '2019-11-28 23:11:09', 1, 'A0005', '2016'),
(6, 'Jordan', '1015', '2025', 'Padang Pariaman', '1992-04-12', '1', '1', '1', 1, 'Jalan Bahari', '08221234567', 'SMP N 1 Bangkinang', 'X', '2019-09-02', 'a17.jpg', '2019-11-28 23:15:30', '2019-11-28 23:15:30', 1, 'A0006', '2018');

-- --------------------------------------------------------

--
-- Struktur dari tabel `master_siswa_kelas`
--

CREATE TABLE `master_siswa_kelas` (
  `id` int(11) NOT NULL,
  `id_kelas` int(11) NOT NULL,
  `id_siswa` int(11) NOT NULL,
  `id_tahun_ajaran` int(11) NOT NULL
) ENGINE=InnoDB DEFAULT CHARSET=latin1;

--
-- Dumping data untuk tabel `master_siswa_kelas`
--

INSERT INTO `master_siswa_kelas` (`id`, `id_kelas`, `id_siswa`, `id_tahun_ajaran`) VALUES
(1, 1, 1, 1),
(3, 1, 2, 1),
(4, 1, 1, 2),
(5, 1, 2, 2);

-- --------------------------------------------------------

--
-- Struktur dari tabel `master_status_kelas`
--

CREATE TABLE `master_status_kelas` (
  `id_status` int(11) NOT NULL,
  `nama_status` varchar(30) NOT NULL
) ENGINE=InnoDB DEFAULT CHARSET=latin1;

--
-- Dumping data untuk tabel `master_status_kelas`
--

INSERT INTO `master_status_kelas` (`id_status`, `nama_status`) VALUES
(1, 'Aktif'),
(2, 'Non Aktif');

-- --------------------------------------------------------

--
-- Struktur dari tabel `master_status_pegawai`
--

CREATE TABLE `master_status_pegawai` (
  `id` int(11) NOT NULL,
  `status_pegawai` varchar(255) NOT NULL
) ENGINE=InnoDB DEFAULT CHARSET=latin1;

--
-- Dumping data untuk tabel `master_status_pegawai`
--

INSERT INTO `master_status_pegawai` (`id`, `status_pegawai`) VALUES
(1, 'PNS'),
(2, 'NON PNS');

-- --------------------------------------------------------

--
-- Struktur dari tabel `master_tahun_ajaran`
--

CREATE TABLE `master_tahun_ajaran` (
  `id_tahun_ajaran` int(11) NOT NULL,
  `title_tahun_ajaran` varchar(30) NOT NULL,
  `status` int(11) NOT NULL,
  `created_at` datetime NOT NULL
) ENGINE=InnoDB DEFAULT CHARSET=latin1;

-- --------------------------------------------------------

--
-- Struktur dari tabel `master_tahun_pelajaran`
--

CREATE TABLE `master_tahun_pelajaran` (
  `id` int(11) NOT NULL,
  `nama_tahu_pelajaran` varchar(255) DEFAULT NULL,
  `range_tahun` text,
  `created_at` datetime DEFAULT NULL
) ENGINE=InnoDB DEFAULT CHARSET=latin1;

-- --------------------------------------------------------

--
-- Struktur dari tabel `master_wali`
--

CREATE TABLE `master_wali` (
  `id` int(11) NOT NULL,
  `id_siswa` int(255) DEFAULT NULL,
  `nama_wali` varchar(255) DEFAULT NULL,
  `no_telepon` varchar(255) DEFAULT NULL,
  `alamat` text,
  `pekerjaan` varchar(255) DEFAULT NULL
) ENGINE=InnoDB DEFAULT CHARSET=latin1;

--
-- Dumping data untuk tabel `master_wali`
--

INSERT INTO `master_wali` (`id`, `id_siswa`, `nama_wali`, `no_telepon`, `alamat`, `pekerjaan`) VALUES
(1, 1, 'Zuniar', '08117415164', 'Jln. Bahari no. 38', 'swasta'),
(2, 2, 's', '1', 's', 's'),
(3, 3, 'a', '1', 'a', 'a'),
(4, 4, 'a', '1', 'a', 'a'),
(5, 5, 'q', '1', 'q', 'q'),
(6, 6, 'jk', '11', 'jhjk', 'jkhjk');

-- --------------------------------------------------------

--
-- Struktur dari tabel `mobil`
--

CREATE TABLE `mobil` (
  `id_mobil` int(11) NOT NULL,
  `nomor_plat` varchar(30) NOT NULL,
  `merk_mobil` varchar(50) NOT NULL,
  `tahun_mobil` year(4) NOT NULL,
  `tahun_beli` year(4) NOT NULL,
  `created_date` date NOT NULL
) ENGINE=InnoDB DEFAULT CHARSET=latin1;

--
-- Dumping data untuk tabel `mobil`
--

INSERT INTO `mobil` (`id_mobil`, `nomor_plat`, `merk_mobil`, `tahun_mobil`, `tahun_beli`, `created_date`) VALUES
(1, 'BA 1234 HV', 'Mitsubishi Colt Diesel D', 2014, 2017, '2019-07-17');

-- --------------------------------------------------------

--
-- Struktur dari tabel `orang_tua`
--

CREATE TABLE `orang_tua` (
  `id` int(11) NOT NULL,
  `id_siswa` int(11) NOT NULL,
  `nama_ayah` varchar(50) NOT NULL,
  `nama_ibu` varchar(50) NOT NULL,
  `alamat` text NOT NULL,
  `no_telepon` text NOT NULL,
  `pekerjaan_ayah` varchar(255) NOT NULL,
  `pekerjaan_ibu` varchar(255) NOT NULL
) ENGINE=InnoDB DEFAULT CHARSET=latin1;

-- --------------------------------------------------------

--
-- Struktur dari tabel `pembayaran_spp`
--

CREATE TABLE `pembayaran_spp` (
  `id` int(11) NOT NULL,
  `nis` varchar(50) NOT NULL,
  `id_kelas` int(11) NOT NULL,
  `bulan` varchar(25) NOT NULL,
  `tahun` int(11) NOT NULL,
  `total_bayar` double NOT NULL,
  `created_date` datetime NOT NULL,
  `created_modified` datetime NOT NULL
) ENGINE=InnoDB DEFAULT CHARSET=latin1;

--
-- Dumping data untuk tabel `pembayaran_spp`
--

INSERT INTO `pembayaran_spp` (`id`, `nis`, `id_kelas`, `bulan`, `tahun`, `total_bayar`, `created_date`, `created_modified`) VALUES
(3, '1010', 1, 'Mei', 2019, 80000, '2019-11-12 16:18:16', '2019-11-12 16:21:35'),
(4, '1011', 3, 'Maret', 2018, 120000, '2019-11-12 16:22:20', '2019-11-28 22:31:19'),
(5, '1012', 3, 'Mei', 2019, 120000, '2019-12-09 21:41:09', '2019-12-09 21:41:09');

-- --------------------------------------------------------

--
-- Struktur dari tabel `pembayaran_spp_kelas`
--

CREATE TABLE `pembayaran_spp_kelas` (
  `id` int(11) NOT NULL,
  `id_kelas` int(11) NOT NULL,
  `id_guru` varchar(11) NOT NULL,
  `bulan` varchar(25) NOT NULL,
  `tahun` int(11) NOT NULL,
  `jml_bayar` double NOT NULL,
  `jml_keseluruhan` double NOT NULL,
  `id_status_spp_kelas` int(11) NOT NULL,
  `created_date` datetime NOT NULL,
  `created_modified` datetime NOT NULL
) ENGINE=InnoDB DEFAULT CHARSET=latin1;

--
-- Dumping data untuk tabel `pembayaran_spp_kelas`
--

INSERT INTO `pembayaran_spp_kelas` (`id`, `id_kelas`, `id_guru`, `bulan`, `tahun`, `jml_bayar`, `jml_keseluruhan`, `id_status_spp_kelas`, `created_date`, `created_modified`) VALUES
(3, 3, '1', 'Januari', 2017, 500000, 500000, 1, '2019-12-02 00:32:07', '2019-12-02 00:40:05'),
(4, 1, '3', 'Maret', 2019, 300000, 500000, 2, '2019-12-09 21:56:38', '2019-12-09 22:06:12'),
(5, 3, '3', 'Maret', 2018, 400000, 500000, 2, '2019-12-09 22:24:38', '2019-12-09 22:26:13'),
(6, 1, '1', 'Januari', 2019, 300000, 500000, 2, '2019-12-09 22:27:27', '2019-12-09 22:27:42');

-- --------------------------------------------------------

--
-- Struktur dari tabel `riwayat_jabatan`
--

CREATE TABLE `riwayat_jabatan` (
  `id` int(11) NOT NULL,
  `id_guru` int(255) DEFAULT NULL,
  `id_jabatan` int(255) DEFAULT NULL,
  `tahun_pelajaran` int(255) DEFAULT NULL,
  `created_at` datetime DEFAULT NULL
) ENGINE=InnoDB DEFAULT CHARSET=latin1;

-- --------------------------------------------------------

--
-- Struktur dari tabel `riwayat_kelas`
--

CREATE TABLE `riwayat_kelas` (
  `id` int(11) NOT NULL,
  `id_siswa` int(11) DEFAULT NULL,
  `id_kelas` int(11) DEFAULT NULL,
  `id_tahun_pelajaran` int(255) DEFAULT NULL
) ENGINE=InnoDB DEFAULT CHARSET=latin1;

-- --------------------------------------------------------

--
-- Struktur dari tabel `siswa`
--

CREATE TABLE `siswa` (
  `id` int(11) NOT NULL,
  `nama_lengkap` varchar(50) NOT NULL,
  `nis` text NOT NULL,
  `nisn` text NOT NULL,
  `tempat_lahir` varchar(50) NOT NULL,
  `tanggal_lahir` date NOT NULL,
  `jenis_kelamin` varchar(5) NOT NULL,
  `agama` varchar(30) NOT NULL,
  `status_dalam_keluarga` varchar(30) NOT NULL,
  `anak_ke` int(11) NOT NULL,
  `alamat` text NOT NULL,
  `no_telepon` text NOT NULL,
  `asal_sekolah` varchar(255) NOT NULL,
  `kelas_diterima` varchar(50) NOT NULL,
  `tanggal_diterima` date NOT NULL,
  `status_siswa` int(11) NOT NULL,
  `created_at` datetime NOT NULL
) ENGINE=InnoDB DEFAULT CHARSET=latin1;

-- --------------------------------------------------------

--
-- Struktur dari tabel `status_guru`
--

CREATE TABLE `status_guru` (
  `id` int(11) NOT NULL,
  `status_guru` varchar(255) DEFAULT NULL,
  `created_at` datetime DEFAULT NULL
) ENGINE=InnoDB DEFAULT CHARSET=latin1;

--
-- Dumping data untuk tabel `status_guru`
--

INSERT INTO `status_guru` (`id`, `status_guru`, `created_at`) VALUES
(1, 'Aktif', '2019-09-13 00:00:00'),
(2, 'Pindah', '2019-09-13 00:00:00'),
(3, 'Pensiun', '2019-09-13 00:00:00');

-- --------------------------------------------------------

--
-- Struktur dari tabel `supir`
--

CREATE TABLE `supir` (
  `id_supir` int(11) NOT NULL,
  `nama_supir` varchar(30) NOT NULL,
  `tanggal_bergabung` date NOT NULL,
  `no_hp` varchar(30) NOT NULL,
  `created_date` date DEFAULT NULL
) ENGINE=InnoDB DEFAULT CHARSET=latin1;

--
-- Dumping data untuk tabel `supir`
--

INSERT INTO `supir` (`id_supir`, `nama_supir`, `tanggal_bergabung`, `no_hp`, `created_date`) VALUES
(1, 'Agung Surya', '2019-07-16', '0812765435243', '2019-07-16'),
(3, 'Dhany Dwi Putra', '2019-07-15', '0812765467263', '2019-07-16');

-- --------------------------------------------------------

--
-- Struktur dari tabel `tahun_ajaran`
--

CREATE TABLE `tahun_ajaran` (
  `id` int(11) NOT NULL,
  `tahun` varchar(25) NOT NULL,
  `bulan` varchar(25) NOT NULL,
  `semester` int(11) NOT NULL,
  `status` varchar(20) NOT NULL
) ENGINE=InnoDB DEFAULT CHARSET=latin1;

--
-- Dumping data untuk tabel `tahun_ajaran`
--

INSERT INTO `tahun_ajaran` (`id`, `tahun`, `bulan`, `semester`, `status`) VALUES
(2, '2018-2019', 'jun-des', 1, 'altif'),
(3, '2019-2020', 'jan-jun', 2, 'tidak aktif');

-- --------------------------------------------------------

--
-- Stand-in struktur untuk tampilan `view_recent_content`
-- (Lihat di bawah untuk tampilan aktual)
--
CREATE TABLE `view_recent_content` (
`id_content` int(11)
,`title` text
,`isi` text
,`gambar` text
,`id_category` int(11)
,`created_date` datetime
,`created_modified` datetime
,`created_by` int(11)
,`hits` int(11)
,`id_status` int(11)
,`nm_status` varchar(20)
,`title_category` text
,`full_name` text
);

-- --------------------------------------------------------

--
-- Struktur dari tabel `visitor`
--

CREATE TABLE `visitor` (
  `id_visitor` int(11) NOT NULL,
  `created_date` date NOT NULL,
  `browser` text NOT NULL,
  `ip` text NOT NULL,
  `online` varchar(255) NOT NULL,
  `hits` int(11) NOT NULL,
  `url` text NOT NULL
) ENGINE=MyISAM DEFAULT CHARSET=latin1;

--
-- Dumping data untuk tabel `visitor`
--

INSERT INTO `visitor` (`id_visitor`, `created_date`, `browser`, `ip`, `online`, `hits`, `url`) VALUES
(1, '2019-07-13', 'Mozilla/5.0 (Windows NT 6.3; Win64; x64; rv:67.0) Gecko/20100101 Firefox/67.0', '::1', '1563037711', 2, ''),
(2, '2019-07-15', 'Mozilla/5.0 (Windows NT 6.1; Win64; x64; rv:68.0) Gecko/20100101 Firefox/68.0', '::1', '1563182175', 14, ''),
(3, '2019-07-15', 'Mozilla/5.0 (Macintosh; Intel Mac OS X 10_14_1) AppleWebKit/537.36 (KHTML, like Gecko) Chrome/75.0.3770.100 Safari/537.36', '::1', '1563198142', 7, ''),
(4, '2019-07-16', 'Mozilla/5.0 (Macintosh; Intel Mac OS X 10_14_1) AppleWebKit/537.36 (KHTML, like Gecko) Chrome/75.0.3770.100 Safari/537.36', '::1', '1563266227', 2, ''),
(5, '2019-07-16', 'Mozilla/5.0 (Macintosh; Intel Mac OS X 10_14_1) AppleWebKit/537.36 (KHTML, like Gecko) Chrome/75.0.3770.142 Safari/537.36', '::1', '1563281359', 3, ''),
(6, '2019-07-17', 'Mozilla/5.0 (Macintosh; Intel Mac OS X 10_14_1) AppleWebKit/605.1.15 (KHTML, like Gecko) Version/12.0.1 Safari/605.1.15', '::1', '1563326148', 2, ''),
(7, '2019-07-17', 'Mozilla/5.0 (Macintosh; Intel Mac OS X 10_14_1) AppleWebKit/537.36 (KHTML, like Gecko) Chrome/75.0.3770.142 Safari/537.36', '::1', '1563350278', 4, ''),
(8, '2019-08-06', 'Mozilla/5.0 (Macintosh; Intel Mac OS X 10_14_1) AppleWebKit/537.36 (KHTML, like Gecko) Chrome/75.0.3770.142 Safari/537.36', '::1', '1565065832', 2, ''),
(9, '2019-08-12', 'Mozilla/5.0 (Macintosh; Intel Mac OS X 10_14_1) AppleWebKit/537.36 (KHTML, like Gecko) Chrome/76.0.3809.100 Safari/537.36', '::1', '1565608886', 3, ''),
(10, '2019-08-13', 'Mozilla/5.0 (Macintosh; Intel Mac OS X 10_14_1) AppleWebKit/537.36 (KHTML, like Gecko) Chrome/76.0.3809.100 Safari/537.36', '::1', '1565711821', 87, ''),
(11, '2019-08-14', 'Mozilla/5.0 (Macintosh; Intel Mac OS X 10_14_1) AppleWebKit/537.36 (KHTML, like Gecko) Chrome/76.0.3809.100 Safari/537.36', '::1', '1565801409', 4, ''),
(12, '2019-08-15', 'Mozilla/5.0 (Macintosh; Intel Mac OS X 10_14_1) AppleWebKit/537.36 (KHTML, like Gecko) Chrome/76.0.3809.100 Safari/537.36', '::1', '1565834602', 3, ''),
(13, '2019-08-23', 'Mozilla/5.0 (Macintosh; Intel Mac OS X 10_14_1) AppleWebKit/537.36 (KHTML, like Gecko) Chrome/76.0.3809.100 Safari/537.36', '::1', '1566528002', 2, ''),
(14, '2019-08-24', 'Mozilla/5.0 (Macintosh; Intel Mac OS X 10_14_1) AppleWebKit/537.36 (KHTML, like Gecko) Chrome/76.0.3809.100 Safari/537.36', '::1', '1566623806', 2, ''),
(15, '2019-08-26', 'Mozilla/5.0 (Macintosh; Intel Mac OS X 10_14_1) AppleWebKit/537.36 (KHTML, like Gecko) Chrome/76.0.3809.100 Safari/537.36', '::1', '1566827535', 2, ''),
(16, '2019-08-27', 'Mozilla/5.0 (Macintosh; Intel Mac OS X 10_14_1) AppleWebKit/537.36 (KHTML, like Gecko) Chrome/76.0.3809.100 Safari/537.36', '::1', '1566899920', 5, ''),
(17, '2019-08-28', 'Mozilla/5.0 (Macintosh; Intel Mac OS X 10_14_1) AppleWebKit/537.36 (KHTML, like Gecko) Chrome/76.0.3809.100 Safari/537.36', '::1', '1567006450', 3, ''),
(18, '2019-09-03', 'Mozilla/5.0 (Macintosh; Intel Mac OS X 10_14_1) AppleWebKit/537.36 (KHTML, like Gecko) Chrome/76.0.3809.132 Safari/537.36', '::1', '1567510827', 12, ''),
(19, '2019-09-03', 'Mozilla/5.0 (Windows NT 10.0; Win64; x64) AppleWebKit/537.36 (KHTML, like Gecko) Chrome/76.0.3809.87 Safari/537.36', '::1', '1567530321', 4, ''),
(20, '2019-09-04', 'Mozilla/5.0 (Windows NT 10.0; Win64; x64) AppleWebKit/537.36 (KHTML, like Gecko) Chrome/76.0.3809.87 Safari/537.36', '::1', '1567561411', 2, ''),
(21, '2019-09-04', 'Mozilla/5.0 (Macintosh; Intel Mac OS X 10_14_1) AppleWebKit/537.36 (KHTML, like Gecko) Chrome/76.0.3809.132 Safari/537.36', '::1', '1567600030', 13, ''),
(22, '2019-09-12', 'Mozilla/5.0 (Macintosh; Intel Mac OS X 10_14_1) AppleWebKit/537.36 (KHTML, like Gecko) Chrome/76.0.3809.132 Safari/537.36', '::1', '1568295796', 13, ''),
(23, '2019-09-13', 'Mozilla/5.0 (Windows NT 6.1; Win64; x64; rv:69.0) Gecko/20100101 Firefox/69.0', '::1', '1568348701', 9, ''),
(24, '2019-10-31', 'Mozilla/5.0 (Windows NT 6.3; Win64; x64) AppleWebKit/537.36 (KHTML, like Gecko) Chrome/78.0.3904.70 Safari/537.36', '::1', '1572532836', 7, ''),
(25, '2019-11-01', 'Mozilla/5.0 (Windows NT 6.3; Win64; x64) AppleWebKit/537.36 (KHTML, like Gecko) Chrome/78.0.3904.87 Safari/537.36', '::1', '1572582140', 3, ''),
(26, '2019-11-02', 'Mozilla/5.0 (Windows NT 6.3; Win64; x64) AppleWebKit/537.36 (KHTML, like Gecko) Chrome/78.0.3904.87 Safari/537.36', '::1', '1572694199', 5, ''),
(27, '2019-11-03', 'Mozilla/5.0 (Windows NT 6.3; Win64; x64) AppleWebKit/537.36 (KHTML, like Gecko) Chrome/78.0.3904.87 Safari/537.36', '::1', '1572821072', 4, ''),
(28, '2019-11-05', 'Mozilla/5.0 (Windows NT 6.3; Win64; x64) AppleWebKit/537.36 (KHTML, like Gecko) Chrome/78.0.3904.87 Safari/537.36', '::1', '1572975998', 3, ''),
(29, '2019-11-09', 'Mozilla/5.0 (Windows NT 6.3; Win64; x64) AppleWebKit/537.36 (KHTML, like Gecko) Chrome/78.0.3904.87 Safari/537.36', '::1', '1573315845', 1, ''),
(30, '2019-11-10', 'Mozilla/5.0 (Windows NT 6.3; Win64; x64) AppleWebKit/537.36 (KHTML, like Gecko) Chrome/78.0.3904.87 Safari/537.36', '::1', '1573382358', 6, ''),
(31, '2019-11-11', 'Mozilla/5.0 (Windows NT 6.3; Win64; x64) AppleWebKit/537.36 (KHTML, like Gecko) Chrome/78.0.3904.87 Safari/537.36', '::1', '1573480294', 7, ''),
(32, '2019-11-12', 'Mozilla/5.0 (Windows NT 6.3; Win64; x64) AppleWebKit/537.36 (KHTML, like Gecko) Chrome/78.0.3904.97 Safari/537.36', '::1', '1573553377', 9, ''),
(33, '2019-11-13', 'Mozilla/5.0 (Windows NT 6.3; Win64; x64) AppleWebKit/537.36 (KHTML, like Gecko) Chrome/78.0.3904.97 Safari/537.36', '::1', '1573683459', 7, ''),
(34, '2019-11-14', 'Mozilla/5.0 (Windows NT 6.3; Win64; x64) AppleWebKit/537.36 (KHTML, like Gecko) Chrome/78.0.3904.97 Safari/537.36', '::1', '1573736567', 3, ''),
(35, '2019-11-16', 'Mozilla/5.0 (Windows NT 6.3; Win64; x64) AppleWebKit/537.36 (KHTML, like Gecko) Chrome/78.0.3904.97 Safari/537.36', '::1', '1573901376', 5, ''),
(36, '2019-11-18', 'Mozilla/5.0 (Windows NT 6.3; Win64; x64) AppleWebKit/537.36 (KHTML, like Gecko) Chrome/78.0.3904.97 Safari/537.36', '::1', '1574071478', 7, ''),
(37, '2019-11-19', 'Mozilla/5.0 (Windows NT 6.3; Win64; x64) AppleWebKit/537.36 (KHTML, like Gecko) Chrome/78.0.3904.97 Safari/537.36', '::1', '1574134476', 3, ''),
(38, '2019-11-22', 'Mozilla/5.0 (Windows NT 6.3; Win64; x64) AppleWebKit/537.36 (KHTML, like Gecko) Chrome/78.0.3904.97 Safari/537.36', '::1', '1574435388', 8, ''),
(39, '2019-11-24', 'Mozilla/5.0 (Windows NT 6.3; Win64; x64) AppleWebKit/537.36 (KHTML, like Gecko) Chrome/78.0.3904.97 Safari/537.36', '::1', '1574610426', 3, ''),
(40, '2019-11-25', 'Mozilla/5.0 (Windows NT 6.3; Win64; x64) AppleWebKit/537.36 (KHTML, like Gecko) Chrome/78.0.3904.97 Safari/537.36', '::1', '1574720682', 7, ''),
(41, '2019-11-26', 'Mozilla/5.0 (Windows NT 6.3; Win64; x64) AppleWebKit/537.36 (KHTML, like Gecko) Chrome/78.0.3904.97 Safari/537.36', '::1', '1574741859', 6, ''),
(42, '2019-11-28', 'Mozilla/5.0 (Windows NT 6.3; Win64; x64) AppleWebKit/537.36 (KHTML, like Gecko) Chrome/78.0.3904.97 Safari/537.36', '::1', '1574948544', 5, ''),
(43, '2019-12-03', 'Mozilla/5.0 (Windows NT 6.3; Win64; x64) AppleWebKit/537.36 (KHTML, like Gecko) Chrome/78.0.3904.97 Safari/537.36', '::1', '1575363697', 3, ''),
(44, '2019-12-05', 'Mozilla/5.0 (Windows NT 6.3; Win64; x64) AppleWebKit/537.36 (KHTML, like Gecko) Chrome/78.0.3904.97 Safari/537.36', '::1', '1575555557', 7, ''),
(45, '2019-12-07', 'Mozilla/5.0 (Windows NT 6.3; Win64; x64) AppleWebKit/537.36 (KHTML, like Gecko) Chrome/78.0.3904.97 Safari/537.36', '::1', '1575695283', 7, ''),
(46, '2019-12-09', 'Mozilla/5.0 (Windows NT 6.3; Win64; x64) AppleWebKit/537.36 (KHTML, like Gecko) Chrome/78.0.3904.97 Safari/537.36', '::1', '1575895162', 6, ''),
(47, '2019-12-09', 'Mozilla/5.0 (Windows NT 6.3; Win64; x64) AppleWebKit/537.36 (KHTML, like Gecko) Chrome/78.0.3904.108 Safari/537.36', '::1', '1575897731', 4, '');

-- --------------------------------------------------------

--
-- Struktur dari tabel `wali_murid`
--

CREATE TABLE `wali_murid` (
  `id` int(11) NOT NULL,
  `id_siswa` int(11) NOT NULL,
  `no_telepon` text NOT NULL,
  `alamat` text NOT NULL,
  `pekerjaan` varchar(255) NOT NULL
) ENGINE=InnoDB DEFAULT CHARSET=latin1;

-- --------------------------------------------------------

--
-- Struktur dari tabel `_account_reset`
--

CREATE TABLE `_account_reset` (
  `id_reset` int(11) NOT NULL,
  `token` varchar(255) NOT NULL,
  `id_user` int(10) NOT NULL,
  `email` varchar(99) NOT NULL,
  `created_date` datetime NOT NULL,
  `id_status` int(11) NOT NULL
) ENGINE=InnoDB DEFAULT CHARSET=latin1;

-- --------------------------------------------------------

--
-- Struktur dari tabel `_agama`
--

CREATE TABLE `_agama` (
  `kd_agama` int(11) NOT NULL,
  `agama` text NOT NULL
) ENGINE=InnoDB DEFAULT CHARSET=latin1;

--
-- Dumping data untuk tabel `_agama`
--

INSERT INTO `_agama` (`kd_agama`, `agama`) VALUES
(1, 'Islam'),
(2, 'Kristen');

-- --------------------------------------------------------

--
-- Struktur dari tabel `_display`
--

CREATE TABLE `_display` (
  `id` int(1) NOT NULL,
  `title` varchar(255) NOT NULL
) ENGINE=InnoDB DEFAULT CHARSET=latin1;

--
-- Dumping data untuk tabel `_display`
--

INSERT INTO `_display` (`id`, `title`) VALUES
(1, 'Yes'),
(2, 'No');

-- --------------------------------------------------------

--
-- Struktur dari tabel `_gender`
--

CREATE TABLE `_gender` (
  `id_gender` int(11) NOT NULL,
  `kd_gender` char(1) NOT NULL,
  `jenis_kelamin` text NOT NULL
) ENGINE=InnoDB DEFAULT CHARSET=latin1;

--
-- Dumping data untuk tabel `_gender`
--

INSERT INTO `_gender` (`id_gender`, `kd_gender`, `jenis_kelamin`) VALUES
(1, 'L', 'Laki-Laki'),
(2, 'P', 'Perempuan');

-- --------------------------------------------------------

--
-- Struktur dari tabel `_group`
--

CREATE TABLE `_group` (
  `id_group` int(11) NOT NULL,
  `nm_group` varchar(20) NOT NULL,
  `id_status` int(11) NOT NULL,
  `id_user` int(11) NOT NULL
) ENGINE=MyISAM DEFAULT CHARSET=latin1;

--
-- Dumping data untuk tabel `_group`
--

INSERT INTO `_group` (`id_group`, `nm_group`, `id_status`, `id_user`) VALUES
(1, 'Super Admin', 1, 1),
(2, 'Admin', 1, 1),
(3, 'Siswa', 1, 3),
(4, 'Walimurid', 1, 3),
(5, 'Guru', 1, 3),
(6, 'Guru BK', 1, 3),
(7, 'Tim Kurikulum', 1, 3),
(8, 'Kepala Sekolah', 1, 3);

-- --------------------------------------------------------

--
-- Struktur dari tabel `_lock`
--

CREATE TABLE `_lock` (
  `id` int(11) NOT NULL,
  `id_user` int(11) NOT NULL,
  `created_date` datetime NOT NULL,
  `ip` text NOT NULL,
  `browser` text NOT NULL
) ENGINE=InnoDB DEFAULT CHARSET=latin1;

-- --------------------------------------------------------

--
-- Struktur dari tabel `_log_keyword`
--

CREATE TABLE `_log_keyword` (
  `id_log` int(11) NOT NULL,
  `keyword` text NOT NULL,
  `created_date` datetime NOT NULL,
  `created_date_object` date NOT NULL,
  `ip` text NOT NULL,
  `browser` text NOT NULL,
  `hits` int(11) NOT NULL
) ENGINE=MyISAM DEFAULT CHARSET=latin1;

-- --------------------------------------------------------

--
-- Struktur dari tabel `_maintenance`
--

CREATE TABLE `_maintenance` (
  `id` int(11) NOT NULL,
  `title` text NOT NULL,
  `setting` text NOT NULL,
  `id_status` enum('online','offline') NOT NULL,
  `wrong_password` int(11) NOT NULL
) ENGINE=InnoDB DEFAULT CHARSET=latin1;

--
-- Dumping data untuk tabel `_maintenance`
--

INSERT INTO `_maintenance` (`id`, `title`, `setting`, `id_status`, `wrong_password`) VALUES
(1, 'Halaman Publik', '1,2,3,4,5,6,7,8,9', 'online', 10);

-- --------------------------------------------------------

--
-- Struktur dari tabel `_menu`
--

CREATE TABLE `_menu` (
  `id_menu` int(11) NOT NULL,
  `parent_id` int(11) NOT NULL,
  `menu_name` varchar(255) NOT NULL,
  `link` varchar(255) NOT NULL,
  `icon_menu` varchar(255) NOT NULL,
  `type_menu` int(255) NOT NULL,
  `_target` int(11) NOT NULL,
  `order_no` int(11) NOT NULL,
  `position` int(11) NOT NULL,
  `id_status` int(11) NOT NULL,
  `id_user` int(11) NOT NULL
) ENGINE=MyISAM DEFAULT CHARSET=latin1;

--
-- Dumping data untuk tabel `_menu`
--

INSERT INTO `_menu` (`id_menu`, `parent_id`, `menu_name`, `link`, `icon_menu`, `type_menu`, `_target`, `order_no`, `position`, `id_status`, `id_user`) VALUES
(1, 0, 'Beranda', 'home', 'fa-home', 1, 1, 1, 1, 1, 1);

-- --------------------------------------------------------

--
-- Struktur dari tabel `_menu_admin`
--

CREATE TABLE `_menu_admin` (
  `id_menu` int(11) NOT NULL,
  `parent_id` int(11) NOT NULL,
  `menu_name` varchar(255) NOT NULL,
  `link` varchar(255) NOT NULL,
  `icon_menu` varchar(255) NOT NULL,
  `type_menu` int(11) NOT NULL,
  `_target` int(255) NOT NULL,
  `order_no` int(11) NOT NULL,
  `id_group` varchar(255) NOT NULL,
  `display` int(11) NOT NULL,
  `position` int(11) NOT NULL,
  `id_status` int(11) NOT NULL,
  `id_user` int(11) NOT NULL
) ENGINE=MyISAM DEFAULT CHARSET=latin1;

--
-- Dumping data untuk tabel `_menu_admin`
--

INSERT INTO `_menu_admin` (`id_menu`, `parent_id`, `menu_name`, `link`, `icon_menu`, `type_menu`, `_target`, `order_no`, `id_group`, `display`, `position`, `id_status`, `id_user`) VALUES
(1, 0, 'Administrator', 'administrator', 'fa-bars', 1, 1, 1, '1,2,6', 2, 1, 1, 3),
(2, 0, 'Konfigurasi', '#', 'fa-cogs', 1, 1, 2, '1', 2, 1, 1, 1),
(3, 2, 'Modul Publik', 'privilege', 'fa-server', 1, 1, 2, '1', 2, 1, 1, 1),
(4, 2, 'Modul Admin', 'module', 'fa-lock', 1, 1, 3, '1', 2, 1, 1, 1),
(6, 2, 'Group', 'group', 'fa-users', 1, 1, 1, '1', 2, 1, 1, 1),
(7, 0, 'Menu Admin', '#', 'fa-th-large', 1, 1, 3, '1', 2, 1, 1, 1),
(8, 7, 'Main Menu', 'main-menu-admin', 'fa-align-left', 1, 1, 2, '1', 2, 1, 1, 1),
(9, 7, 'Top Bar', '#', 'fa-align-justify', 1, 1, 1, '1', 2, 1, 2, 1),
(10, 0, 'Menu Publik', '#', 'fa-th-large', 1, 1, 4, '1', 2, 1, 2, 1),
(11, 10, 'Main Menu', 'main-menu', 'fa-align-left', 1, 1, 2, '1', 2, 1, 1, 1),
(12, 10, 'Top Bar', '#', 'fa-align-justify', 1, 1, 1, '1', 2, 1, 2, 1),
(13, 0, 'Management User', '#', 'fa-user', 1, 1, 5, '1', 2, 1, 1, 1),
(14, 13, 'Bagian', 'instansi', 'fa-university', 1, 1, 1, '1', 2, 1, 1, 1),
(15, 13, 'User', 'user', 'fa-users', 1, 1, 2, '1', 2, 1, 1, 1),
(16, 2, 'CI Sessions', 'session-site', 'fa-archive', 1, 1, 5, '1', 2, 1, 1, 1),
(17, 0, 'Logout', 'administrator/logout', 'fa-lock', 1, 1, 9999, '1,2,3', 1, 1, 1, 1),
(22, 0, 'Tutorial', '#', 'fa-book', 1, 1, 8, '1', 2, 1, 1, 1),
(23, 22, 'Tag Kategori', 'category', 'fa-tag', 1, 1, 21, '1', 2, 1, 1, 1),
(24, 22, 'Content', 'content', 'fa-pencil', 1, 1, 22, '1', 2, 1, 1, 1),
(25, 0, 'Media Manager', 'media-manager', 'fa-box', 1, 2, 9, '1', 1, 1, 1, 1),
(37, 13, 'Block', 'user-block', 'fa-users', 1, 1, 3, '1', 2, 1, 1, 1),
(38, 0, 'Master Data', '#', 'fa-database', 1, 1, 9, '1,2,6', 2, 1, 1, 1),
(43, 38, 'Master Kelas', 'master-kelas', 'fa-th-large', 1, 1, 2, '1,2,6,7,8', 2, 1, 1, 1),
(42, 38, 'Mata Pelajaran', 'mata-pelajaran', 'fa-book', 1, 1, 3, '1,2,6,7', 2, 1, 1, 1),
(44, 0, 'Siswa', '#', 'fa-users', 1, 1, 10, '1,2,6,7,8', 2, 1, 1, 1),
(45, 44, 'Biodata', 'biodata-siswa', 'fa-info', 1, 1, 1, '1,2,6,7,8', 2, 1, 1, 1),
(46, 0, 'Layanan Terpadu', '#', 'fa-cog', 1, 1, 11, '1,2,3,4,5,6,7,8', 2, 1, 1, 1),
(47, 46, 'Bimbingan Konseling', 'bimbingan-konseling', 'fa-hand-holding-heart', 1, 1, 1, '1,2,6', 2, 1, 1, 1),
(48, 0, 'Guru', '#', 'fa-address-card', 1, 1, 12, '1,2,6', 2, 1, 1, 1),
(49, 48, 'Biodata', 'biodata-guru', 'fa-info', 1, 1, 1, '1,2,6', 2, 1, 1, 1),
(50, 46, 'Legalisir Ijazah', 'legalisir-ijazah', 'fa-gavel', 1, 1, 2, '1,2,6', 2, 1, 1, 1),
(51, 48, 'Mata Pelajaran Per Kelas', 'mapel-kelas', 'fa-box', 1, 1, 13, '1,2,8', 2, 1, 1, 1),
(52, 48, 'Master Jam', 'master-jam', 'fa-box', 2, 1, 14, '1,2,7,8', 2, 1, 1, 1),
(53, 0, 'Absensi Guru', 'master-absensi-guru', '', 1, 1, 15, '1,2,7,8', 2, 1, 2, 1),
(54, 0, 'Master Monitor Kelas', 'master-monitor-kelas', '', 1, 1, 16, '1,2,7,8', 2, 1, 2, 1),
(55, 48, 'Master Jadwal Pelajaran', 'master-jadwal-pelajaran', 'fa-box', 1, 1, 17, '1,2,7,8', 2, 1, 1, 1),
(56, 48, 'Bahan Ajar', 'bahan-ajar', 'fa-box', 1, 1, 18, '1,2,7,8', 2, 1, 1, 1),
(57, 48, 'Nilai Siswa', 'nilai-siswa', 'fa-box', 1, 1, 19, '1,2,7,8', 2, 1, 1, 1),
(58, 44, 'Detail Siswa Per Kelas', 'siswa-kelas', 'fa-box', 1, 2, 20, '1,2,7,8', 2, 1, 1, 1),
(59, 48, 'Tahun Ajaran (Periode)', 'tahun-ajaran', 'fa-box', 2, 1, 21, '1,2,7,8', 2, 1, 1, 1),
(60, 46, 'Izin Online', 'izin-online', 'fa-envelope', 1, 1, 3, '1,2,3,4,5,6', 2, 1, 1, 1),
(61, 46, 'Izin Kepala Sekolah', 'izin-kepala-sekolah', 'fa-envelope', 1, 1, 4, '1,2,3,4,5,6,8', 2, 1, 1, 1),
(62, 46, 'Izin Tata Usaha', 'izin-tata-usaha', 'fa-envelope', 1, 1, 5, '1,2,3,4,5,6', 2, 1, 1, 1),
(63, 46, 'Pembayaran SPP Sekolah', 'pembayaran-spp', 'fa-gavel', 1, 1, 6, '1,2,3,4,5,6', 2, 1, 1, 1),
(64, 46, 'Pembayaran SPP Kelas', 'pembayaran-spp-kelas', 'fa-gavel', 1, 1, 7, '1,2,3,4,5,6', 2, 1, 1, 1),
(65, 46, 'Kartu Ujian Siswa', 'kartu-ujian', 'fa-gavel', 1, 1, 8, '1,2,3,4,5,6', 2, 1, 1, 1);

-- --------------------------------------------------------

--
-- Struktur dari tabel `_module`
--

CREATE TABLE `_module` (
  `id_module` int(11) NOT NULL,
  `parent_id` int(11) NOT NULL,
  `module_name` varchar(255) NOT NULL,
  `_controller` varchar(255) NOT NULL,
  `_function` varchar(255) NOT NULL,
  `id_group` varchar(11) NOT NULL,
  `order_no` int(11) NOT NULL,
  `id_status` int(11) NOT NULL,
  `id_user` int(11) NOT NULL
) ENGINE=MyISAM DEFAULT CHARSET=latin1;

--
-- Dumping data untuk tabel `_module`
--

INSERT INTO `_module` (`id_module`, `parent_id`, `module_name`, `_controller`, `_function`, `id_group`, `order_no`, `id_status`, `id_user`) VALUES
(1, 0, 'Dashboard', 'administrator', 'index', '1,2,3,6,7', 1, 1, 3),
(2, 1, 'Logout', 'administrator', 'logout', '1,2,3', 2, 1, 1),
(3, 1, 'Change Password', 'administrator', 'change_password', '1,2,3', 3, 1, 1),
(4, 1, 'Change Password Save', 'administrator', 'save_password', '1,2,3', 4, 1, 1),
(5, 1, 'Edit Profile', 'administrator', 'edit_profile', '1,2,3', 5, 1, 1),
(6, 1, 'Update Profile', 'administrator', 'update_profile', '1,2,3', 1, 1, 1),
(7, 0, 'Group (index)', 'group', 'index', '1,2', 2, 1, 1),
(8, 7, 'Group (edit)', 'group', 'edit', '1,2', 2, 1, 1),
(9, 7, 'Group (add)', 'group', 'add', '1,2', 1, 1, 1),
(10, 7, 'Group (delete)', 'group', 'delete', '1,2', 3, 1, 1),
(11, 0, 'Privilege (index)', 'privilege', 'index', '1', 3, 1, 1),
(12, 11, 'Privilege (add)', 'privilege', 'add', '1', 1, 1, 1),
(13, 11, 'Privilege (edit)', 'privilege', 'edit', '1', 2, 1, 1),
(14, 11, 'Privilege (delete)', 'privilege', 'delete', '1', 3, 1, 1),
(15, 0, 'Module (index)', 'module', 'index', '1', 4, 1, 1),
(16, 15, 'Module (add)', 'module', 'add', '1', 1, 1, 1),
(20, 15, 'Module (Edit)', 'module', 'edit', '1', 3, 1, 1),
(19, 18, 'sub', '', '', '1', 1, 1, 1),
(21, 0, 'Maintenance', 'maintenance', 'index', '1', 5, 1, 1),
(22, 0, 'Session (index)', 'session_site', 'index', '1', 6, 1, 1),
(23, 22, 'Session (search)', 'session_site', 'search', '1', 1, 1, 1),
(24, 15, 'Module (search)', 'module', 'search', '1', 4, 1, 1),
(25, 11, 'Privilege (search)', 'privilege', 'search', '1', 4, 1, 1),
(26, 7, 'Group (search)', 'group', 'search', '1,2', 4, 1, 1),
(27, 22, 'Session (delete)', 'session_site', 'delete', '1', 2, 1, 1),
(28, 0, 'Main Menu Admin (index)', 'main_menu_admin', 'index', '1', 7, 1, 1),
(29, 28, 'Main Menu Admin (search)', 'main_menu_admin', 'search', '1', 1, 1, 1),
(30, 28, 'Main Menu Admin (Add)', 'main_menu_admin', 'add', '1', 2, 1, 1),
(31, 28, 'Main Menu Admin (edit)', 'main_menu_admin', 'edit', '1', 3, 1, 1),
(32, 28, 'Main Menu Admin (Delete)', 'main_menu_admin', 'delete', '1', 4, 1, 1),
(33, 0, 'Main Menu Publik (index)', 'main_menu', 'index', '1', 8, 1, 1),
(34, 33, 'Main Menu Publik (search)', 'main_menu', 'search', '1', 1, 1, 1),
(35, 33, 'Main Menu Publik (Add)', 'main_menu', 'add', '1', 2, 1, 1),
(36, 33, 'Main Menu Publik (edit)', 'main_menu', 'edit', '1', 3, 1, 1),
(37, 33, 'Main Menu Publik (delete)', 'main_menu', 'delete', '1', 4, 1, 1),
(38, 0, 'Instansi (index)', 'instansi', 'index', '1', 9, 1, 1),
(39, 38, 'Instansi (search)', 'instansi', 'search', '1', 1, 1, 1),
(40, 38, 'Instansi (add)', 'instansi', 'add', '1', 2, 1, 1),
(41, 38, 'Instansi (edit)', 'instansi', 'edit', '1', 3, 1, 1),
(42, 38, 'Instansi (delete)', 'instansi', 'delete', '1', 4, 1, 1),
(43, 0, 'User (index)', 'user', 'index', '1,2', 10, 1, 1),
(44, 43, 'User (search)', 'user', 'search', '1,2', 1, 1, 1),
(45, 43, 'User (add)', 'user', 'add', '1', 2, 1, 1),
(55, 43, 'User (edit)', 'user', 'edit', '1,2', 3, 1, 1),
(56, 43, 'User (delete)', 'user', 'delete', '1,2', 4, 1, 1),
(63, 0, 'Kategori (index)', 'category', 'index', '1,2', 15, 1, 1),
(64, 63, 'Kategori (search)', 'category', 'search', '1,2', 1, 1, 1),
(65, 63, 'Kategori (add)', 'category', 'add', '1,2', 2, 1, 1),
(66, 63, 'Kategori (edit)', 'category', 'edit', '1,2', 3, 1, 1),
(67, 63, 'Kategori (delete)', 'category', 'delete', '1,2', 4, 1, 1),
(68, 0, 'Konten (index)', 'content', 'index', '1,2', 16, 1, 1),
(69, 68, 'Konten (search)', 'content', 'search', '1,2', 1, 1, 1),
(70, 68, 'Konten (add)', 'content', 'add', '1,2', 2, 1, 1),
(71, 0, 'Media Upload (Full User)', 'media_upload', 'index', '1,2', 17, 1, 1),
(72, 71, 'Media Upload (Full User)', 'media_upload', 'elfinder_connector', '1,2', 1, 1, 1),
(73, 0, 'Media Manager', 'media_manager', 'index', '1,2', 18, 1, 1),
(74, 73, 'Media Manager', 'media_manager', 'elfinder_connector', '1,2', 1, 1, 1),
(75, 68, 'Konten (delete)', 'content', 'delete', '1,2', 3, 1, 1),
(76, 68, 'Konten (delete gambar)', 'content', 'gambar', '1,2', 4, 1, 1),
(77, 68, 'Konten (edit)', 'content', 'edit', '1,2', 5, 1, 1),
(78, 0, 'User Block', 'user_block', 'index', '1', 19, 1, 1),
(79, 0, 'Supir (index)', 'supir', 'index', '1,2', 16, 1, 1),
(80, 79, 'Supir (save)', 'supir', 'save', '1,2', 1, 1, 1),
(81, 79, 'Supir (delete)', 'supir', 'delete', '1,2', 5, 1, 1),
(82, 79, 'Supir (list)', 'supir', 'list', '1,2', 3, 1, 1),
(83, 79, 'Supir (edit)', 'supir', 'edit', '1,2', 4, 1, 1),
(84, 79, 'Supir (Get Supir)', 'supir', 'get_supir', '1,2', 5, 1, 1),
(85, 0, 'Mobil (index)', 'mobil', 'index', '1,2', 17, 1, 1),
(86, 85, 'Mobil (get_mobil)', 'mobil', 'get_mobil', '1,2', 1, 1, 1),
(87, 85, 'Mobil (edit)', 'mobil', 'edit', '1,2', 2, 1, 1),
(88, 85, 'Mobil (list)', 'mobil', 'list', '1,2', 3, 1, 1),
(89, 85, 'Mobil (delete)', 'mobil', 'delete', '1,2', 4, 1, 1),
(90, 85, 'Mobil (save)', 'mobil', 'save', '1,2', 5, 1, 1),
(91, 0, 'Mata Pelajaran (index)', 'Mata_pelajaran', 'index', '1,2,6', 18, 1, 1),
(92, 91, 'Mata Pelajaran (add)', 'Mata_pelajaran', 'add', '1,2,6,7', 1, 1, 1),
(93, 91, 'Mata Pelajaran (delete)', 'Mata_pelajaran', 'delete', '1,2,6,7', 2, 1, 1),
(94, 91, 'Mata Pelajaran (edit)', 'Mata_pelajaran', 'edit', '1,2,6,7', 3, 1, 1),
(95, 0, 'Master Kelas (index)', 'Master_kelas', 'index', '1,2,6,7,8', 19, 1, 1),
(96, 95, 'Mata Pelajaran (add)', 'Master_kelas', 'add', '1,2,6,7,8', 1, 1, 1),
(97, 95, 'Mata Pelajaran (delete)', 'Master_kelas', 'delete', '1,2,6,7,8', 2, 1, 1),
(98, 95, 'Mata Pelajaran (edit)', 'Master_kelas', 'edit', '1,2,6,7,8', 3, 1, 1),
(99, 0, 'Biodata Siswa', 'biodata_siswa', 'index', '1,2,6,7,8', 20, 1, 1),
(100, 99, 'Siswa', 'biodata_siswa', 'search', '1,2,6,7,8', 1, 1, 1),
(101, 99, 'Siswa', 'biodata_siswa', 'add', '1,2,6,7,8', 2, 1, 1),
(102, 0, 'Bimbingan Konseling (index)', 'bimbingan_konseling', 'index', '1,2,6', 21, 1, 3),
(103, 102, 'Bimbingan Konseling (add)', 'bimbingan_konseling', 'add', '1,6', 1, 1, 3),
(104, 102, 'Bimbingan Konseling (cari siswa)', 'bimbingan_konseling', 'cari_siswa', '1,6', 2, 1, 1),
(105, 99, 'Siswa', 'biodata_siswa', 'edit', '1,2,6,7,8', 3, 1, 1),
(106, 99, 'siswa', 'biodata_siswa', 'gambar', '1,2,6,7,8', 4, 1, 1),
(107, 0, 'Biodata Guru', 'biodata_guru', 'index', '1,2,6', 22, 1, 1),
(108, 107, 'Biodata Guru', 'biodata_guru', 'search', '1,2,6', 1, 1, 1),
(109, 107, 'Biodata Guru', 'biodata_guru', 'add', '1,2,6', 2, 1, 1),
(110, 107, 'Biodata Guru', 'biodata_guru', 'edit', '1,2,6', 3, 1, 1),
(111, 0, 'Mata Pelajaran di Kelas', 'mapel_kelas', 'index', '1,2,3,4,5,6', 23, 1, 1),
(112, 111, 'Mata Pelajaran di Kelas', 'mapel_kelas', 'add', '1,2,8', 1, 1, 1),
(113, 111, 'Mata Pelajaran di Kelas', 'mapel_kelas', 'edit', '1,2,8', 2, 1, 1),
(114, 111, 'Mata Pelajaran di Kelas', 'mapel_kelas', 'delete', '1,2,6,7,8', 3, 1, 1),
(115, 111, 'Mata Pelajaran di Kelas', 'mapel_kelas', 'search', '1,2,8', 4, 1, 1),
(116, 0, 'Jam Pelajaran Kelas', 'japel_kelas', 'index', '1,2,7,8', 24, 1, 1),
(117, 116, 'Jam Pelajaran Kelas', 'japel_kelas', 'add', '1,2,7,8', 1, 1, 1),
(118, 116, 'Jam Pelajaran Kelas', 'japel_kelas', 'edit', '1,2,7,8', 2, 1, 1),
(119, 116, 'Jam Pelajaran Kelas', 'japel_kelas', 'delete', '1,2,7,8', 3, 1, 1),
(120, 116, 'Jam Pelajaran Kelas', 'japel_kelas', 'search', '1,2,7,8', 4, 1, 1),
(121, 0, 'Master Jam', 'Master_jam', 'index', '1,2,7,8', 25, 1, 1),
(122, 121, 'Master Jam (Add)', 'Master_jam', 'add', '1,2,7,8', 1, 1, 1),
(123, 121, 'Master Jam (Edit)', 'Master_jam', 'edit', '1,2,7,8', 2, 1, 1),
(124, 121, 'Master Jam (Hapus)', 'Master_jam', 'delete', '1,2,7,8', 3, 1, 1),
(125, 0, 'Absensi Guru', 'Master_absensi_guru', 'index', '1,2,7,8', 26, 1, 1),
(126, 125, 'Absensi Guru', 'Master_absensi_guru', 'add', '1,2,7,8', 1, 1, 1),
(127, 125, 'Absensi Guru', 'Master_absensi_guru', 'edit', '1,2,7,8', 2, 1, 1),
(128, 125, 'Absensi Guru', 'Master_absensi_guru', 'delete', '1,2,7,8', 3, 1, 1),
(129, 0, 'Master Monitor Kelas', 'Master_monitor_kelas', 'index', '1,2,7,8', 27, 1, 1),
(130, 129, 'Master Monitor Kelas', 'Master_monitor_kelas', 'add', '1,2,7,8', 1, 1, 1),
(131, 129, 'Master Monitor Kelas', 'Master_monitor_kelas', 'edit', '1,2,7,8', 2, 1, 1),
(132, 129, 'Master Monitor Kelas', 'Master_monitor_kelas', 'delete', '1,2,7,8', 3, 1, 1),
(133, 0, 'Master Jadwal Pelajaran', 'Master_jadwal_pelajaran', 'index', '1,2,7,8', 28, 1, 1),
(134, 133, 'Master Jadwal Pelajaran', 'Master_jadwal_pelajaran', 'add', '1,2,7,8', 1, 1, 1),
(135, 133, 'Master Jadwal Pelajaran', 'Master_jadwal_pelajaran', 'edit', '1,2,7,8', 2, 1, 1),
(136, 133, 'Master Jadwal Pelajaran', 'Master_jadwal_pelajaran', 'delete', '1,2,7,8', 3, 1, 1),
(137, 133, 'Master Jadwal Pelajaran', 'Master_jadwal_pelajaran', 'search', '1,2,7,8', 4, 1, 1),
(138, 107, 'Biodata Guru', 'biodata_guru', 'delete', '1,2,7,8', 4, 1, 1),
(139, 0, 'Bahan Ajar', 'bahan_ajar', 'index', '1,2,7,8', 29, 1, 1),
(140, 139, 'Bahan Ajar', 'bahan_ajar', 'add', '1,2,7,8', 1, 1, 1),
(141, 139, 'Bahan Ajar', 'bahan_ajar', 'edit', '1,2,7,8', 2, 1, 1),
(142, 139, 'Bahan Ajar', 'bahan_ajar', 'delete', '1,2,7,8', 3, 1, 1),
(143, 139, 'Bahan Ajar', 'bahan_ajar', 'search', '1,2,7,8', 4, 1, 1),
(144, 0, 'Nilai Siswa', 'nilai_siswa', 'index', '1,2,7,8', 30, 1, 1),
(145, 144, 'Nilai Siswa', 'nilai_siswa', 'add', '1,2,7,8', 1, 1, 1),
(146, 144, 'Nilai Siswa', 'nilai_siswa', 'edit', '1,2,7,8', 2, 1, 1),
(147, 144, 'Nilai Siswa', 'nilai_siswa', 'delete', '1,2,7,8', 3, 1, 1),
(148, 144, 'Nilai Siswa', 'nilai_siswa', 'search', '1,2,7,8', 4, 1, 1),
(149, 0, 'Siswa Kelas', 'siswa_kelas', 'index', '1,2,7,8', 31, 1, 1),
(150, 149, 'Siswa Kelas', 'siswa_kelas', 'add', '1,2,7,8', 1, 1, 1),
(151, 149, 'Siswa Kelas', 'siswa_kelas', 'edit', '1,2,7,8', 2, 1, 1),
(152, 149, 'Siswa Kelas', 'siswa_kelas', 'delete', '1,2,7,8', 3, 1, 1),
(153, 0, 'Tahun Ajaran', 'tahun_ajaran', 'index', '1,2,7,8', 32, 1, 1),
(154, 153, 'Tahun Ajaran', 'tahun_ajaran', 'add', '1,2,6,7,8', 1, 1, 1),
(155, 153, 'Tahun Ajaran', 'tahun_ajaran', 'edit', '1,2,7,8', 2, 1, 1),
(156, 153, 'Tahun Ajaran', 'tahun_ajaran', 'delete', '1,2,7,8', 3, 1, 1),
(157, 144, 'Nilai Siswa', 'nilai_siswa', 'search2', '1,2,6,7,8', 5, 2, 1),
(158, 133, 'Master Jadwal Pelajaran', 'Master_jadwal_pelajaran', 'search2', '1,2,7,8', 5, 1, 1),
(159, 102, 'Bimbingan Konseling (edit)', 'bimbingan_konseling', 'edit', '1,2,6', 3, 1, 1),
(160, 102, 'Bimbingan Konseling (delete)', 'bimbingan_konseling', 'delete', '1,2,6', 4, 1, 1),
(161, 102, 'Bimbingan Konseling (autocomplete)', 'bimbingan_konseling', 'get_autocomplete', '1,2,6', 5, 1, 1),
(162, 0, 'Legalisir Ijazah', 'legalisir_ijazah', 'index', '1,2,3,4,5,6', 33, 1, 1),
(163, 162, 'Legalisir Ijazah (add)', 'legalisir_ijazah', 'add', '1,2,3,4,5,6', 1, 1, 1),
(164, 162, 'Legalisir Ijazah (edit)', 'legalisir_ijazah', 'edit', '1,2,3,4,5,6', 2, 1, 1),
(165, 162, 'Legalisir Ijazah (delete)', 'legalisir_ijazah', 'delete', '1,2,3,4,5,6', 3, 1, 1),
(166, 162, 'Legalisir Ijazah (cari siswa)', 'legalisir_ijazah', 'cari_siswa', '1,2,3,4,5,6', 4, 1, 1),
(167, 162, 'Legalisir Ijazah (autocomplete)', 'legalisir_ijazah', 'get_autocomplete', '1,2,3,4,5,6', 5, 1, 1),
(168, 0, 'Izin Online', 'izin_online', 'index', '1,2,3,4,5,6', 34, 1, 1),
(169, 168, 'Izin Online (add)', 'izin_online', 'add', '1,2,3,4,5,6', 1, 1, 1),
(170, 168, 'Izin Online (edit)', 'izin_online', 'edit', '1,2,3,4,5,6', 2, 1, 1),
(171, 168, 'Izin Online (delete)', 'izin_online', 'delete', '1,2,3,4,5,6', 3, 1, 1),
(172, 168, 'Izin Online (cari siswa)', 'izin_online', 'cari_siswa', '1,2,3,4,5,6', 4, 1, 1),
(173, 168, 'Izin Online (get autocomplete)', 'izin_online', 'get_autocomplete', '1,2,3,4,5,6', 5, 1, 1),
(174, 0, 'Izin Kepala Sekolah', 'izin_kepala_sekolah', 'index', '1,2,3,4,5,6', 35, 1, 1),
(175, 174, 'Izin Kepala Sekolah (add)', 'izin_kepala_sekolah', 'add', '1,2,3,4,5,6', 1, 1, 1),
(176, 174, 'Izin Kepala Sekolah (edit)', 'izin_kepala_sekolah', 'edit', '1,2,3,4,5,6', 2, 1, 1),
(177, 174, 'Izin Kepala Sekolah (delete)', 'izin_kepala_sekolah', 'delete', '1,2,3,4,5,6', 3, 1, 1),
(178, 174, 'Izin Kepala Sekolah (cari siswa)', 'izin_kepala_sekolah', 'cari_siswa', '1,2,3,4,5,6', 4, 1, 1),
(179, 0, 'Izin Tata Usaha', 'izin_tata_usaha', 'index', '1,2,3,4,5,6', 36, 1, 1),
(180, 179, 'Izin Tata Usaha (add)', 'izin_tata_usaha', 'add', '1,2,3,4,5,6', 1, 1, 1),
(181, 179, 'Izin Tata Usaha (edit)', 'izin_tata_usaha', 'edit', '1,2,3,4,5,6', 2, 1, 1),
(182, 179, 'Izin Tata Usaha (delete)', 'izin_tata_usaha', 'delete', '1,2,3,4,5,6', 3, 1, 1),
(183, 179, 'Izin Tata Usaha (cari siswa)', 'izin_tata_usaha', 'cari_siswa', '1,2,3,4,5,6', 4, 1, 1),
(184, 0, 'Pembayaran SPP Sekolah', 'pembayaran_spp', 'index', '1,2,3,4,5,6', 37, 1, 1),
(185, 184, 'Pembayaran SPP Sekolah (add)', 'pembayaran_spp', 'add', '1,2,3,4,5,6', 1, 1, 1),
(186, 184, 'Pembayaran SPP Sekolah (edit)', 'pembayaran_spp', 'edit', '1,2,3,4,5,6', 2, 1, 1),
(187, 184, 'Pembayaran SPP Sekolah (delete)', 'pembayaran_spp', 'delete', '1,2,3,4,5,6', 3, 1, 1),
(188, 184, 'Pembayaran SPP Sekolah (cari siswa)', 'pembayaran_spp', 'cari_siswa', '1,2,3,4,5,6', 4, 1, 1),
(189, 184, 'Pembayaran SPP Sekolah (get autocomplete)', 'pembayaran_spp', 'get_autocomplete', '1,2,3,4,5,6', 5, 1, 1),
(190, 0, 'Pembayaran SPP Kelas', 'pembayaran_spp_kelas', 'index', '1,2,3,4,5,6', 38, 1, 1),
(191, 190, 'Pembayaran SPP Kelas (add)', 'pembayaran_spp_kelas', 'add', '1,2,3,4,5,6', 1, 1, 1),
(192, 190, 'Pembayaran SPP Kelas (edit)', 'pembayaran_spp_kelas', 'edit', '1,2,3,4,5,6', 2, 1, 1),
(193, 190, 'Pembayaran SPP Kelas (delete)', 'pembayaran_spp_kelas', 'delete', '1,2,3,4,5,6', 3, 1, 1),
(194, 190, 'Pembayaran SPP Kelas (cari siswa)', 'pembayaran_spp_kelas', 'cari_siswa', '1,2,3,4,5,6', 4, 1, 1),
(195, 190, 'Pembayaran SPP Kelas (get autocomplete)', 'pembayaran_spp_kelas', 'get_autocomplete', '1,2,3,4,5,6', 5, 1, 1),
(196, 0, 'Kartu Ujian Siswa', 'kartu_ujian', 'index', '1,2,3,4,5,6', 39, 1, 1),
(197, 196, 'Kartu Ujian Siswa (cetak)', 'kartu_ujian', 'cetak_kartu', '1,2,3,4,5,6', 1, 1, 1),
(198, 196, 'Kartu Ujian Siswa (get autocomplete)', 'kartu_ujian', 'get_autocomplete', '1,2,3,4,5,6', 2, 1, 1);

-- --------------------------------------------------------

--
-- Struktur dari tabel `_position_menu`
--

CREATE TABLE `_position_menu` (
  `id` int(11) NOT NULL,
  `title` text NOT NULL,
  `id_status` int(11) NOT NULL
) ENGINE=InnoDB DEFAULT CHARSET=latin1;

--
-- Dumping data untuk tabel `_position_menu`
--

INSERT INTO `_position_menu` (`id`, `title`, `id_status`) VALUES
(1, 'Main Menu', 1),
(2, 'sidebar', 1);

-- --------------------------------------------------------

--
-- Struktur dari tabel `_session`
--

CREATE TABLE `_session` (
  `id_session` int(11) NOT NULL,
  `id_user` int(11) NOT NULL,
  `username` varchar(20) NOT NULL,
  `session_value` varchar(255) NOT NULL,
  `session_date` datetime NOT NULL,
  `ip` text NOT NULL,
  `browser` text NOT NULL,
  `id_status` char(1) NOT NULL
) ENGINE=MyISAM DEFAULT CHARSET=latin1;

--
-- Dumping data untuk tabel `_session`
--

INSERT INTO `_session` (`id_session`, `id_user`, `username`, `session_value`, `session_date`, `ip`, `browser`, `id_status`) VALUES
(1, 1, 'beye', '5a5cede07883b74f7478eef8f0cd6bc8', '2019-07-15 08:19:14', '::1', 'Mozilla/5.0 (Windows NT 6.1; Win64; x64; rv:68.0) Gecko/20100101 Firefox/68.0', '2'),
(2, 1, 'beye', '9f9e22b6b0f04bf84ef5fb6e9ac9216b', '2019-07-15 11:24:45', '::1', 'Mozilla/5.0 (Windows NT 6.1; Win64; x64; rv:68.0) Gecko/20100101 Firefox/68.0', '2'),
(3, 1, 'beye', '4ae1efc0b81b1c31f363f001a6457c12', '2019-07-15 12:39:52', '::1', 'Mozilla/5.0 (Windows NT 6.1; Win64; x64; rv:68.0) Gecko/20100101 Firefox/68.0', '2'),
(4, 2, 'admin1', '8b65a27e56ff8b00172570d655d950d5', '2019-07-15 16:15:58', '::1', 'Mozilla/5.0 (Windows NT 6.1; Win64; x64; rv:68.0) Gecko/20100101 Firefox/68.0', '1'),
(5, 1, 'beye', '2f13888c4a96b544d3383bd0ecb1188d', '2019-07-15 20:42:22', '::1', 'Mozilla/5.0 (Macintosh; Intel Mac OS X 10_14_1) AppleWebKit/537.36 (KHTML, like Gecko) Chrome/75.0.3770.100 Safari/537.36', '2'),
(6, 1, 'beye', '53298506431d7a2c7c1ccd6f4fae6335', '2019-07-16 15:37:07', '::1', 'Mozilla/5.0 (Macintosh; Intel Mac OS X 10_14_1) AppleWebKit/537.36 (KHTML, like Gecko) Chrome/75.0.3770.100 Safari/537.36', '2'),
(7, 1, 'beye', '38b10affb470d9db193ea2f58a3f372e', '2019-07-16 19:49:19', '::1', 'Mozilla/5.0 (Macintosh; Intel Mac OS X 10_14_1) AppleWebKit/537.36 (KHTML, like Gecko) Chrome/75.0.3770.142 Safari/537.36', '2'),
(8, 1, 'beye', 'f3d6d034e21cd83448985a15c72f126a', '2019-07-17 08:15:48', '::1', 'Mozilla/5.0 (Macintosh; Intel Mac OS X 10_14_1) AppleWebKit/605.1.15 (KHTML, like Gecko) Version/12.0.1 Safari/605.1.15', '2'),
(9, 1, 'beye', 'a0b4d8ff43dbf86058b7fc20bdc0ecf5', '2019-07-17 08:16:26', '::1', 'Mozilla/5.0 (Macintosh; Intel Mac OS X 10_14_1) AppleWebKit/537.36 (KHTML, like Gecko) Chrome/75.0.3770.142 Safari/537.36', '2'),
(10, 1, 'beye', 'd330aa96fb28b868c9e85da150b2e424', '2019-07-17 14:57:58', '::1', 'Mozilla/5.0 (Macintosh; Intel Mac OS X 10_14_1) AppleWebKit/537.36 (KHTML, like Gecko) Chrome/75.0.3770.142 Safari/537.36', '2'),
(11, 1, 'beye', '9d0d3fc06fda8424b3cccb45b6f17336', '2019-08-06 11:30:32', '::1', 'Mozilla/5.0 (Macintosh; Intel Mac OS X 10_14_1) AppleWebKit/537.36 (KHTML, like Gecko) Chrome/75.0.3770.142 Safari/537.36', '2'),
(12, 1, 'beye', 'd61fdf3e9db8f9f862a98a7d90c4b538', '2019-08-12 18:09:44', '::1', 'Mozilla/5.0 (Macintosh; Intel Mac OS X 10_14_1) AppleWebKit/537.36 (KHTML, like Gecko) Chrome/76.0.3809.100 Safari/537.36', '2'),
(13, 1, 'beye', '5e4e1f2702b65753b32ddd9f02e617e5', '2019-08-13 09:57:53', '::1', 'Mozilla/5.0 (Macintosh; Intel Mac OS X 10_14_1) AppleWebKit/537.36 (KHTML, like Gecko) Chrome/76.0.3809.100 Safari/537.36', '2'),
(14, 1, 'beye', '490c0951b8319b89b3e0d4356b66577a', '2019-08-13 10:30:17', '::1', 'Mozilla/5.0 (Macintosh; Intel Mac OS X 10_14_1) AppleWebKit/537.36 (KHTML, like Gecko) Chrome/76.0.3809.100 Safari/537.36', '2'),
(15, 1, 'beye', '949102b34021aca0f72cbd70a119e012', '2019-08-13 10:31:24', '::1', 'Mozilla/5.0 (Macintosh; Intel Mac OS X 10_14_1) AppleWebKit/537.36 (KHTML, like Gecko) Chrome/76.0.3809.100 Safari/537.36', '2'),
(16, 1, 'beye', '849a229d1641575804579b0e234ce506', '2019-08-13 10:32:05', '::1', 'Mozilla/5.0 (Macintosh; Intel Mac OS X 10_14_1) AppleWebKit/537.36 (KHTML, like Gecko) Chrome/76.0.3809.100 Safari/537.36', '2'),
(17, 1, 'beye', '9b6328ca1a89876dfc4f5a8248f957c6', '2019-08-13 10:36:55', '::1', 'Mozilla/5.0 (Macintosh; Intel Mac OS X 10_14_1) AppleWebKit/537.36 (KHTML, like Gecko) Chrome/76.0.3809.100 Safari/537.36', '2'),
(18, 3, 'dhanidwiputra', '11c5d2947d6440bd63d08dfcdbf3713a', '2019-08-13 10:39:23', '::1', 'Mozilla/5.0 (Macintosh; Intel Mac OS X 10_14_1) AppleWebKit/537.36 (KHTML, like Gecko) Chrome/76.0.3809.100 Safari/537.36', '2'),
(19, 3, 'dhanidwiputra', '689803dcf509848b9ace0b3a51bdc590', '2019-08-13 10:40:06', '::1', 'Mozilla/5.0 (Macintosh; Intel Mac OS X 10_14_1) AppleWebKit/537.36 (KHTML, like Gecko) Chrome/76.0.3809.100 Safari/537.36', '2'),
(20, 3, 'dhanidwiputra', 'bddfae5cf3eb9f21231bf57fdb0aab9d', '2019-08-13 10:43:51', '::1', 'Mozilla/5.0 (Macintosh; Intel Mac OS X 10_14_1) AppleWebKit/537.36 (KHTML, like Gecko) Chrome/76.0.3809.100 Safari/537.36', '2'),
(21, 3, 'dhanidwiputra', '43593682859e9a40074a0863dd55ba66', '2019-08-13 15:17:33', '::1', 'Mozilla/5.0 (Macintosh; Intel Mac OS X 10_14_1) AppleWebKit/537.36 (KHTML, like Gecko) Chrome/76.0.3809.100 Safari/537.36', '2'),
(22, 3, 'dhanidwiputra', '34ddb7a9eb694fa2e7b0598f47e6b4e4', '2019-08-13 15:17:47', '::1', 'Mozilla/5.0 (Macintosh; Intel Mac OS X 10_14_1) AppleWebKit/537.36 (KHTML, like Gecko) Chrome/76.0.3809.100 Safari/537.36', '2'),
(23, 3, 'dhanidwiputra', 'c85f1708ce1d6be7ffe7eae288a99bf8', '2019-08-13 21:21:36', '::1', 'Mozilla/5.0 (Macintosh; Intel Mac OS X 10_14_1) AppleWebKit/537.36 (KHTML, like Gecko) Chrome/76.0.3809.100 Safari/537.36', '2'),
(24, 1, 'beye', 'fed87f1258d262ee7f21f28355e85eaf', '2019-08-13 22:56:33', '::1', 'Mozilla/5.0 (Macintosh; Intel Mac OS X 10_14_1) AppleWebKit/537.36 (KHTML, like Gecko) Chrome/76.0.3809.100 Safari/537.36', '2'),
(25, 3, 'dhanidwiputra', '13e45f9bbc8643cc8b147d2c4afc54d3', '2019-08-14 12:35:23', '::1', 'Mozilla/5.0 (Macintosh; Intel Mac OS X 10_14_1) AppleWebKit/537.36 (KHTML, like Gecko) Chrome/76.0.3809.100 Safari/537.36', '2'),
(26, 3, 'dhanidwiputra', 'b5b050f35612193e3c34032ffce7b8ad', '2019-08-14 23:50:09', '::1', 'Mozilla/5.0 (Macintosh; Intel Mac OS X 10_14_1) AppleWebKit/537.36 (KHTML, like Gecko) Chrome/76.0.3809.100 Safari/537.36', '2'),
(27, 3, 'dhanidwiputra', 'a74e92ba881493bb29a7495f121662b8', '2019-08-15 09:02:10', '::1', 'Mozilla/5.0 (Macintosh; Intel Mac OS X 10_14_1) AppleWebKit/537.36 (KHTML, like Gecko) Chrome/76.0.3809.100 Safari/537.36', '2'),
(28, 3, 'dhanidwiputra', '7ddb5987950503d7504993b1679bd2c0', '2019-08-23 09:40:02', '::1', 'Mozilla/5.0 (Macintosh; Intel Mac OS X 10_14_1) AppleWebKit/537.36 (KHTML, like Gecko) Chrome/76.0.3809.100 Safari/537.36', '2'),
(29, 3, 'dhanidwiputra', '8f554b5529dfccee6dc9d1d5264f1dfd', '2019-08-24 12:16:46', '::1', 'Mozilla/5.0 (Macintosh; Intel Mac OS X 10_14_1) AppleWebKit/537.36 (KHTML, like Gecko) Chrome/76.0.3809.100 Safari/537.36', '2'),
(30, 3, 'dhanidwiputra', 'be6fe8fdd3bccd973ef4141c1c69e124', '2019-08-26 20:52:15', '::1', 'Mozilla/5.0 (Macintosh; Intel Mac OS X 10_14_1) AppleWebKit/537.36 (KHTML, like Gecko) Chrome/76.0.3809.100 Safari/537.36', '2'),
(31, 3, 'dhanidwiputra', 'a480cad52517a8f99b98b9eb9563aae5', '2019-08-27 08:22:06', '::1', 'Mozilla/5.0 (Macintosh; Intel Mac OS X 10_14_1) AppleWebKit/537.36 (KHTML, like Gecko) Chrome/76.0.3809.100 Safari/537.36', '2'),
(32, 3, 'dhanidwiputra', 'ccbb2ad33399bd6cf6a9980d46767d07', '2019-08-27 16:58:40', '::1', 'Mozilla/5.0 (Macintosh; Intel Mac OS X 10_14_1) AppleWebKit/537.36 (KHTML, like Gecko) Chrome/76.0.3809.100 Safari/537.36', '2'),
(33, 3, 'dhanidwiputra', '84637255f707f3e6ecc7ea8227e88e20', '2019-08-28 21:10:16', '::1', 'Mozilla/5.0 (Macintosh; Intel Mac OS X 10_14_1) AppleWebKit/537.36 (KHTML, like Gecko) Chrome/76.0.3809.100 Safari/537.36', '2'),
(34, 1, 'beye', '1c6137180549ccf87c5106306726f9bc', '2019-09-03 19:38:03', '::1', 'Mozilla/5.0 (Windows NT 10.0; Win64; x64) AppleWebKit/537.36 (KHTML, like Gecko) Chrome/76.0.3809.87 Safari/537.36', '2'),
(35, 1, 'beye', 'e18a08a21b4b040c05bdbfddd84f24ca', '2019-09-04 08:43:31', '::1', 'Mozilla/5.0 (Windows NT 10.0; Win64; x64) AppleWebKit/537.36 (KHTML, like Gecko) Chrome/76.0.3809.87 Safari/537.36', '2'),
(36, 3, 'dhanidwiputra', 'e650558307c35c1cbb3c438f844413fc', '2019-09-04 16:22:32', '::1', 'Mozilla/5.0 (Macintosh; Intel Mac OS X 10_14_1) AppleWebKit/537.36 (KHTML, like Gecko) Chrome/76.0.3809.132 Safari/537.36', '2'),
(37, 3, 'dhanidwiputra', '2f664e8781d8a6a3ff27c2fb0635d080', '2019-09-04 19:22:45', '::1', 'Mozilla/5.0 (Macintosh; Intel Mac OS X 10_14_1) AppleWebKit/537.36 (KHTML, like Gecko) Chrome/76.0.3809.132 Safari/537.36', '2'),
(38, 4, 'fahmi', '1e4a79394148fbe63dcf8cdbb8f78c51', '2019-09-04 19:25:57', '::1', 'Mozilla/5.0 (Macintosh; Intel Mac OS X 10_14_1) AppleWebKit/537.36 (KHTML, like Gecko) Chrome/76.0.3809.132 Safari/537.36', '2'),
(39, 3, 'dhanidwiputra', '710830bd646ec763b708ad6b42d6319b', '2019-09-12 08:08:53', '::1', 'Mozilla/5.0 (Macintosh; Intel Mac OS X 10_14_1) AppleWebKit/537.36 (KHTML, like Gecko) Chrome/76.0.3809.132 Safari/537.36', '2'),
(40, 4, 'fahmi', '7826ea44027b6871f7694ab4c5f3928d', '2019-09-12 08:52:11', '::1', 'Mozilla/5.0 (Macintosh; Intel Mac OS X 10_14_1) AppleWebKit/537.36 (KHTML, like Gecko) Chrome/76.0.3809.132 Safari/537.36', '1'),
(41, 3, 'dhanidwiputra', '1ac89ac2dc81dbefe3a1316c1f86014f', '2019-09-12 20:43:16', '::1', 'Mozilla/5.0 (Macintosh; Intel Mac OS X 10_14_1) AppleWebKit/537.36 (KHTML, like Gecko) Chrome/76.0.3809.132 Safari/537.36', '1'),
(42, 1, 'beye', '32c28c797386bdce548ec19cee8f5c45', '2019-09-13 08:26:51', '::1', 'Mozilla/5.0 (Windows NT 6.1; Win64; x64; rv:69.0) Gecko/20100101 Firefox/69.0', '2'),
(43, 1, 'beye', '7a0e9b7a674d001e29a409a6f56a95b0', '2019-10-31 10:39:59', '::1', 'Mozilla/5.0 (Windows NT 6.3; Win64; x64) AppleWebKit/537.36 (KHTML, like Gecko) Chrome/78.0.3904.70 Safari/537.36', '2'),
(44, 1, 'beye', '7cf18cb99e3a173b4911a2d9c3a979f5', '2019-10-31 15:31:54', '::1', 'Mozilla/5.0 (Windows NT 6.3; Win64; x64) AppleWebKit/537.36 (KHTML, like Gecko) Chrome/78.0.3904.70 Safari/537.36', '2'),
(45, 1, 'beye', '31fd064a24e728348c135ea13c555616', '2019-11-01 11:21:03', '::1', 'Mozilla/5.0 (Windows NT 6.3; Win64; x64) AppleWebKit/537.36 (KHTML, like Gecko) Chrome/78.0.3904.87 Safari/537.36', '2'),
(46, 1, 'beye', '70ff074dcb8e9942b7cb4ffa6a45ed29', '2019-11-02 15:27:48', '::1', 'Mozilla/5.0 (Windows NT 6.3; Win64; x64) AppleWebKit/537.36 (KHTML, like Gecko) Chrome/78.0.3904.87 Safari/537.36', '2'),
(47, 1, 'beye', '8ae745130a7efb70773e074d7cdc2188', '2019-11-03 23:40:06', '::1', 'Mozilla/5.0 (Windows NT 6.3; Win64; x64) AppleWebKit/537.36 (KHTML, like Gecko) Chrome/78.0.3904.87 Safari/537.36', '2'),
(48, 1, 'beye', '8beed9b9a912987174e990a3bdcb78a2', '2019-11-04 05:44:32', '::1', 'Mozilla/5.0 (Windows NT 6.3; Win64; x64) AppleWebKit/537.36 (KHTML, like Gecko) Chrome/78.0.3904.87 Safari/537.36', '2'),
(49, 1, 'beye', 'c5ea301d598332d72d21dfd2d5da6600', '2019-11-06 00:46:38', '::1', 'Mozilla/5.0 (Windows NT 6.3; Win64; x64) AppleWebKit/537.36 (KHTML, like Gecko) Chrome/78.0.3904.87 Safari/537.36', '2'),
(50, 1, 'beye', '3b55eb9be3055e7d6df572f42e0c6210', '2019-11-10 09:06:59', '::1', 'Mozilla/5.0 (Windows NT 6.3; Win64; x64) AppleWebKit/537.36 (KHTML, like Gecko) Chrome/78.0.3904.87 Safari/537.36', '2'),
(51, 1, 'beye', 'e806c2addc9e95f1287fecd3c1e66288', '2019-11-10 17:39:18', '::1', 'Mozilla/5.0 (Windows NT 6.3; Win64; x64) AppleWebKit/537.36 (KHTML, like Gecko) Chrome/78.0.3904.87 Safari/537.36', '2'),
(52, 1, 'beye', '2adef234215a8cd64c9e1e42868bf8e2', '2019-11-11 12:26:37', '::1', 'Mozilla/5.0 (Windows NT 6.3; Win64; x64) AppleWebKit/537.36 (KHTML, like Gecko) Chrome/78.0.3904.87 Safari/537.36', '2'),
(53, 1, 'beye', '0fa8f0dc0847592652ccedde98285427', '2019-11-11 17:34:41', '::1', 'Mozilla/5.0 (Windows NT 6.3; Win64; x64) AppleWebKit/537.36 (KHTML, like Gecko) Chrome/78.0.3904.87 Safari/537.36', '2'),
(54, 1, 'beye', '4495dd51b4ccda7f569c85a93424d83b', '2019-11-11 20:51:34', '::1', 'Mozilla/5.0 (Windows NT 6.3; Win64; x64) AppleWebKit/537.36 (KHTML, like Gecko) Chrome/78.0.3904.87 Safari/537.36', '2'),
(55, 1, 'beye', 'b1ed85c9ba5b755c09a72b57deaeba5c', '2019-11-12 15:12:38', '::1', 'Mozilla/5.0 (Windows NT 6.3; Win64; x64) AppleWebKit/537.36 (KHTML, like Gecko) Chrome/78.0.3904.97 Safari/537.36', '2'),
(56, 1, 'beye', 'f125fb6249759ebd5a99b0a6e451e197', '2019-11-12 16:26:43', '::1', 'Mozilla/5.0 (Windows NT 6.3; Win64; x64) AppleWebKit/537.36 (KHTML, like Gecko) Chrome/78.0.3904.97 Safari/537.36', '2'),
(57, 1, 'beye', 'dd2675039e8f9532e63b6072e98b57f6', '2019-11-13 19:57:19', '::1', 'Mozilla/5.0 (Windows NT 6.3; Win64; x64) AppleWebKit/537.36 (KHTML, like Gecko) Chrome/78.0.3904.97 Safari/537.36', '2'),
(58, 1, 'beye', '8864b213cfd968aa25ecb9933291e44b', '2019-11-14 05:17:39', '::1', 'Mozilla/5.0 (Windows NT 6.3; Win64; x64) AppleWebKit/537.36 (KHTML, like Gecko) Chrome/78.0.3904.97 Safari/537.36', '2'),
(59, 1, 'beye', '35fc306bd30cf09074a65da3d0b0a4f0', '2019-11-14 17:27:47', '::1', 'Mozilla/5.0 (Windows NT 6.3; Win64; x64) AppleWebKit/537.36 (KHTML, like Gecko) Chrome/78.0.3904.97 Safari/537.36', '2'),
(60, 1, 'beye', 'd056a8c47ab1ca76b604971b5a62091a', '2019-11-16 10:42:48', '::1', 'Mozilla/5.0 (Windows NT 6.3; Win64; x64) AppleWebKit/537.36 (KHTML, like Gecko) Chrome/78.0.3904.97 Safari/537.36', '2'),
(61, 1, 'beye', 'e89982645670b058ae1313ddc3f230e5', '2019-11-16 16:09:24', '::1', 'Mozilla/5.0 (Windows NT 6.3; Win64; x64) AppleWebKit/537.36 (KHTML, like Gecko) Chrome/78.0.3904.97 Safari/537.36', '2'),
(62, 1, 'beye', 'b6f05f68dc3ae962e40d291023647201', '2019-11-18 09:33:41', '::1', 'Mozilla/5.0 (Windows NT 6.3; Win64; x64) AppleWebKit/537.36 (KHTML, like Gecko) Chrome/78.0.3904.97 Safari/537.36', '2'),
(63, 1, 'beye', 'cb7b5ec2e94a6b2066a48a6799a3799c', '2019-11-18 17:04:38', '::1', 'Mozilla/5.0 (Windows NT 6.3; Win64; x64) AppleWebKit/537.36 (KHTML, like Gecko) Chrome/78.0.3904.97 Safari/537.36', '2'),
(64, 1, 'beye', '2fbf0343dd2bcf61ab83f624ba19cd7b', '2019-11-19 10:34:36', '::1', 'Mozilla/5.0 (Windows NT 6.3; Win64; x64) AppleWebKit/537.36 (KHTML, like Gecko) Chrome/78.0.3904.97 Safari/537.36', '2'),
(65, 1, 'beye', '87ce971afa381df44061818087801bdc', '2019-11-22 10:21:27', '::1', 'Mozilla/5.0 (Windows NT 6.3; Win64; x64) AppleWebKit/537.36 (KHTML, like Gecko) Chrome/78.0.3904.97 Safari/537.36', '2'),
(66, 1, 'beye', '7e8ce087eb557428b4211c0bee8d849d', '2019-11-22 22:05:38', '::1', 'Mozilla/5.0 (Windows NT 6.3; Win64; x64) AppleWebKit/537.36 (KHTML, like Gecko) Chrome/78.0.3904.97 Safari/537.36', '2'),
(67, 1, 'beye', '172e06d4b80c23b12be1d1146788b5f2', '2019-11-24 22:47:06', '::1', 'Mozilla/5.0 (Windows NT 6.3; Win64; x64) AppleWebKit/537.36 (KHTML, like Gecko) Chrome/78.0.3904.97 Safari/537.36', '2'),
(68, 1, 'beye', 'd2cf9693852e2359104014d54c814183', '2019-11-25 13:30:23', '::1', 'Mozilla/5.0 (Windows NT 6.3; Win64; x64) AppleWebKit/537.36 (KHTML, like Gecko) Chrome/78.0.3904.97 Safari/537.36', '2'),
(69, 1, 'beye', '166c2b404bf8b4b1c5d52f0c6d68805b', '2019-11-26 05:24:42', '::1', 'Mozilla/5.0 (Windows NT 6.3; Win64; x64) AppleWebKit/537.36 (KHTML, like Gecko) Chrome/78.0.3904.97 Safari/537.36', '2'),
(70, 1, 'beye', '8e86b10cb46655f7efcc7a872e926a9d', '2019-11-26 10:42:53', '::1', 'Mozilla/5.0 (Windows NT 6.3; Win64; x64) AppleWebKit/537.36 (KHTML, like Gecko) Chrome/78.0.3904.97 Safari/537.36', '2'),
(71, 1, 'beye', 'da9ca6e852be54d55c22a2fb65199225', '2019-11-28 07:20:31', '::1', 'Mozilla/5.0 (Windows NT 6.3; Win64; x64) AppleWebKit/537.36 (KHTML, like Gecko) Chrome/78.0.3904.97 Safari/537.36', '2'),
(72, 1, 'beye', 'adc232eb1bb0f520370d8bae6c01683f', '2019-11-28 20:42:24', '::1', 'Mozilla/5.0 (Windows NT 6.3; Win64; x64) AppleWebKit/537.36 (KHTML, like Gecko) Chrome/78.0.3904.97 Safari/537.36', '2'),
(73, 1, 'beye', '09434f07142a96fafe3145a4335a2bfc', '2019-12-03 16:01:37', '::1', 'Mozilla/5.0 (Windows NT 6.3; Win64; x64) AppleWebKit/537.36 (KHTML, like Gecko) Chrome/78.0.3904.97 Safari/537.36', '2'),
(74, 1, 'beye', '531f255714f5f6753f19a6c43553e034', '2019-12-05 19:15:45', '::1', 'Mozilla/5.0 (Windows NT 6.3; Win64; x64) AppleWebKit/537.36 (KHTML, like Gecko) Chrome/78.0.3904.97 Safari/537.36', '2'),
(75, 1, 'beye', '1490b389a3ae99dac14fac244b2e8c9b', '2019-12-05 21:19:17', '::1', 'Mozilla/5.0 (Windows NT 6.3; Win64; x64) AppleWebKit/537.36 (KHTML, like Gecko) Chrome/78.0.3904.97 Safari/537.36', '2'),
(76, 1, 'beye', '227cd4c2fda3f96171ad370167272162', '2019-12-07 09:00:52', '::1', 'Mozilla/5.0 (Windows NT 6.3; Win64; x64) AppleWebKit/537.36 (KHTML, like Gecko) Chrome/78.0.3904.97 Safari/537.36', '2'),
(77, 1, 'beye', 'feb9064af8f4479db28d6bce567d6c38', '2019-12-09 15:29:31', '::1', 'Mozilla/5.0 (Windows NT 6.3; Win64; x64) AppleWebKit/537.36 (KHTML, like Gecko) Chrome/78.0.3904.97 Safari/537.36', '2'),
(78, 1, 'beye', '0e2f3746276ef965adb4dd5a5c04a789', '2019-12-09 19:39:22', '::1', 'Mozilla/5.0 (Windows NT 6.3; Win64; x64) AppleWebKit/537.36 (KHTML, like Gecko) Chrome/78.0.3904.97 Safari/537.36', '2'),
(79, 1, 'beye', '1564488d190897520af7a41d8d29dbf1', '2019-12-09 20:22:02', '::1', 'Mozilla/5.0 (Windows NT 6.3; Win64; x64) AppleWebKit/537.36 (KHTML, like Gecko) Chrome/78.0.3904.108 Safari/537.36', '1');

-- --------------------------------------------------------

--
-- Struktur dari tabel `_status_anak`
--

CREATE TABLE `_status_anak` (
  `id_status_anak` int(11) NOT NULL,
  `status_anak` text NOT NULL
) ENGINE=InnoDB DEFAULT CHARSET=latin1;

--
-- Dumping data untuk tabel `_status_anak`
--

INSERT INTO `_status_anak` (`id_status_anak`, `status_anak`) VALUES
(1, 'Kandung'),
(2, 'Angkat');

-- --------------------------------------------------------

--
-- Struktur dari tabel `_status_izin`
--

CREATE TABLE `_status_izin` (
  `id_status_izin` int(11) NOT NULL,
  `status_izin` varchar(50) NOT NULL
) ENGINE=InnoDB DEFAULT CHARSET=latin1;

--
-- Dumping data untuk tabel `_status_izin`
--

INSERT INTO `_status_izin` (`id_status_izin`, `status_izin`) VALUES
(1, 'Pihak Sekolah'),
(2, 'Pihak Luar Sekolah');

-- --------------------------------------------------------

--
-- Struktur dari tabel `_status_legalisir`
--

CREATE TABLE `_status_legalisir` (
  `id_status_legalisir` int(11) NOT NULL,
  `status_legalisir` varchar(50) NOT NULL
) ENGINE=InnoDB DEFAULT CHARSET=latin1;

--
-- Dumping data untuk tabel `_status_legalisir`
--

INSERT INTO `_status_legalisir` (`id_status_legalisir`, `status_legalisir`) VALUES
(1, 'Pending'),
(2, 'Selesai');

-- --------------------------------------------------------

--
-- Struktur dari tabel `_status_peserta_didik`
--

CREATE TABLE `_status_peserta_didik` (
  `id_status` int(11) NOT NULL,
  `nm_status` varchar(50) NOT NULL
) ENGINE=InnoDB DEFAULT CHARSET=latin1;

--
-- Dumping data untuk tabel `_status_peserta_didik`
--

INSERT INTO `_status_peserta_didik` (`id_status`, `nm_status`) VALUES
(1, 'Aktif'),
(2, 'Skorsing'),
(3, 'Pindah Sekolah'),
(4, 'Alumni');

-- --------------------------------------------------------

--
-- Struktur dari tabel `_status_spp_kelas`
--

CREATE TABLE `_status_spp_kelas` (
  `id_status_spp_kelas` int(11) NOT NULL,
  `status_spp_kelas` varchar(25) NOT NULL
) ENGINE=InnoDB DEFAULT CHARSET=latin1;

--
-- Dumping data untuk tabel `_status_spp_kelas`
--

INSERT INTO `_status_spp_kelas` (`id_status_spp_kelas`, `status_spp_kelas`) VALUES
(1, 'Lunas'),
(2, 'Belum Lunas');

-- --------------------------------------------------------

--
-- Struktur dari tabel `_status_system`
--

CREATE TABLE `_status_system` (
  `id_status` int(11) NOT NULL,
  `nm_status` varchar(20) NOT NULL
) ENGINE=MyISAM DEFAULT CHARSET=latin1;

--
-- Dumping data untuk tabel `_status_system`
--

INSERT INTO `_status_system` (`id_status`, `nm_status`) VALUES
(1, 'Aktif'),
(2, 'Non Aktif'),
(3, 'Blokir'),
(4, 'Publish'),
(5, 'Not Publish');

-- --------------------------------------------------------

--
-- Struktur dari tabel `_target_menu`
--

CREATE TABLE `_target_menu` (
  `id` int(11) NOT NULL,
  `title` varchar(255) NOT NULL
) ENGINE=InnoDB DEFAULT CHARSET=latin1;

--
-- Dumping data untuk tabel `_target_menu`
--

INSERT INTO `_target_menu` (`id`, `title`) VALUES
(1, '_self'),
(2, '_blank'),
(3, '_parent'),
(4, '_top'),
(5, 'framename');

-- --------------------------------------------------------

--
-- Struktur dari tabel `_type_menu`
--

CREATE TABLE `_type_menu` (
  `id` int(11) NOT NULL,
  `title` varchar(255) NOT NULL
) ENGINE=InnoDB DEFAULT CHARSET=latin1;

--
-- Dumping data untuk tabel `_type_menu`
--

INSERT INTO `_type_menu` (`id`, `title`) VALUES
(1, 'internal'),
(2, 'external');

-- --------------------------------------------------------

--
-- Struktur dari tabel `_users`
--

CREATE TABLE `_users` (
  `id_user` int(11) NOT NULL,
  `nomor_identitas` text,
  `username` varchar(150) NOT NULL DEFAULT '',
  `password` varchar(100) NOT NULL DEFAULT '',
  `email` text NOT NULL,
  `registerDate` datetime NOT NULL DEFAULT '0000-00-00 00:00:00',
  `id_instansi` int(11) NOT NULL,
  `id_group` int(11) NOT NULL,
  `id_status` int(11) NOT NULL,
  `created_by` int(11) NOT NULL
) ENGINE=MyISAM DEFAULT CHARSET=utf8;

--
-- Dumping data untuk tabel `_users`
--

INSERT INTO `_users` (`id_user`, `nomor_identitas`, `username`, `password`, `email`, `registerDate`, `id_instansi`, `id_group`, `id_status`, `created_by`) VALUES
(1, '123', 'beye', '48b5886a076c21966890f9e5bfe91969', 'riobayusentosa@gmail.com', '2012-06-02 08:16:16', 1, 1, 1, 1),
(2, '', 'admin1', '210ea9050ce033901b386fc392192ae2', 'admin1@gmail.com', '2019-07-15 16:15:45', 2, 2, 1, 0),
(3, 'Dhany', 'dhanidwiputra', '992a5a9b1d182c2d8395d5d4d8e976d4', 'dhanidwiputra123@gmail.com', '2019-08-13 22:56:59', 1, 1, 1, 0),
(4, '10091', 'fahmi', '2bfec0b87c331c4058842701233934ce', 'fahmi@gmail.com', '2019-09-04 19:25:38', 1, 6, 1, 3),
(5, NULL, '77779', '8d9fe8aa3bc8c60b51593c4a99235857', '', '0000-00-00 00:00:00', 0, 0, 0, 0),
(6, '100', '100', '5f25e9996728ae32e49dc9216ca49ad7', '', '0000-00-00 00:00:00', 0, 0, 0, 0),
(7, '199', '199', '63653446c7c153d850ecf69e71e308d3', '', '2019-11-28 23:15:31', 0, 0, 0, 0);

-- --------------------------------------------------------

--
-- Struktur dari tabel `_users_account`
--

CREATE TABLE `_users_account` (
  `id_account` int(11) NOT NULL,
  `id_user` int(11) NOT NULL,
  `full_name` text NOT NULL,
  `telp` text NOT NULL,
  `alamat` text NOT NULL
) ENGINE=InnoDB DEFAULT CHARSET=latin1;

--
-- Dumping data untuk tabel `_users_account`
--

INSERT INTO `_users_account` (`id_account`, `id_user`, `full_name`, `telp`, `alamat`) VALUES
(2, 1, 'Rio Bayu Sentosa', '085263030913', 'Jalan bahari no. 38 ulak karang'),
(3, 2, 'Admin 1', '', ''),
(5, 3, 'Dhany Dwi Putra', '', '');

-- --------------------------------------------------------

--
-- Struktur dari tabel `_versi`
--

CREATE TABLE `_versi` (
  `id_versi` int(11) NOT NULL,
  `title` text NOT NULL,
  `description` text NOT NULL,
  `created_date` datetime NOT NULL
) ENGINE=InnoDB DEFAULT CHARSET=latin1;

--
-- Dumping data untuk tabel `_versi`
--

INSERT INTO `_versi` (`id_versi`, `title`, `description`, `created_date`) VALUES
(1, '1.0.0', 'Migrasi', '2017-11-21 15:20:21'),
(2, '2.0.1', 'Debuger', '2018-04-13 15:20:21'),
(3, '3.0.1', 'TSB Logistik', '2019-07-12 15:20:21');

-- --------------------------------------------------------

--
-- Struktur dari tabel `_white_list`
--

CREATE TABLE `_white_list` (
  `id_white` int(11) NOT NULL,
  `parent_id` int(11) NOT NULL,
  `module_name` varchar(255) NOT NULL,
  `_controller` varchar(255) NOT NULL,
  `_function` varchar(255) NOT NULL,
  `id_status` int(11) NOT NULL,
  `order_no` int(11) NOT NULL,
  `id_user` int(11) NOT NULL
) ENGINE=MyISAM DEFAULT CHARSET=latin1;

--
-- Dumping data untuk tabel `_white_list`
--

INSERT INTO `_white_list` (`id_white`, `parent_id`, `module_name`, `_controller`, `_function`, `id_status`, `order_no`, `id_user`) VALUES
(1, 0, 'Welcome', 'welcome', 'index', 3, 1, 1),
(2, 0, 'Login', 'management', 'index', 1, 2, 1),
(3, 2, 'Cek Login', 'management', 'cek_login', 1, 1, 1),
(4, 0, 'Reset', 'reset', 'index', 1, 3, 1),
(5, 4, 'Reset', 'reset', 'akun', 1, 1, 1),
(6, 4, 'Halaman Reset Password', 'reset', 'account', 1, 2, 1),
(7, 4, 'Reset Password', 'reset', 'password', 1, 3, 1),
(8, 0, 'Homepage', 'home', 'index', 2, 4, 1),
(9, 8, 'Read', 'home', 'read', 2, 1, 1),
(10, 0, 'Searching', 'home', 'search', 2, 5, 1),
(11, 8, 'Category', 'home', 'category', 2, 2, 1),
(12, 0, 'Peta Situs', 'sitemap', 'index', 2, 6, 1);

-- --------------------------------------------------------

--
-- Struktur untuk view `view_recent_content`
--
DROP TABLE IF EXISTS `view_recent_content`;

CREATE ALGORITHM=UNDEFINED DEFINER=`root`@`localhost` SQL SECURITY DEFINER VIEW `view_recent_content`  AS  select `a`.`id_content` AS `id_content`,`a`.`title` AS `title`,`a`.`isi` AS `isi`,`a`.`gambar` AS `gambar`,`a`.`id_category` AS `id_category`,`a`.`created_date` AS `created_date`,`a`.`created_modified` AS `created_modified`,`a`.`created_by` AS `created_by`,`a`.`hits` AS `hits`,`a`.`id_status` AS `id_status`,`b`.`nm_status` AS `nm_status`,`c`.`title` AS `title_category`,`d`.`full_name` AS `full_name` from (((`content` `a` left join `_status_system` `b` on((`a`.`id_status` = `b`.`id_status`))) left join `category` `c` on((`a`.`id_category` = `c`.`id_category`))) left join `_users_account` `d` on((`a`.`created_by` = `d`.`id_user`))) where (`a`.`id_status` = '4') order by `a`.`created_date` desc ;

--
-- Indexes for dumped tables
--

--
-- Indeks untuk tabel `bahan_ajar`
--
ALTER TABLE `bahan_ajar`
  ADD PRIMARY KEY (`id`);

--
-- Indeks untuk tabel `bimbingan_konseling`
--
ALTER TABLE `bimbingan_konseling`
  ADD PRIMARY KEY (`id`);

--
-- Indeks untuk tabel `category`
--
ALTER TABLE `category`
  ADD PRIMARY KEY (`id_category`);

--
-- Indeks untuk tabel `ci_sessions`
--
ALTER TABLE `ci_sessions`
  ADD PRIMARY KEY (`id`),
  ADD KEY `ci_sessions_timestamp` (`timestamp`);

--
-- Indeks untuk tabel `content`
--
ALTER TABLE `content`
  ADD PRIMARY KEY (`id_content`);

--
-- Indeks untuk tabel `content_statistik`
--
ALTER TABLE `content_statistik`
  ADD PRIMARY KEY (`id_read`);

--
-- Indeks untuk tabel `generator_pass`
--
ALTER TABLE `generator_pass`
  ADD PRIMARY KEY (`id`);

--
-- Indeks untuk tabel `hubungi_kami`
--
ALTER TABLE `hubungi_kami`
  ADD PRIMARY KEY (`id_contact`);

--
-- Indeks untuk tabel `info_admin`
--
ALTER TABLE `info_admin`
  ADD PRIMARY KEY (`id`);

--
-- Indeks untuk tabel `instansi`
--
ALTER TABLE `instansi`
  ADD PRIMARY KEY (`id_instansi`);

--
-- Indeks untuk tabel `izin_kepala_sekolah`
--
ALTER TABLE `izin_kepala_sekolah`
  ADD PRIMARY KEY (`id`);

--
-- Indeks untuk tabel `izin_online`
--
ALTER TABLE `izin_online`
  ADD PRIMARY KEY (`id`);

--
-- Indeks untuk tabel `izin_tata_usaha`
--
ALTER TABLE `izin_tata_usaha`
  ADD PRIMARY KEY (`id`);

--
-- Indeks untuk tabel `jadwal_pelajaran`
--
ALTER TABLE `jadwal_pelajaran`
  ADD PRIMARY KEY (`id`);

--
-- Indeks untuk tabel `jam_pelajaran_kelas`
--
ALTER TABLE `jam_pelajaran_kelas`
  ADD PRIMARY KEY (`id`);

--
-- Indeks untuk tabel `legalisir_ijazah`
--
ALTER TABLE `legalisir_ijazah`
  ADD PRIMARY KEY (`id`);

--
-- Indeks untuk tabel `master_absensi_guru`
--
ALTER TABLE `master_absensi_guru`
  ADD PRIMARY KEY (`id`);

--
-- Indeks untuk tabel `master_bahan_ajar`
--
ALTER TABLE `master_bahan_ajar`
  ADD PRIMARY KEY (`id`);

--
-- Indeks untuk tabel `master_guru`
--
ALTER TABLE `master_guru`
  ADD PRIMARY KEY (`id`);

--
-- Indeks untuk tabel `master_jabatan_guru`
--
ALTER TABLE `master_jabatan_guru`
  ADD PRIMARY KEY (`id`);

--
-- Indeks untuk tabel `master_jam`
--
ALTER TABLE `master_jam`
  ADD PRIMARY KEY (`id`);

--
-- Indeks untuk tabel `master_jurusan`
--
ALTER TABLE `master_jurusan`
  ADD PRIMARY KEY (`id`);

--
-- Indeks untuk tabel `master_kelas`
--
ALTER TABLE `master_kelas`
  ADD PRIMARY KEY (`id_kelas`);

--
-- Indeks untuk tabel `master_kelompok_mapel`
--
ALTER TABLE `master_kelompok_mapel`
  ADD PRIMARY KEY (`id`);

--
-- Indeks untuk tabel `master_kurikulum`
--
ALTER TABLE `master_kurikulum`
  ADD PRIMARY KEY (`id`);

--
-- Indeks untuk tabel `master_mapel_kelas`
--
ALTER TABLE `master_mapel_kelas`
  ADD PRIMARY KEY (`id`);

--
-- Indeks untuk tabel `master_mata_pelajaran`
--
ALTER TABLE `master_mata_pelajaran`
  ADD PRIMARY KEY (`id_mata_pelajaran`);

--
-- Indeks untuk tabel `master_monitor_kelas`
--
ALTER TABLE `master_monitor_kelas`
  ADD PRIMARY KEY (`id`);

--
-- Indeks untuk tabel `master_nilai`
--
ALTER TABLE `master_nilai`
  ADD PRIMARY KEY (`id`);

--
-- Indeks untuk tabel `master_orangtua`
--
ALTER TABLE `master_orangtua`
  ADD PRIMARY KEY (`id`);

--
-- Indeks untuk tabel `master_peminatan_mapel`
--
ALTER TABLE `master_peminatan_mapel`
  ADD PRIMARY KEY (`id`);

--
-- Indeks untuk tabel `master_siswa`
--
ALTER TABLE `master_siswa`
  ADD PRIMARY KEY (`id`);

--
-- Indeks untuk tabel `master_siswa_kelas`
--
ALTER TABLE `master_siswa_kelas`
  ADD PRIMARY KEY (`id`);

--
-- Indeks untuk tabel `master_status_kelas`
--
ALTER TABLE `master_status_kelas`
  ADD PRIMARY KEY (`id_status`);

--
-- Indeks untuk tabel `master_status_pegawai`
--
ALTER TABLE `master_status_pegawai`
  ADD PRIMARY KEY (`id`);

--
-- Indeks untuk tabel `master_tahun_ajaran`
--
ALTER TABLE `master_tahun_ajaran`
  ADD PRIMARY KEY (`id_tahun_ajaran`);

--
-- Indeks untuk tabel `master_tahun_pelajaran`
--
ALTER TABLE `master_tahun_pelajaran`
  ADD PRIMARY KEY (`id`);

--
-- Indeks untuk tabel `master_wali`
--
ALTER TABLE `master_wali`
  ADD PRIMARY KEY (`id`);

--
-- Indeks untuk tabel `mobil`
--
ALTER TABLE `mobil`
  ADD PRIMARY KEY (`id_mobil`);

--
-- Indeks untuk tabel `orang_tua`
--
ALTER TABLE `orang_tua`
  ADD PRIMARY KEY (`id`);

--
-- Indeks untuk tabel `pembayaran_spp`
--
ALTER TABLE `pembayaran_spp`
  ADD PRIMARY KEY (`id`);

--
-- Indeks untuk tabel `pembayaran_spp_kelas`
--
ALTER TABLE `pembayaran_spp_kelas`
  ADD PRIMARY KEY (`id`);

--
-- Indeks untuk tabel `riwayat_jabatan`
--
ALTER TABLE `riwayat_jabatan`
  ADD PRIMARY KEY (`id`);

--
-- Indeks untuk tabel `riwayat_kelas`
--
ALTER TABLE `riwayat_kelas`
  ADD PRIMARY KEY (`id`);

--
-- Indeks untuk tabel `siswa`
--
ALTER TABLE `siswa`
  ADD PRIMARY KEY (`id`);

--
-- Indeks untuk tabel `status_guru`
--
ALTER TABLE `status_guru`
  ADD PRIMARY KEY (`id`);

--
-- Indeks untuk tabel `supir`
--
ALTER TABLE `supir`
  ADD PRIMARY KEY (`id_supir`);

--
-- Indeks untuk tabel `tahun_ajaran`
--
ALTER TABLE `tahun_ajaran`
  ADD PRIMARY KEY (`id`);

--
-- Indeks untuk tabel `visitor`
--
ALTER TABLE `visitor`
  ADD PRIMARY KEY (`id_visitor`);

--
-- Indeks untuk tabel `wali_murid`
--
ALTER TABLE `wali_murid`
  ADD PRIMARY KEY (`id`);

--
-- Indeks untuk tabel `_account_reset`
--
ALTER TABLE `_account_reset`
  ADD PRIMARY KEY (`id_reset`);

--
-- Indeks untuk tabel `_agama`
--
ALTER TABLE `_agama`
  ADD PRIMARY KEY (`kd_agama`);

--
-- Indeks untuk tabel `_display`
--
ALTER TABLE `_display`
  ADD PRIMARY KEY (`id`);

--
-- Indeks untuk tabel `_gender`
--
ALTER TABLE `_gender`
  ADD PRIMARY KEY (`id_gender`);

--
-- Indeks untuk tabel `_group`
--
ALTER TABLE `_group`
  ADD PRIMARY KEY (`id_group`);

--
-- Indeks untuk tabel `_lock`
--
ALTER TABLE `_lock`
  ADD PRIMARY KEY (`id`);

--
-- Indeks untuk tabel `_log_keyword`
--
ALTER TABLE `_log_keyword`
  ADD PRIMARY KEY (`id_log`);

--
-- Indeks untuk tabel `_maintenance`
--
ALTER TABLE `_maintenance`
  ADD PRIMARY KEY (`id`);

--
-- Indeks untuk tabel `_menu`
--
ALTER TABLE `_menu`
  ADD PRIMARY KEY (`id_menu`);

--
-- Indeks untuk tabel `_menu_admin`
--
ALTER TABLE `_menu_admin`
  ADD PRIMARY KEY (`id_menu`);

--
-- Indeks untuk tabel `_module`
--
ALTER TABLE `_module`
  ADD PRIMARY KEY (`id_module`);

--
-- Indeks untuk tabel `_session`
--
ALTER TABLE `_session`
  ADD PRIMARY KEY (`id_session`);

--
-- Indeks untuk tabel `_status_anak`
--
ALTER TABLE `_status_anak`
  ADD PRIMARY KEY (`id_status_anak`);

--
-- Indeks untuk tabel `_status_izin`
--
ALTER TABLE `_status_izin`
  ADD PRIMARY KEY (`id_status_izin`);

--
-- Indeks untuk tabel `_status_legalisir`
--
ALTER TABLE `_status_legalisir`
  ADD PRIMARY KEY (`id_status_legalisir`);

--
-- Indeks untuk tabel `_status_peserta_didik`
--
ALTER TABLE `_status_peserta_didik`
  ADD PRIMARY KEY (`id_status`);

--
-- Indeks untuk tabel `_status_spp_kelas`
--
ALTER TABLE `_status_spp_kelas`
  ADD PRIMARY KEY (`id_status_spp_kelas`);

--
-- Indeks untuk tabel `_status_system`
--
ALTER TABLE `_status_system`
  ADD PRIMARY KEY (`id_status`);

--
-- Indeks untuk tabel `_target_menu`
--
ALTER TABLE `_target_menu`
  ADD PRIMARY KEY (`id`);

--
-- Indeks untuk tabel `_type_menu`
--
ALTER TABLE `_type_menu`
  ADD PRIMARY KEY (`id`);

--
-- Indeks untuk tabel `_users`
--
ALTER TABLE `_users`
  ADD PRIMARY KEY (`id_user`),
  ADD UNIQUE KEY `username` (`username`);

--
-- Indeks untuk tabel `_users_account`
--
ALTER TABLE `_users_account`
  ADD PRIMARY KEY (`id_account`),
  ADD UNIQUE KEY `id_user` (`id_user`);

--
-- Indeks untuk tabel `_versi`
--
ALTER TABLE `_versi`
  ADD PRIMARY KEY (`id_versi`);

--
-- Indeks untuk tabel `_white_list`
--
ALTER TABLE `_white_list`
  ADD PRIMARY KEY (`id_white`);

--
-- AUTO_INCREMENT untuk tabel yang dibuang
--

--
-- AUTO_INCREMENT untuk tabel `bahan_ajar`
--
ALTER TABLE `bahan_ajar`
  MODIFY `id` int(11) NOT NULL AUTO_INCREMENT, AUTO_INCREMENT=3;

--
-- AUTO_INCREMENT untuk tabel `bimbingan_konseling`
--
ALTER TABLE `bimbingan_konseling`
  MODIFY `id` int(11) NOT NULL AUTO_INCREMENT, AUTO_INCREMENT=12;

--
-- AUTO_INCREMENT untuk tabel `category`
--
ALTER TABLE `category`
  MODIFY `id_category` int(11) NOT NULL AUTO_INCREMENT;

--
-- AUTO_INCREMENT untuk tabel `content`
--
ALTER TABLE `content`
  MODIFY `id_content` int(11) NOT NULL AUTO_INCREMENT;

--
-- AUTO_INCREMENT untuk tabel `content_statistik`
--
ALTER TABLE `content_statistik`
  MODIFY `id_read` int(11) NOT NULL AUTO_INCREMENT;

--
-- AUTO_INCREMENT untuk tabel `generator_pass`
--
ALTER TABLE `generator_pass`
  MODIFY `id` int(11) NOT NULL AUTO_INCREMENT, AUTO_INCREMENT=4;

--
-- AUTO_INCREMENT untuk tabel `info_admin`
--
ALTER TABLE `info_admin`
  MODIFY `id` int(11) NOT NULL AUTO_INCREMENT, AUTO_INCREMENT=2;

--
-- AUTO_INCREMENT untuk tabel `instansi`
--
ALTER TABLE `instansi`
  MODIFY `id_instansi` int(11) NOT NULL AUTO_INCREMENT, AUTO_INCREMENT=21;

--
-- AUTO_INCREMENT untuk tabel `izin_kepala_sekolah`
--
ALTER TABLE `izin_kepala_sekolah`
  MODIFY `id` int(11) NOT NULL AUTO_INCREMENT, AUTO_INCREMENT=6;

--
-- AUTO_INCREMENT untuk tabel `izin_online`
--
ALTER TABLE `izin_online`
  MODIFY `id` int(11) NOT NULL AUTO_INCREMENT, AUTO_INCREMENT=6;

--
-- AUTO_INCREMENT untuk tabel `izin_tata_usaha`
--
ALTER TABLE `izin_tata_usaha`
  MODIFY `id` int(11) NOT NULL AUTO_INCREMENT, AUTO_INCREMENT=4;

--
-- AUTO_INCREMENT untuk tabel `jadwal_pelajaran`
--
ALTER TABLE `jadwal_pelajaran`
  MODIFY `id` int(11) NOT NULL AUTO_INCREMENT, AUTO_INCREMENT=31;

--
-- AUTO_INCREMENT untuk tabel `jam_pelajaran_kelas`
--
ALTER TABLE `jam_pelajaran_kelas`
  MODIFY `id` int(11) NOT NULL AUTO_INCREMENT, AUTO_INCREMENT=3;

--
-- AUTO_INCREMENT untuk tabel `legalisir_ijazah`
--
ALTER TABLE `legalisir_ijazah`
  MODIFY `id` int(11) NOT NULL AUTO_INCREMENT, AUTO_INCREMENT=14;

--
-- AUTO_INCREMENT untuk tabel `master_absensi_guru`
--
ALTER TABLE `master_absensi_guru`
  MODIFY `id` int(11) NOT NULL AUTO_INCREMENT, AUTO_INCREMENT=6;

--
-- AUTO_INCREMENT untuk tabel `master_bahan_ajar`
--
ALTER TABLE `master_bahan_ajar`
  MODIFY `id` int(11) NOT NULL AUTO_INCREMENT;

--
-- AUTO_INCREMENT untuk tabel `master_guru`
--
ALTER TABLE `master_guru`
  MODIFY `id` int(11) NOT NULL AUTO_INCREMENT, AUTO_INCREMENT=4;

--
-- AUTO_INCREMENT untuk tabel `master_jam`
--
ALTER TABLE `master_jam`
  MODIFY `id` int(11) NOT NULL AUTO_INCREMENT, AUTO_INCREMENT=19;

--
-- AUTO_INCREMENT untuk tabel `master_jurusan`
--
ALTER TABLE `master_jurusan`
  MODIFY `id` int(11) NOT NULL AUTO_INCREMENT, AUTO_INCREMENT=3;

--
-- AUTO_INCREMENT untuk tabel `master_kelas`
--
ALTER TABLE `master_kelas`
  MODIFY `id_kelas` int(11) NOT NULL AUTO_INCREMENT, AUTO_INCREMENT=6;

--
-- AUTO_INCREMENT untuk tabel `master_kelompok_mapel`
--
ALTER TABLE `master_kelompok_mapel`
  MODIFY `id` int(11) NOT NULL AUTO_INCREMENT, AUTO_INCREMENT=3;

--
-- AUTO_INCREMENT untuk tabel `master_kurikulum`
--
ALTER TABLE `master_kurikulum`
  MODIFY `id` int(11) NOT NULL AUTO_INCREMENT;

--
-- AUTO_INCREMENT untuk tabel `master_mapel_kelas`
--
ALTER TABLE `master_mapel_kelas`
  MODIFY `id` int(11) NOT NULL AUTO_INCREMENT, AUTO_INCREMENT=5;

--
-- AUTO_INCREMENT untuk tabel `master_mata_pelajaran`
--
ALTER TABLE `master_mata_pelajaran`
  MODIFY `id_mata_pelajaran` int(11) NOT NULL AUTO_INCREMENT, AUTO_INCREMENT=7;

--
-- AUTO_INCREMENT untuk tabel `master_monitor_kelas`
--
ALTER TABLE `master_monitor_kelas`
  MODIFY `id` int(11) NOT NULL AUTO_INCREMENT, AUTO_INCREMENT=2;

--
-- AUTO_INCREMENT untuk tabel `master_nilai`
--
ALTER TABLE `master_nilai`
  MODIFY `id` int(11) NOT NULL AUTO_INCREMENT, AUTO_INCREMENT=5;

--
-- AUTO_INCREMENT untuk tabel `master_orangtua`
--
ALTER TABLE `master_orangtua`
  MODIFY `id` int(11) NOT NULL AUTO_INCREMENT, AUTO_INCREMENT=7;

--
-- AUTO_INCREMENT untuk tabel `master_peminatan_mapel`
--
ALTER TABLE `master_peminatan_mapel`
  MODIFY `id` int(11) NOT NULL AUTO_INCREMENT, AUTO_INCREMENT=5;

--
-- AUTO_INCREMENT untuk tabel `master_siswa`
--
ALTER TABLE `master_siswa`
  MODIFY `id` int(11) NOT NULL AUTO_INCREMENT, AUTO_INCREMENT=7;

--
-- AUTO_INCREMENT untuk tabel `master_siswa_kelas`
--
ALTER TABLE `master_siswa_kelas`
  MODIFY `id` int(11) NOT NULL AUTO_INCREMENT, AUTO_INCREMENT=6;

--
-- AUTO_INCREMENT untuk tabel `master_status_kelas`
--
ALTER TABLE `master_status_kelas`
  MODIFY `id_status` int(11) NOT NULL AUTO_INCREMENT, AUTO_INCREMENT=3;

--
-- AUTO_INCREMENT untuk tabel `master_tahun_ajaran`
--
ALTER TABLE `master_tahun_ajaran`
  MODIFY `id_tahun_ajaran` int(11) NOT NULL AUTO_INCREMENT;

--
-- AUTO_INCREMENT untuk tabel `master_tahun_pelajaran`
--
ALTER TABLE `master_tahun_pelajaran`
  MODIFY `id` int(11) NOT NULL AUTO_INCREMENT;

--
-- AUTO_INCREMENT untuk tabel `master_wali`
--
ALTER TABLE `master_wali`
  MODIFY `id` int(11) NOT NULL AUTO_INCREMENT, AUTO_INCREMENT=7;

--
-- AUTO_INCREMENT untuk tabel `mobil`
--
ALTER TABLE `mobil`
  MODIFY `id_mobil` int(11) NOT NULL AUTO_INCREMENT, AUTO_INCREMENT=2;

--
-- AUTO_INCREMENT untuk tabel `orang_tua`
--
ALTER TABLE `orang_tua`
  MODIFY `id` int(11) NOT NULL AUTO_INCREMENT;

--
-- AUTO_INCREMENT untuk tabel `pembayaran_spp`
--
ALTER TABLE `pembayaran_spp`
  MODIFY `id` int(11) NOT NULL AUTO_INCREMENT, AUTO_INCREMENT=6;

--
-- AUTO_INCREMENT untuk tabel `pembayaran_spp_kelas`
--
ALTER TABLE `pembayaran_spp_kelas`
  MODIFY `id` int(11) NOT NULL AUTO_INCREMENT, AUTO_INCREMENT=7;

--
-- AUTO_INCREMENT untuk tabel `siswa`
--
ALTER TABLE `siswa`
  MODIFY `id` int(11) NOT NULL AUTO_INCREMENT;

--
-- AUTO_INCREMENT untuk tabel `status_guru`
--
ALTER TABLE `status_guru`
  MODIFY `id` int(11) NOT NULL AUTO_INCREMENT, AUTO_INCREMENT=4;

--
-- AUTO_INCREMENT untuk tabel `supir`
--
ALTER TABLE `supir`
  MODIFY `id_supir` int(11) NOT NULL AUTO_INCREMENT, AUTO_INCREMENT=4;

--
-- AUTO_INCREMENT untuk tabel `tahun_ajaran`
--
ALTER TABLE `tahun_ajaran`
  MODIFY `id` int(11) NOT NULL AUTO_INCREMENT, AUTO_INCREMENT=4;

--
-- AUTO_INCREMENT untuk tabel `visitor`
--
ALTER TABLE `visitor`
  MODIFY `id_visitor` int(11) NOT NULL AUTO_INCREMENT, AUTO_INCREMENT=48;

--
-- AUTO_INCREMENT untuk tabel `wali_murid`
--
ALTER TABLE `wali_murid`
  MODIFY `id` int(11) NOT NULL AUTO_INCREMENT;

--
-- AUTO_INCREMENT untuk tabel `_account_reset`
--
ALTER TABLE `_account_reset`
  MODIFY `id_reset` int(11) NOT NULL AUTO_INCREMENT;

--
-- AUTO_INCREMENT untuk tabel `_lock`
--
ALTER TABLE `_lock`
  MODIFY `id` int(11) NOT NULL AUTO_INCREMENT;

--
-- AUTO_INCREMENT untuk tabel `_log_keyword`
--
ALTER TABLE `_log_keyword`
  MODIFY `id_log` int(11) NOT NULL AUTO_INCREMENT;

--
-- AUTO_INCREMENT untuk tabel `_maintenance`
--
ALTER TABLE `_maintenance`
  MODIFY `id` int(11) NOT NULL AUTO_INCREMENT, AUTO_INCREMENT=2;

--
-- AUTO_INCREMENT untuk tabel `_status_anak`
--
ALTER TABLE `_status_anak`
  MODIFY `id_status_anak` int(11) NOT NULL AUTO_INCREMENT, AUTO_INCREMENT=3;

--
-- AUTO_INCREMENT untuk tabel `_status_peserta_didik`
--
ALTER TABLE `_status_peserta_didik`
  MODIFY `id_status` int(11) NOT NULL AUTO_INCREMENT, AUTO_INCREMENT=5;

--
-- AUTO_INCREMENT untuk tabel `_status_system`
--
ALTER TABLE `_status_system`
  MODIFY `id_status` int(11) NOT NULL AUTO_INCREMENT, AUTO_INCREMENT=6;

--
-- AUTO_INCREMENT untuk tabel `_users_account`
--
ALTER TABLE `_users_account`
  MODIFY `id_account` int(11) NOT NULL AUTO_INCREMENT, AUTO_INCREMENT=6;

--
-- AUTO_INCREMENT untuk tabel `_versi`
--
ALTER TABLE `_versi`
  MODIFY `id_versi` int(11) NOT NULL AUTO_INCREMENT, AUTO_INCREMENT=4;
COMMIT;

/*!40101 SET CHARACTER_SET_CLIENT=@OLD_CHARACTER_SET_CLIENT */;
/*!40101 SET CHARACTER_SET_RESULTS=@OLD_CHARACTER_SET_RESULTS */;
/*!40101 SET COLLATION_CONNECTION=@OLD_COLLATION_CONNECTION */;
