-- phpMyAdmin SQL Dump
-- version 4.8.5
-- https://www.phpmyadmin.net/
--
-- Host: 127.0.0.1
-- Waktu pembuatan: 05 Des 2019 pada 13.59
-- Versi server: 10.1.38-MariaDB
-- Versi PHP: 5.6.40

SET SQL_MODE = "NO_AUTO_VALUE_ON_ZERO";
SET AUTOCOMMIT = 0;
START TRANSACTION;
SET time_zone = "+00:00";


/*!40101 SET @OLD_CHARACTER_SET_CLIENT=@@CHARACTER_SET_CLIENT */;
/*!40101 SET @OLD_CHARACTER_SET_RESULTS=@@CHARACTER_SET_RESULTS */;
/*!40101 SET @OLD_COLLATION_CONNECTION=@@COLLATION_CONNECTION */;
/*!40101 SET NAMES utf8mb4 */;

--
-- Database: `ptsp`
--

-- --------------------------------------------------------

--
-- Struktur dari tabel `bimbingan_konseling`
--

CREATE TABLE `bimbingan_konseling` (
  `id` int(11) NOT NULL,
  `nis` varchar(255) DEFAULT NULL,
  `nip_guru` varchar(255) DEFAULT NULL,
  `date` date DEFAULT NULL,
  `permasalahan` text,
  `penyelesaian` text
) ENGINE=InnoDB DEFAULT CHARSET=latin1;

--
-- Dumping data untuk tabel `bimbingan_konseling`
--

INSERT INTO `bimbingan_konseling` (`id`, `nis`, `nip_guru`, `date`, `permasalahan`, `penyelesaian`) VALUES
(1, '1010', '200002', '2019-10-16', 'Cabut', 'Bunuh'),
(5, '1011', '9922', '2019-02-01', 'Jomblo', 'Mati aja la');

-- --------------------------------------------------------

--
-- Struktur dari tabel `category`
--

CREATE TABLE `category` (
  `id_category` int(11) NOT NULL,
  `title` text NOT NULL,
  `id_status` int(11) NOT NULL,
  `created_by` int(11) NOT NULL
) ENGINE=InnoDB DEFAULT CHARSET=latin1;

-- --------------------------------------------------------

--
-- Struktur dari tabel `ci_sessions`
--

CREATE TABLE `ci_sessions` (
  `id` varchar(128) NOT NULL,
  `ip_address` varchar(45) NOT NULL,
  `timestamp` int(10) UNSIGNED NOT NULL DEFAULT '0',
  `data` blob NOT NULL
) ENGINE=InnoDB DEFAULT CHARSET=latin1;

--
-- Dumping data untuk tabel `ci_sessions`
--

INSERT INTO `ci_sessions` (`id`, `ip_address`, `timestamp`, `data`) VALUES
('07t8sn9cucvm7f3gdoc81e9a2hdk74cr', '::1', 1575226834, 0x5f5f63695f6c6173745f726567656e65726174657c693a313537353232363536373b73797374656d5f76616c75657c733a33323a226134323330313135326333306137653731383334356237306666633332353334223b7365617263685f626f787c4e3b7469746c657c733a31393a2250616e656c2041646d696e6973747261746f72223b5f5f63695f766172737c613a313a7b733a353a227469746c65223b733a333a226e6577223b7d),
('0ims3sv0d28avdhh8qlhrnp2hvrsvmoh', '::1', 1575221658, 0x5f5f63695f6c6173745f726567656e65726174657c693a313537353232313531323b5f5f63695f766172737c613a313a7b733a353a227469746c65223b733a333a226e6577223b7d73797374656d5f76616c75657c733a33323a226134323330313135326333306137653731383334356237306666633332353334223b7469746c657c733a343a2245646974223b),
('0p5r1lqeeelgr93ima8c6dnk8gcl50r6', '::1', 1575366333, 0x5f5f63695f6c6173745f726567656e65726174657c693a313537353336363032383b73797374656d5f76616c75657c733a33323a226534323532373766353363323330353934653634626630313136346165623534223b74676c5f697a696e7c4e3b616c6173616e7c4e3b7365617263685f626f787c4e3b7469746c657c733a31313a224b6172747520556a69616e223b5f5f63695f766172737c613a313a7b733a353a227469746c65223b733a333a226f6c64223b7d),
('10jio7ojs3h6bs3gk0am4bhk9v1hqcfs', '::1', 1575550472, 0x5f5f63695f6c6173745f726567656e65726174657c693a313537353535303430373b73797374656d5f76616c75657c733a33323a223238373034396262613533373138323430323362363961363764333830396336223b7469746c657c733a31393a2242696d62696e67616e204b6f6e73656c696e67223b5f5f63695f766172737c613a313a7b733a353a227469746c65223b733a333a226e6577223b7d),
('1vi51if27ntckajj2q6m9phq95t8fh8t', '::1', 1575216587, 0x5f5f63695f6c6173745f726567656e65726174657c693a313537353231363433313b5f5f63695f766172737c613a313a7b733a353a227469746c65223b733a333a226e6577223b7d73797374656d5f76616c75657c733a33323a226134323330313135326333306137653731383334356237306666633332353334223b7469746c657c733a333a22416464223b),
('2m2f40t0cfctbg6k1u6srmkjf6qslm9q', '::1', 1575224963, 0x5f5f63695f6c6173745f726567656e65726174657c693a313537353232343636373b73797374656d5f76616c75657c733a33323a226134323330313135326333306137653731383334356237306666633332353334223b7365617263685f626f787c4e3b5f5f63695f766172737c613a313a7b733a353a227469746c65223b733a333a226e6577223b7d7469746c657c733a333a22416464223b),
('2ugn942r20947s00qdar14jaaqlp75cf', '::1', 1575550143, 0x5f5f63695f6c6173745f726567656e65726174657c693a313537353535303038393b5f5f63695f766172737c613a313a7b733a353a227469746c65223b733a333a226e6577223b7d73797374656d5f76616c75657c733a33323a223238373034396262613533373138323430323362363961363764333830396336223b7469746c657c733a31313a224b6172747520556a69616e223b),
('4u3rgqm4bvrptt1gsj9ac6j6kvi4lln8', '::1', 1575220583, 0x5f5f63695f6c6173745f726567656e65726174657c693a313537353232303338303b5f5f63695f766172737c613a383a7b733a353a227469746c65223b733a333a226f6c64223b733a383a2269645f6b656c6173223b733a333a226e6577223b733a373a2269645f67757275223b733a333a226e6577223b733a353a2262756c616e223b733a333a226e6577223b733a353a22746168756e223b733a333a226e6577223b733a393a226a6d6c5f6261796172223b733a333a226e6577223b733a31353a226a6d6c5f6b6573656c75727568616e223b733a333a226e6577223b733a31393a2269645f7374617475735f7370705f6b656c6173223b733a333a226e6577223b7d73797374656d5f76616c75657c733a33323a226134323330313135326333306137653731383334356237306666633332353334223b7469746c657c733a333a22416464223b69645f6b656c61737c733a313a2235223b69645f677572757c733a313a2235223b62756c616e7c733a353a22417072696c223b746168756e7c733a343a2232303138223b6a6d6c5f62617961727c733a363a22333030303030223b6a6d6c5f6b6573656c75727568616e7c733a363a22353030303030223b69645f7374617475735f7370705f6b656c61737c733a313a2232223b),
('5g9hao3d65a1qfu8pm2oqlcqnu497phi', '::1', 1575222954, 0x5f5f63695f6c6173745f726567656e65726174657c693a313537353232323933303b73797374656d5f76616c75657c733a33323a226134323330313135326333306137653731383334356237306666633332353334223b5f5f63695f766172737c613a343a7b733a31303a227469746c655f6d656e75223b733a333a226f6c64223b733a343a226c696e6b223b733a333a226f6c64223b733a353a22706573616e223b733a333a226f6c64223b733a353a227469746c65223b733a333a226e6577223b7d7365617263685f626f787c4e3b7469746c655f6d656e757c733a31373a224b6172747520556a69616e205369737761223b6c696e6b7c733a31313a226b617274752d756a69616e223b706573616e7c733a3430373a223c64697620636c6173733d22616c65727420616c6572742d73756363657373223e0a202020202020202020202020202020202020202020202020202020203c627574746f6e20636c6173733d22636c6f73652220646174612d6469736d6973733d22616c657274223e2674696d65733b3c2f627574746f6e3e0a202020202020202020202020202020202020202020202020202020203c7374726f6e673e3c6920636c6173733d2266612066612d636865636b2d7371756172652d6f223e3c2f693e203c623e496e666f726d6173693a203c2f623e3c2f7374726f6e673e0a202020202020202020202020202020202020202020202020202020204461746120426572686173696c20646970657262617275692e3c6120687265663d22687474703a2f2f6c6f63616c686f73742f736973666f73656b6f6c61682f6d61696e2d6d656e752d61646d696e2f656469742f35352220636c6173733d22636f6e6669726d2d65646974223e3c753e456469743c2f753e3c2f613e0a2020202020202020202020202020202020202020202020203c2f6469763e223b7469746c657c733a31353a224d61696e204d656e752041646d696e223b),
('5ht2v9iutmkijt5bsj8iav4i7fe3gcqj', '::1', 1575227824, 0x5f5f63695f6c6173745f726567656e65726174657c693a313537353232373533303b73797374656d5f76616c75657c733a33323a226134323330313135326333306137653731383334356237306666633332353334223b7365617263685f626f787c4e3b7469746c657c733a31363a224c6567616c6973697220496a617a6168223b5f5f63695f766172737c613a313a7b733a353a227469746c65223b733a333a226e6577223b7d),
('5kru02r61ireel5u65pr2f909t1pt4ch', '::1', 1575372713, 0x5f5f63695f6c6173745f726567656e65726174657c693a313537353337323432303b74676c5f697a696e7c4e3b616c6173616e7c4e3b7365617263685f626f787c4e3b73797374656d5f76616c75657c733a33323a223438626432333162313362613065616263643064363539613235623466336530223b7469746c657c733a343a2245646974223b5f5f63695f766172737c613a313a7b733a353a227469746c65223b733a333a226e6577223b7d),
('5ruu4g3k9a5gctpfmhe2u4sk2rqqedaq', '::1', 1575218578, 0x5f5f63695f6c6173745f726567656e65726174657c693a313537353231383431313b5f5f63695f766172737c613a313a7b733a353a227469746c65223b733a333a226e6577223b7d73797374656d5f76616c75657c733a33323a226134323330313135326333306137653731383334356237306666633332353334223b7469746c657c733a343a2245646974223b),
('6dp36lttun8ugugl6k1bc7kh5bjn6ool', '::1', 1575348348, 0x5f5f63695f6c6173745f726567656e65726174657c693a313537353334383232383b73797374656d5f76616c75657c733a33323a226335323766633837303265623831616330653534613366353163393137653231223b7469746c657c733a31363a224c6567616c6973697220496a617a6168223b5f5f63695f766172737c613a313a7b733a353a227469746c65223b733a333a226e6577223b7d),
('6l0i783oqifsvco6pn9einso3cagohl4', '::1', 1575227438, 0x5f5f63695f6c6173745f726567656e65726174657c693a313537353232373136373b73797374656d5f76616c75657c733a33323a226134323330313135326333306137653731383334356237306666633332353334223b7365617263685f626f787c4e3b7469746c657c733a31363a224c6567616c6973697220496a617a6168223b5f5f63695f766172737c613a313a7b733a353a227469746c65223b733a333a226e6577223b7d),
('7ivl63ugjvtps98m6m5r4l3q03nnuag6', '::1', 1575368758, 0x5f5f63695f6c6173745f726567656e65726174657c693a313537353336383537393b73797374656d5f76616c75657c733a33323a226534323532373766353363323330353934653634626630313136346165623534223b74676c5f697a696e7c4e3b616c6173616e7c4e3b7365617263685f626f787c4e3b7469746c657c733a343a2245646974223b5f5f63695f766172737c613a313a7b733a353a227469746c65223b733a333a226e6577223b7d),
('8kgt3vhu1nrull5k68nicicn3c1lsd3a', '::1', 1575368232, 0x5f5f63695f6c6173745f726567656e65726174657c693a313537353336373935393b73797374656d5f76616c75657c733a33323a226534323532373766353363323330353934653634626630313136346165623534223b74676c5f697a696e7c4e3b616c6173616e7c4e3b7365617263685f626f787c4e3b7469746c657c733a31313a224b6172747520556a69616e223b5f5f63695f766172737c613a313a7b733a353a227469746c65223b733a333a226e6577223b7d),
('9avighetn6paju9eah8986a20rvq6mjv', '::1', 1575270136, 0x5f5f63695f6c6173745f726567656e65726174657c693a313537353237303133363b),
('bh9v1q23q6op9j40bkn1ruma2fsv82uj', '::1', 1575360994, 0x5f5f63695f6c6173745f726567656e65726174657c693a313537353336303939343b73797374656d5f76616c75657c733a33323a226534323532373766353363323330353934653634626630313136346165623534223b74676c5f697a696e7c4e3b616c6173616e7c4e3b5f5f63695f766172737c613a313a7b733a353a227469746c65223b733a333a226e6577223b7d7469746c657c733a31313a224b6172747520556a69616e223b),
('bn3glom79fpd15oseh0lmb54lvlp9coa', '::1', 1575219719, 0x5f5f63695f6c6173745f726567656e65726174657c693a313537353231393435323b5f5f63695f766172737c613a313a7b733a353a227469746c65223b733a333a226e6577223b7d73797374656d5f76616c75657c733a33323a226134323330313135326333306137653731383334356237306666633332353334223b7469746c657c733a343a2245646974223b),
('bp7lmt8bfvevqi9ompngi6tckmlqlh3k', '::1', 1575374236, 0x5f5f63695f6c6173745f726567656e65726174657c693a313537353337343231323b74676c5f697a696e7c4e3b616c6173616e7c4e3b7365617263685f626f787c4e3b73797374656d5f76616c75657c733a33323a223438626432333162313362613065616263643064363539613235623466336530223b7469746c657c733a31313a224b6172747520556a69616e223b5f5f63695f766172737c613a313a7b733a353a227469746c65223b733a333a226e6577223b7d),
('c0n19qccgop27ot355bqe26ttfeinmjn', '::1', 1575221070, 0x5f5f63695f6c6173745f726567656e65726174657c693a313537353232313036343b5f5f63695f766172737c613a313a7b733a353a227469746c65223b733a333a226e6577223b7d73797374656d5f76616c75657c733a33323a226134323330313135326333306137653731383334356237306666633332353334223b7469746c657c733a333a22416464223b),
('c0pboa53l37qkhu8hn6ddl9fg24o4no1', '::1', 1575366514, 0x5f5f63695f6c6173745f726567656e65726174657c693a313537353336363333353b73797374656d5f76616c75657c733a33323a226534323532373766353363323330353934653634626630313136346165623534223b74676c5f697a696e7c4e3b616c6173616e7c4e3b7365617263685f626f787c4e3b7469746c657c733a343a2245646974223b5f5f63695f766172737c613a313a7b733a353a227469746c65223b733a333a226e6577223b7d),
('c2u1nuo2qr77b7ils33aggdo5doc20nk', '::1', 1575372108, 0x5f5f63695f6c6173745f726567656e65726174657c693a313537353337313831303b73797374656d5f76616c75657c733a33323a226534323532373766353363323330353934653634626630313136346165623534223b74676c5f697a696e7c4e3b616c6173616e7c4e3b7365617263685f626f787c4e3b7469746c657c733a31313a224b6172747520556a69616e223b5f5f63695f766172737c613a313a7b733a353a227469746c65223b733a333a226e6577223b7d),
('c627aa6evksqntg802mf9cs0t6vq81vv', '::1', 1575277238, 0x5f5f63695f6c6173745f726567656e65726174657c693a313537353237373233303b5f5f63695f766172737c613a313a7b733a353a227469746c65223b733a333a226e6577223b7d73797374656d5f76616c75657c733a33323a223063633037316565613365373365373431326339393835346464623862383163223b7469746c657c733a353a22496e646578223b),
('cjsom7g2c3it77dqvourvid062tu55sd', '::1', 1575369200, 0x5f5f63695f6c6173745f726567656e65726174657c693a313537353336383930363b73797374656d5f76616c75657c733a33323a226534323532373766353363323330353934653634626630313136346165623534223b74676c5f697a696e7c4e3b616c6173616e7c4e3b7365617263685f626f787c4e3b7469746c657c733a343a2245646974223b5f5f63695f766172737c613a313a7b733a353a227469746c65223b733a333a226e6577223b7d),
('dadu67es241uaghnvcmfsoddhm17vg10', '::1', 1575371678, 0x5f5f63695f6c6173745f726567656e65726174657c693a313537353337313437373b73797374656d5f76616c75657c733a33323a226534323532373766353363323330353934653634626630313136346165623534223b74676c5f697a696e7c4e3b616c6173616e7c4e3b7365617263685f626f787c4e3b7469746c657c733a343a2245646974223b5f5f63695f766172737c613a313a7b733a353a227469746c65223b733a333a226e6577223b7d),
('dhifrfk5ol9amclelte70odtt1hbkpt7', '::1', 1575220364, 0x5f5f63695f6c6173745f726567656e65726174657c693a313537353232303036383b5f5f63695f766172737c613a313a7b733a353a227469746c65223b733a333a226e6577223b7d73797374656d5f76616c75657c733a33323a226134323330313135326333306137653731383334356237306666633332353334223b7469746c657c733a343a2245646974223b),
('dn1lhu1geo4d2oh85u9n13ck7sas8o4d', '::1', 1575225317, 0x5f5f63695f6c6173745f726567656e65726174657c693a313537353232353030323b73797374656d5f76616c75657c733a33323a226134323330313135326333306137653731383334356237306666633332353334223b7365617263685f626f787c4e3b5f5f63695f766172737c613a313a7b733a353a227469746c65223b733a333a226f6c64223b7d7469746c657c733a333a22416464223b),
('dqjd1etq69jfut7r1is3gqkrt2c80eb4', '::1', 1575226524, 0x5f5f63695f6c6173745f726567656e65726174657c693a313537353232363137333b73797374656d5f76616c75657c733a33323a226134323330313135326333306137653731383334356237306666633332353334223b7365617263685f626f787c4e3b),
('e7cnjfr4olgncqrb0so6e7rkgf3tqp7f', '::1', 1575364887, 0x5f5f63695f6c6173745f726567656e65726174657c693a313537353336343633303b73797374656d5f76616c75657c733a33323a226534323532373766353363323330353934653634626630313136346165623534223b74676c5f697a696e7c4e3b616c6173616e7c4e3b7365617263685f626f787c4e3b7469746c657c733a343a2245646974223b5f5f63695f766172737c613a313a7b733a353a227469746c65223b733a333a226e6577223b7d),
('ebn91iua3bg5qgjdg9v62qp7o25liscp', '::1', 1575369876, 0x5f5f63695f6c6173745f726567656e65726174657c693a313537353336393537363b73797374656d5f76616c75657c733a33323a226534323532373766353363323330353934653634626630313136346165623534223b74676c5f697a696e7c4e3b616c6173616e7c4e3b7365617263685f626f787c4e3b),
('eeefoqi123k7ettocuko915pp90mbdge', '::1', 1575224441, 0x5f5f63695f6c6173745f726567656e65726174657c693a313537353232343331373b73797374656d5f76616c75657c733a33323a226134323330313135326333306137653731383334356237306666633332353334223b7365617263685f626f787c4e3b5f5f63695f766172737c613a313a7b733a353a227469746c65223b733a333a226e6577223b7d7469746c657c733a32303a2250656d6261796172616e20535050204b656c6173223b),
('em4tcrduujusf7r63tttknq22erjde23', '::1', 1575367865, 0x5f5f63695f6c6173745f726567656e65726174657c693a313537353336373537303b73797374656d5f76616c75657c733a33323a226534323532373766353363323330353934653634626630313136346165623534223b74676c5f697a696e7c4e3b616c6173616e7c4e3b7365617263685f626f787c4e3b),
('erf69p0tf5j2t0kr41d60rnrm6ttl2so', '::1', 1575349237, 0x5f5f63695f6c6173745f726567656e65726174657c693a313537353334393233373b73797374656d5f76616c75657c733a33323a226335323766633837303265623831616330653534613366353163393137653231223b7469746c657c733a31313a224b6172747520556a69616e223b5f5f63695f766172737c613a313a7b733a353a227469746c65223b733a333a226e6577223b7d),
('eso7atdb1mbveq8ivt1rokbnpaql57ek', '::1', 1575219417, 0x5f5f63695f6c6173745f726567656e65726174657c693a313537353231393133313b5f5f63695f766172737c613a313a7b733a353a227469746c65223b733a333a226e6577223b7d73797374656d5f76616c75657c733a33323a226134323330313135326333306137653731383334356237306666633332353334223b7469746c657c733a343a2245646974223b),
('f9ur6h24p99np3nt83ej7a6gf47celp7', '::1', 1575222168, 0x5f5f63695f6c6173745f726567656e65726174657c693a313537353232313934363b5f5f63695f766172737c613a313a7b733a353a227469746c65223b733a333a226e6577223b7d73797374656d5f76616c75657c733a33323a226134323330313135326333306137653731383334356237306666633332353334223b7469746c657c733a31343a2250656d6261796172616e20535050223b),
('fip0q40l8sllk3d0v2bolle1jtlef178', '::1', 1575228090, 0x5f5f63695f6c6173745f726567656e65726174657c693a313537353232373833343b73797374656d5f76616c75657c733a33323a226134323330313135326333306137653731383334356237306666633332353334223b7365617263685f626f787c4e3b7469746c657c733a31393a2242696d62696e67616e204b6f6e73656c696e67223b5f5f63695f766172737c613a313a7b733a353a227469746c65223b733a333a226e6577223b7d),
('g790mv3dkoo7sq14iidv0137kvvrpeqn', '::1', 1575371355, 0x5f5f63695f6c6173745f726567656e65726174657c693a313537353337313136363b73797374656d5f76616c75657c733a33323a226534323532373766353363323330353934653634626630313136346165623534223b74676c5f697a696e7c4e3b616c6173616e7c4e3b7365617263685f626f787c4e3b7469746c657c733a333a22416464223b5f5f63695f766172737c613a313a7b733a353a227469746c65223b733a333a226e6577223b7d),
('guvvqgj6rs5b55328g7mqk9jf82m5s8c', '::1', 1575368550, 0x5f5f63695f6c6173745f726567656e65726174657c693a313537353336383237313b73797374656d5f76616c75657c733a33323a226534323532373766353363323330353934653634626630313136346165623534223b74676c5f697a696e7c4e3b616c6173616e7c4e3b7365617263685f626f787c4e3b7469746c657c733a343a2245646974223b5f5f63695f766172737c613a313a7b733a353a227469746c65223b733a333a226e6577223b7d),
('h25hmqfpl21tj9sdbtjk4qvam773mrbi', '::1', 1575225766, 0x5f5f63695f6c6173745f726567656e65726174657c693a313537353232353531303b73797374656d5f76616c75657c733a33323a226134323330313135326333306137653731383334356237306666633332353334223b7365617263685f626f787c4e3b7469746c657c733a32303a2250656d6261796172616e20535050204b656c6173223b5f5f63695f766172737c613a313a7b733a353a227469746c65223b733a333a226e6577223b7d),
('i53o7f4qb24frgqr6t585ub05s3botr7', '::1', 1575369300, 0x5f5f63695f6c6173745f726567656e65726174657c693a313537353336393236313b73797374656d5f76616c75657c733a33323a226534323532373766353363323330353934653634626630313136346165623534223b74676c5f697a696e7c4e3b616c6173616e7c4e3b7365617263685f626f787c4e3b7469746c657c733a343a2245646974223b5f5f63695f766172737c613a313a7b733a353a227469746c65223b733a333a226e6577223b7d),
('i64hvirfn84tm87ev66vrioe5u0m8t15', '::1', 1575362351, 0x5f5f63695f6c6173745f726567656e65726174657c693a313537353336323132303b73797374656d5f76616c75657c733a33323a226534323532373766353363323330353934653634626630313136346165623534223b74676c5f697a696e7c4e3b616c6173616e7c4e3b7365617263685f626f787c4e3b7469746c657c733a343a2245646974223b5f5f63695f766172737c613a313a7b733a353a227469746c65223b733a333a226e6577223b7d),
('id5rl244ndiqcvl7uaoah7mn5t137qse', '::1', 1575365591, 0x5f5f63695f6c6173745f726567656e65726174657c693a313537353336353430323b73797374656d5f76616c75657c733a33323a226534323532373766353363323330353934653634626630313136346165623534223b74676c5f697a696e7c4e3b616c6173616e7c4e3b7365617263685f626f787c4e3b7469746c657c733a343a2245646974223b5f5f63695f766172737c613a313a7b733a353a227469746c65223b733a333a226e6577223b7d),
('ihdqpn608p5e8a5sohagc64bpiqlrdmm', '::1', 1575216832, 0x5f5f63695f6c6173745f726567656e65726174657c693a313537353231363831393b5f5f63695f766172737c613a313a7b733a353a227469746c65223b733a333a226e6577223b7d73797374656d5f76616c75657c733a33323a226134323330313135326333306137653731383334356237306666633332353334223b7469746c657c733a31343a2250656d6261796172616e20535050223b),
('j2ckk7onl2d4p4mu067v0mjs87afo8pd', '::1', 1575373617, 0x5f5f63695f6c6173745f726567656e65726174657c693a313537353337333431343b74676c5f697a696e7c4e3b616c6173616e7c4e3b7365617263685f626f787c4e3b73797374656d5f76616c75657c733a33323a223438626432333162313362613065616263643064363539613235623466336530223b7469746c657c733a343a2245646974223b5f5f63695f766172737c613a313a7b733a353a227469746c65223b733a333a226e6577223b7d),
('jrtskrl5q5tu1et3lpsmp3dipk5os9eo', '::1', 1575360493, 0x5f5f63695f6c6173745f726567656e65726174657c693a313537353336303336383b73797374656d5f76616c75657c733a33323a226534323532373766353363323330353934653634626630313136346165623534223b74676c5f697a696e7c4e3b616c6173616e7c4e3b5f5f63695f766172737c613a313a7b733a353a227469746c65223b733a333a226e6577223b7d7469746c657c733a31313a224b6172747520556a69616e223b),
('kvtef4hlrasnt3io1q6hm232o1euj565', '::1', 1575363221, 0x5f5f63695f6c6173745f726567656e65726174657c693a313537353336333232313b73797374656d5f76616c75657c733a33323a226534323532373766353363323330353934653634626630313136346165623534223b74676c5f697a696e7c4e3b616c6173616e7c4e3b7365617263685f626f787c4e3b7469746c657c733a31313a224b6172747520556a69616e223b5f5f63695f766172737c613a313a7b733a353a227469746c65223b733a333a226e6577223b7d),
('las4t3fh7a624tdu9olt1p8o6tkbsull', '::1', 1575228726, 0x5f5f63695f6c6173745f726567656e65726174657c693a313537353232383534393b73797374656d5f76616c75657c733a33323a226134323330313135326333306137653731383334356237306666633332353334223b7365617263685f626f787c4e3b7469746c657c733a31363a224c6567616c6973697220496a617a6168223b5f5f63695f766172737c613a313a7b733a353a227469746c65223b733a333a226e6577223b7d),
('lfeprr40ff5hgio1cjv6q0ajvba29331', '::1', 1575373054, 0x5f5f63695f6c6173745f726567656e65726174657c693a313537353337323736303b74676c5f697a696e7c4e3b616c6173616e7c4e3b7365617263685f626f787c4e3b73797374656d5f76616c75657c733a33323a223438626432333162313362613065616263643064363539613235623466336530223b7469746c657c733a31313a224b6172747520556a69616e223b5f5f63695f766172737c613a313a7b733a353a227469746c65223b733a333a226e6577223b7d),
('llqnnrqpkud5gthqa2e3u8hnpth17c02', '::1', 1575362026, 0x5f5f63695f6c6173745f726567656e65726174657c693a313537353336313735353b73797374656d5f76616c75657c733a33323a226534323532373766353363323330353934653634626630313136346165623534223b74676c5f697a696e7c4e3b616c6173616e7c4e3b7365617263685f626f787c4e3b7469746c657c733a31313a224b6172747520556a69616e223b5f5f63695f766172737c613a313a7b733a353a227469746c65223b733a333a226e6577223b7d),
('lqmje57kn4uudn0ve93ud61m5ls100gk', '::1', 1575365249, 0x5f5f63695f6c6173745f726567656e65726174657c693a313537353336353032373b73797374656d5f76616c75657c733a33323a226534323532373766353363323330353934653634626630313136346165623534223b74676c5f697a696e7c4e3b616c6173616e7c4e3b7365617263685f626f787c4e3b7469746c657c733a343a2245646974223b5f5f63695f766172737c613a313a7b733a353a227469746c65223b733a333a226e6577223b7d),
('m9d16l9roprmrhba1t4on0t2h3j3osqp', '::1', 1575218028, 0x5f5f63695f6c6173745f726567656e65726174657c693a313537353231373734353b5f5f63695f766172737c613a313a7b733a353a227469746c65223b733a333a226e6577223b7d73797374656d5f76616c75657c733a33323a226134323330313135326333306137653731383334356237306666633332353334223b7469746c657c733a343a2245646974223b),
('mgp9f1spnoogl989dvq1km9s3msl6nir', '::1', 1575215353, 0x5f5f63695f6c6173745f726567656e65726174657c693a313537353231353039303b5f5f63695f766172737c613a313a7b733a353a227469746c65223b733a333a226e6577223b7d73797374656d5f76616c75657c733a33323a226134323330313135326333306137653731383334356237306666633332353334223b7469746c657c733a343a2245646974223b),
('n183vb3oe170giu1lmfapvjpdah43du2', '::1', 1575219111, 0x5f5f63695f6c6173745f726567656e65726174657c693a313537353231383831363b5f5f63695f766172737c613a313a7b733a353a227469746c65223b733a333a226e6577223b7d73797374656d5f76616c75657c733a33323a226134323330313135326333306137653731383334356237306666633332353334223b7469746c657c733a343a2245646974223b),
('oko8fj2o5jbabtubfg887c0m5m1djhm2', '::1', 1575372405, 0x5f5f63695f6c6173745f726567656e65726174657c693a313537353337323131313b74676c5f697a696e7c4e3b616c6173616e7c4e3b7365617263685f626f787c4e3b73797374656d5f76616c75657c733a33323a223438626432333162313362613065616263643064363539613235623466336530223b5f5f63695f766172737c613a313a7b733a353a227469746c65223b733a333a226e6577223b7d7469746c657c733a31313a224b6172747520556a69616e223b),
('otpbres1ao5tnk61i3mjd34prfvb13pf', '::1', 1575217475, 0x5f5f63695f6c6173745f726567656e65726174657c693a313537353231373434343b5f5f63695f766172737c613a313a7b733a353a227469746c65223b733a333a226e6577223b7d73797374656d5f76616c75657c733a33323a226134323330313135326333306137653731383334356237306666633332353334223b7469746c657c733a333a22416464223b),
('pcihl2h8qicpqde0kuvi4414oeevnbvm', '::1', 1575216032, 0x5f5f63695f6c6173745f726567656e65726174657c693a313537353231353836363b5f5f63695f766172737c613a313a7b733a353a227469746c65223b733a333a226e6577223b7d73797374656d5f76616c75657c733a33323a226134323330313135326333306137653731383334356237306666633332353334223b7469746c657c733a31363a224c6567616c6973697220496a617a6168223b),
('ph6006j0i4aqas0ddeuqiioflj7hcbp2', '::1', 1575226083, 0x5f5f63695f6c6173745f726567656e65726174657c693a313537353232353834313b73797374656d5f76616c75657c733a33323a226134323330313135326333306137653731383334356237306666633332353334223b7365617263685f626f787c4e3b),
('pohlnbhdcjkgrt6qn58s38ba9i4f7abf', '::1', 1575222821, 0x5f5f63695f6c6173745f726567656e65726174657c693a313537353232323532353b73797374656d5f76616c75657c733a33323a226134323330313135326333306137653731383334356237306666633332353334223b7469746c657c733a31303a225768697465204c697374223b5f5f63695f766172737c613a313a7b733a353a227469746c65223b733a333a226e6577223b7d7365617263685f626f787c4e3b),
('pojrj1gqv096obh243c2dr8er1po1kbr', '::1', 1575540665, 0x5f5f63695f6c6173745f726567656e65726174657c693a313537353534303630373b73797374656d5f76616c75657c733a33323a226139646530306330356333316261313463653134366362326161623362633434223b7469746c657c733a363a224d6f64756c65223b5f5f63695f766172737c613a313a7b733a353a227469746c65223b733a333a226e6577223b7d7365617263685f626f787c4e3b),
('qpk25mgrq5vpjprvunq1ac58eobvjcq2', '::1', 1575218360, 0x5f5f63695f6c6173745f726567656e65726174657c693a313537353231383036313b5f5f63695f766172737c613a313a7b733a353a227469746c65223b733a333a226e6577223b7d73797374656d5f76616c75657c733a33323a226134323330313135326333306137653731383334356237306666633332353334223b7469746c657c733a343a2245646974223b),
('r7fllhlfg6lj7feu8abaetbjd7ahgfp1', '::1', 1575367135, 0x5f5f63695f6c6173745f726567656e65726174657c693a313537353336373037383b73797374656d5f76616c75657c733a33323a226534323532373766353363323330353934653634626630313136346165623534223b74676c5f697a696e7c4e3b616c6173616e7c4e3b7365617263685f626f787c4e3b),
('rmea747sd15uvcvfq0q9ifo3fpf3jppd', '::1', 1575362722, 0x5f5f63695f6c6173745f726567656e65726174657c693a313537353336323432343b73797374656d5f76616c75657c733a33323a226534323532373766353363323330353934653634626630313136346165623534223b74676c5f697a696e7c4e3b616c6173616e7c4e3b7365617263685f626f787c4e3b7469746c657c733a343a2245646974223b5f5f63695f766172737c613a313a7b733a353a227469746c65223b733a333a226e6577223b7d),
('routdtrqeolpbntc92314lesndqbf3nh', '::1', 1575373399, 0x5f5f63695f6c6173745f726567656e65726174657c693a313537353337333130393b74676c5f697a696e7c4e3b616c6173616e7c4e3b7365617263685f626f787c4e3b73797374656d5f76616c75657c733a33323a223438626432333162313362613065616263643064363539613235623466336530223b7469746c657c733a31313a224b6172747520556a69616e223b5f5f63695f766172737c613a313a7b733a353a227469746c65223b733a333a226e6577223b7d),
('tsq02dv9r0p9s0l9r2l28otpolqkp1j5', '::1', 1575370185, 0x5f5f63695f6c6173745f726567656e65726174657c693a313537353336393839313b73797374656d5f76616c75657c733a33323a226534323532373766353363323330353934653634626630313136346165623534223b74676c5f697a696e7c4e3b616c6173616e7c4e3b7365617263685f626f787c4e3b7469746c657c733a343a2245646974223b5f5f63695f766172737c613a313a7b733a353a227469746c65223b733a333a226e6577223b7d),
('u837n3pij2iru9a6vb7o1n4ospnuou4r', '::1', 1575364581, 0x5f5f63695f6c6173745f726567656e65726174657c693a313537353336343331383b73797374656d5f76616c75657c733a33323a226534323532373766353363323330353934653634626630313136346165623534223b74676c5f697a696e7c4e3b616c6173616e7c4e3b7365617263685f626f787c4e3b5f5f63695f766172737c613a313a7b733a353a227469746c65223b733a333a226e6577223b7d7469746c657c733a31313a224b6172747520556a69616e223b),
('ulqnkavtuk4vso5p2hab1tublgdkioh1', '::1', 1575370457, 0x5f5f63695f6c6173745f726567656e65726174657c693a313537353337303230393b73797374656d5f76616c75657c733a33323a226534323532373766353363323330353934653634626630313136346165623534223b74676c5f697a696e7c4e3b616c6173616e7c4e3b7365617263685f626f787c4e3b7469746c657c733a343a2245646974223b5f5f63695f766172737c613a313a7b733a353a227469746c65223b733a333a226e6577223b7d),
('v12q23m8g4n0g79t0f2oi94gs3kif79s', '::1', 1575362746, 0x5f5f63695f6c6173745f726567656e65726174657c693a313537353336323734363b73797374656d5f76616c75657c733a33323a226534323532373766353363323330353934653634626630313136346165623534223b74676c5f697a696e7c4e3b616c6173616e7c4e3b7365617263685f626f787c4e3b7469746c657c733a343a2245646974223b5f5f63695f766172737c613a313a7b733a353a227469746c65223b733a333a226e6577223b7d),
('vmobmar4mpphi843ffm6icnupmchkhli', '::1', 1575228462, 0x5f5f63695f6c6173745f726567656e65726174657c693a313537353232383136323b73797374656d5f76616c75657c733a33323a226134323330313135326333306137653731383334356237306666633332353334223b7365617263685f626f787c4e3b7469746c657c733a31363a224c6567616c6973697220496a617a6168223b5f5f63695f766172737c613a313a7b733a353a227469746c65223b733a333a226e6577223b7d),
('vshlmegc90ut65095oid2g1knas81up2', '::1', 1575220058, 0x5f5f63695f6c6173745f726567656e65726174657c693a313537353231393736303b5f5f63695f766172737c613a313a7b733a353a227469746c65223b733a333a226e6577223b7d73797374656d5f76616c75657c733a33323a226134323330313135326333306137653731383334356237306666633332353334223b7469746c657c733a343a2245646974223b),
('vvi0ovuh04cfijn5pegbqqbgtbfdl36o', '::1', 1575367003, 0x5f5f63695f6c6173745f726567656e65726174657c693a313537353336363730333b73797374656d5f76616c75657c733a33323a226534323532373766353363323330353934653634626630313136346165623534223b74676c5f697a696e7c4e3b616c6173616e7c4e3b7365617263685f626f787c4e3b7469746c657c733a31313a224b6172747520556a69616e223b5f5f63695f766172737c613a313a7b733a353a227469746c65223b733a333a226e6577223b7d);

-- --------------------------------------------------------

--
-- Struktur dari tabel `content`
--

CREATE TABLE `content` (
  `id_content` int(11) NOT NULL,
  `title` text NOT NULL,
  `isi` text NOT NULL,
  `gambar` text NOT NULL,
  `id_category` int(11) NOT NULL,
  `type_data` int(11) NOT NULL,
  `created_date` datetime NOT NULL,
  `created_modified` datetime NOT NULL,
  `created_by` int(11) NOT NULL,
  `hits` int(11) NOT NULL,
  `id_status` int(11) NOT NULL
) ENGINE=InnoDB DEFAULT CHARSET=latin1;

-- --------------------------------------------------------

--
-- Struktur dari tabel `content_statistik`
--

CREATE TABLE `content_statistik` (
  `id_read` int(11) NOT NULL,
  `created_date` date NOT NULL,
  `ip` text NOT NULL,
  `id_content` int(11) NOT NULL,
  `hits` int(11) NOT NULL,
  `from_tabel` text NOT NULL
) ENGINE=MyISAM DEFAULT CHARSET=latin1;

-- --------------------------------------------------------

--
-- Struktur dari tabel `generator_pass`
--

CREATE TABLE `generator_pass` (
  `id` int(11) NOT NULL,
  `id_user` int(11) NOT NULL,
  `value` text NOT NULL,
  `created_date` datetime NOT NULL
) ENGINE=InnoDB DEFAULT CHARSET=latin1;

--
-- Dumping data untuk tabel `generator_pass`
--

INSERT INTO `generator_pass` (`id`, `id_user`, `value`, `created_date`) VALUES
(1, 2, 'f497d5f1c2759752e1c28dfc64acb893e7ad5b1ea5df6f9e8dec1e2aa4c8c1e1327b9ed1eec681899d194294e2145ea3d62c353edbdad92cd5109e018d02e823aLdRpLh8EnTDlQvyc+m5wkZ2895yaj8d0toQtqokceM=', '2019-07-15 16:15:45'),
(2, 3, '1eea51936fb61439a044868a7994ccc02a8ccc648b42258739e4fbb992ba02c541191dffa5d11eadac8d223efda0ef1c0739502052dc8cfc258541b463df20cb77IVVY3mG65owfKAvJzsRdf5auPl+D4ljm7A4wfrJw0=', '2019-08-13 22:56:59'),
(3, 4, '125fa6fb79ddcd77ef5bbe99c835b7fa5ef4ae498a81c2ce76697c7ebb06d8a3c4679fb42778996773aa6ab5dd2d475fe3df2a1cb3f9b35cda4557f98dd40bb7QFNqKV2HbiLeSMvlsxLZ3oAfJHtzAbhoXJhf04roaB4=', '2019-09-04 19:25:38');

-- --------------------------------------------------------

--
-- Struktur dari tabel `hubungi_kami`
--

CREATE TABLE `hubungi_kami` (
  `id_contact` int(11) NOT NULL,
  `title` text NOT NULL,
  `title_footer` text NOT NULL,
  `display_header` text NOT NULL,
  `email` text NOT NULL,
  `alamat` text NOT NULL,
  `telp` text NOT NULL,
  `fax` text NOT NULL,
  `keterangan` text NOT NULL,
  `keyword` text NOT NULL,
  `created_date` datetime NOT NULL,
  `created_by` int(11) NOT NULL
) ENGINE=MyISAM DEFAULT CHARSET=latin1;

--
-- Dumping data untuk tabel `hubungi_kami`
--

INSERT INTO `hubungi_kami` (`id_contact`, `title`, `title_footer`, `display_header`, `email`, `alamat`, `telp`, `fax`, `keterangan`, `keyword`, `created_date`, `created_by`) VALUES
(1, 'PTSP', 'PTSP', 'Administrator', 'PTSP@mail.com', '-', '-', '-', 'PTSP', 'PTSP', '2019-07-12 20:00:20', 1);

-- --------------------------------------------------------

--
-- Struktur dari tabel `info_admin`
--

CREATE TABLE `info_admin` (
  `id` int(11) NOT NULL,
  `title` text NOT NULL,
  `pesan` text NOT NULL,
  `created_date` datetime NOT NULL,
  `no_urut` int(11) NOT NULL,
  `id_status` int(11) NOT NULL
) ENGINE=InnoDB DEFAULT CHARSET=latin1;

--
-- Dumping data untuk tabel `info_admin`
--

INSERT INTO `info_admin` (`id`, `title`, `pesan`, `created_date`, `no_urut`, `id_status`) VALUES
(1, 'Layanan', 'TSB Logistik', '2019-10-23 09:41:33', 1, 4);

-- --------------------------------------------------------

--
-- Struktur dari tabel `instansi`
--

CREATE TABLE `instansi` (
  `id_instansi` int(11) NOT NULL,
  `nama_instansi` varchar(255) NOT NULL,
  `parent_id` int(11) NOT NULL,
  `order_no` int(11) NOT NULL
) ENGINE=MyISAM DEFAULT CHARSET=latin1;

--
-- Dumping data untuk tabel `instansi`
--

INSERT INTO `instansi` (`id_instansi`, `nama_instansi`, `parent_id`, `order_no`) VALUES
(1, 'Super Admin', 0, 0),
(2, 'TSB Logistik', 0, 2);

-- --------------------------------------------------------

--
-- Struktur dari tabel `izin_kepala_sekolah`
--

CREATE TABLE `izin_kepala_sekolah` (
  `id` int(11) NOT NULL,
  `nama` varchar(50) NOT NULL,
  `asal` varchar(100) NOT NULL,
  `keperluan` text NOT NULL,
  `tgl_urusan` date NOT NULL,
  `jam_urusan` text NOT NULL,
  `status_izin` int(11) NOT NULL,
  `created_at` datetime NOT NULL
) ENGINE=InnoDB DEFAULT CHARSET=latin1;

--
-- Dumping data untuk tabel `izin_kepala_sekolah`
--

INSERT INTO `izin_kepala_sekolah` (`id`, `nama`, `asal`, `keperluan`, `tgl_urusan`, `jam_urusan`, `status_izin`, `created_at`) VALUES
(3, 'Rizky Efrian2', 'Jurusan TI2', 'Rapat Party2', '2019-11-11', '19:30', 1, '2019-11-06 00:00:00'),
(4, 'Dia', 'Disana', 'Minta Piti', '2019-11-09', '03:01', 1, '2019-11-26 20:50:11'),
(5, 'Rafki Mauliadi', 'Payakumbuh', 'Minta Piti', '2019-11-30', '02:34', 1, '2019-11-26 21:13:59'),
(6, 'Coba', 'Coba', 'Coba', '2019-11-01', '19:04', 0, '2019-11-26 21:32:24');

-- --------------------------------------------------------

--
-- Struktur dari tabel `izin_online`
--

CREATE TABLE `izin_online` (
  `id` int(11) NOT NULL,
  `nis` varchar(50) NOT NULL,
  `tgl_izin` date NOT NULL,
  `alasan` text NOT NULL
) ENGINE=InnoDB DEFAULT CHARSET=latin1;

--
-- Dumping data untuk tabel `izin_online`
--

INSERT INTO `izin_online` (`id`, `nis`, `tgl_izin`, `alasan`) VALUES
(1, '1010', '2019-11-19', 'Sakit'),
(2, '1010', '2019-11-12', 'Sakits'),
(4, '1011', '2019-11-21', 'Sakit apa lu?\r\nentah mana gue tau'),
(5, '1010', '2019-11-20', 'Rafji');

-- --------------------------------------------------------

--
-- Struktur dari tabel `izin_tata_usaha`
--

CREATE TABLE `izin_tata_usaha` (
  `id` int(11) NOT NULL,
  `nama` varchar(50) NOT NULL,
  `asal` varchar(100) NOT NULL,
  `keperluan` text NOT NULL,
  `tgl_urusan` date NOT NULL,
  `jam_urusan` text NOT NULL,
  `status_izin` int(11) NOT NULL,
  `created_at` datetime NOT NULL
) ENGINE=InnoDB DEFAULT CHARSET=latin1;

--
-- Dumping data untuk tabel `izin_tata_usaha`
--

INSERT INTO `izin_tata_usaha` (`id`, `nama`, `asal`, `keperluan`, `tgl_urusan`, `jam_urusan`, `status_izin`, `created_at`) VALUES
(1, 'Aku', 'padang', 'Caliak Mantan', '2019-11-30', '20:21', 2, '2019-11-02 00:00:00'),
(2, 'Kamu', 'Padang Panjang', 'Mangaa yoooo', '2019-11-21', '19:09', 1, '2019-11-21 00:00:00'),
(3, 'Test3', 'Test3', 'Test3', '2019-11-08', '20:10', 1, '2019-11-26 23:44:45');

-- --------------------------------------------------------

--
-- Struktur dari tabel `legalisir_ijazah`
--

CREATE TABLE `legalisir_ijazah` (
  `id` int(11) NOT NULL,
  `nis` varchar(50) NOT NULL,
  `no_ijazah` varchar(50) NOT NULL,
  `tahun_ijazah` int(4) NOT NULL,
  `tgl_masuk_legalisir` date NOT NULL,
  `tgl_selesai_legalisir` date NOT NULL,
  `status_legalisir` int(11) NOT NULL
) ENGINE=InnoDB DEFAULT CHARSET=latin1;

--
-- Dumping data untuk tabel `legalisir_ijazah`
--

INSERT INTO `legalisir_ijazah` (`id`, `nis`, `no_ijazah`, `tahun_ijazah`, `tgl_masuk_legalisir`, `tgl_selesai_legalisir`, `status_legalisir`) VALUES
(9, '1010', 'AB102010', 2019, '2019-11-01', '2019-11-02', 2),
(10, '1011', 'AC102011', 2018, '2019-11-29', '2019-11-30', 1),
(11, '1011', 'AC102011', 2018, '2019-11-15', '2019-11-21', 1);

-- --------------------------------------------------------

--
-- Struktur dari tabel `master_guru`
--

CREATE TABLE `master_guru` (
  `id` int(11) NOT NULL,
  `nama_lengkap` varchar(255) DEFAULT NULL,
  `gelar_depan` varchar(255) DEFAULT NULL,
  `gelar_belakang` varchar(255) NOT NULL,
  `nip` varchar(255) DEFAULT NULL,
  `tempat_lahir` text NOT NULL,
  `tanggal_lahir` date NOT NULL,
  `jenis_kelamin` varchar(255) DEFAULT NULL,
  `id_agama` int(11) NOT NULL,
  `alamat` text NOT NULL,
  `tanggal_masuk` date DEFAULT NULL,
  `id_jabatan` int(11) DEFAULT NULL,
  `id_status_pegawai` int(11) NOT NULL,
  `foto` text NOT NULL,
  `created_date` datetime DEFAULT NULL,
  `created_modified` datetime NOT NULL,
  `status_guru` int(11) DEFAULT NULL,
  `pendidikan` varchar(50) NOT NULL,
  `jurusan` varchar(50) NOT NULL,
  `tamat` varchar(50) NOT NULL,
  `unit_kerja` varchar(50) NOT NULL
) ENGINE=InnoDB DEFAULT CHARSET=latin1;

--
-- Dumping data untuk tabel `master_guru`
--

INSERT INTO `master_guru` (`id`, `nama_lengkap`, `gelar_depan`, `gelar_belakang`, `nip`, `tempat_lahir`, `tanggal_lahir`, `jenis_kelamin`, `id_agama`, `alamat`, `tanggal_masuk`, `id_jabatan`, `id_status_pegawai`, `foto`, `created_date`, `created_modified`, `status_guru`, `pendidikan`, `jurusan`, `tamat`, `unit_kerja`) VALUES
(1, 'Rio Bayu Sentosa', 'Dr.', 'M.Kom', '20134', 'padang', '1992-04-16', '1', 1, 'bahari', '2019-09-13', 1, 2, 'Koala.jpg', '2019-09-13 10:57:06', '2019-09-13 10:57:06', 1, 'S3', 'Komputer', '1998', 'MAN 3 Padang'),
(2, 'Rafki Mauliadi', 'Dr.', 'M.Kom', '101', 'Payakumbuh', '1998-07-10', '1', 1, 'Payakumbuh', '2019-06-05', 1, 1, 'RafkiMauliadi_MerahFix.jpg', '2019-10-31 11:49:26', '2019-10-31 11:49:26', 1, 'S3', 'Sistem Informasi', '2022', 'Universitas Andalas'),
(3, 'Nirmala Rahmi', 'Dr.', 'M.Kom', '10101', 'Padang Panjang', '2019-10-22', 'P', 1, 'Padang Panjang', '2019-10-16', 1, 1, 'RafkiMauliadi_MerahFix.jpg', '2019-10-16 00:00:00', '2019-10-29 00:00:00', 1, 's1', 'Sistem Informasi', '2021', 'Mkom'),
(4, 'Rizky Rahmi', 'Dr.', 'M.Kom', '10101', 'Padang Panjang', '2019-10-22', 'P', 1, 'Padang Panjang', '2019-10-16', 1, 1, 'RafkiMauliadi_MerahFix.jpg', '2019-10-16 00:00:00', '2019-10-29 00:00:00', 1, 's1', 'Sistem Informasi', '2021', 'Mkom'),
(5, 'Nirmala Rahmi2', 'Dr.', 'M.Kom', '10101', 'Padang Panjang', '2019-10-22', 'P', 1, 'Padang Panjang', '2019-10-16', 1, 1, 'RafkiMauliadi_MerahFix.jpg', '2019-10-16 00:00:00', '2019-10-29 00:00:00', 1, 's1', 'Sistem Informasi', '2021', 'Mkom'),
(6, 'Nirmala Rahmi3', 'Dr.', 'M.Kom', '10101', 'Padang Panjang', '2019-10-22', 'P', 1, 'Padang Panjang', '2019-10-16', 1, 1, 'RafkiMauliadi_MerahFix.jpg', '2019-10-16 00:00:00', '2019-10-29 00:00:00', 1, 's1', 'Sistem Informasi', '2021', 'Mkom'),
(7, 'Nirmala Rahmi4', 'Dr.', 'M.Kom', '10101', 'Padang Panjang', '2019-10-22', 'P', 1, 'Padang Panjang', '2019-10-16', 1, 1, 'RafkiMauliadi_MerahFix.jpg', '2019-10-16 00:00:00', '2019-10-29 00:00:00', 1, 's1', 'Sistem Informasi', '2021', 'Mkom'),
(8, 'Nirmala Rahmi7', 'Dr.', 'M.Kom', '10101', 'Padang Panjang', '2019-10-22', 'P', 1, 'Padang Panjang', '2019-10-16', 1, 1, 'RafkiMauliadi_MerahFix.jpg', '2019-10-16 00:00:00', '2019-10-29 00:00:00', 1, 's1', 'Sistem Informasi', '2021', 'Mkom'),
(9, 'Nirmala 2', 'Dr.', 'M.Kom', '10101', 'Padang Panjang', '2019-10-22', 'P', 1, 'Padang Panjang', '2019-10-16', 1, 1, 'RafkiMauliadi_MerahFix.jpg', '2019-10-16 00:00:00', '2019-10-29 00:00:00', 1, 's1', 'Sistem Informasi', '2021', 'Mkom'),
(10, 'Nirmala 11', 'Dr.', 'M.Kom', '10101', 'Padang Panjang', '2019-10-22', 'P', 1, 'Padang Panjang', '2019-10-16', 1, 1, 'RafkiMauliadi_MerahFix.jpg', '2019-10-16 00:00:00', '2019-10-29 00:00:00', 1, 's1', 'Sistem Informasi', '2021', 'Mkom'),
(11, 'Nirmala 111', 'Dr.', 'M.Kom', '10101', 'Padang Panjang', '2019-10-22', 'P', 1, 'Padang Panjang', '2019-10-16', 1, 1, 'RafkiMauliadi_MerahFix.jpg', '2019-10-16 00:00:00', '2019-10-29 00:00:00', 1, 's1', 'Sistem Informasi', '2021', 'Mkom');

-- --------------------------------------------------------

--
-- Struktur dari tabel `master_jabatan_guru`
--

CREATE TABLE `master_jabatan_guru` (
  `id` int(11) NOT NULL,
  `nama_jabatan` varchar(255) DEFAULT NULL,
  `created_at` datetime DEFAULT NULL
) ENGINE=InnoDB DEFAULT CHARSET=latin1;

--
-- Dumping data untuk tabel `master_jabatan_guru`
--

INSERT INTO `master_jabatan_guru` (`id`, `nama_jabatan`, `created_at`) VALUES
(1, 'Staf Guru Pengajar', '2019-09-13 00:00:00');

-- --------------------------------------------------------

--
-- Struktur dari tabel `master_jurusan`
--

CREATE TABLE `master_jurusan` (
  `id` int(11) NOT NULL,
  `nama_jurusan` varchar(255) DEFAULT NULL,
  `created_at` datetime DEFAULT NULL
) ENGINE=InnoDB DEFAULT CHARSET=latin1;

--
-- Dumping data untuk tabel `master_jurusan`
--

INSERT INTO `master_jurusan` (`id`, `nama_jurusan`, `created_at`) VALUES
(1, 'IPA', '2019-08-28 00:00:00'),
(2, 'IPS', '2019-08-28 00:00:00');

-- --------------------------------------------------------

--
-- Struktur dari tabel `master_kelas`
--

CREATE TABLE `master_kelas` (
  `id_kelas` int(11) NOT NULL,
  `nama_kelas` varchar(255) NOT NULL,
  `status` int(11) NOT NULL,
  `id_jurusan` int(11) DEFAULT NULL,
  `created_at` datetime DEFAULT NULL
) ENGINE=InnoDB DEFAULT CHARSET=latin1;

--
-- Dumping data untuk tabel `master_kelas`
--

INSERT INTO `master_kelas` (`id_kelas`, `nama_kelas`, `status`, `id_jurusan`, `created_at`) VALUES
(1, 'X IPA 1', 1, 1, '2019-08-28 22:31:31'),
(3, 'X IPS 1', 1, 2, '2019-08-28 22:50:51'),
(5, 'XI IPA 1', 1, 1, '2019-10-31 20:57:39');

-- --------------------------------------------------------

--
-- Struktur dari tabel `master_kelompok_mapel`
--

CREATE TABLE `master_kelompok_mapel` (
  `id` int(11) NOT NULL,
  `nama_kelompok` varchar(255) DEFAULT NULL,
  `created_at` datetime DEFAULT NULL
) ENGINE=InnoDB DEFAULT CHARSET=latin1;

--
-- Dumping data untuk tabel `master_kelompok_mapel`
--

INSERT INTO `master_kelompok_mapel` (`id`, `nama_kelompok`, `created_at`) VALUES
(1, 'Kelompok Wajib', '2019-08-23 09:49:34'),
(2, 'Kelompok Peminatan', '2019-08-23 09:49:50');

-- --------------------------------------------------------

--
-- Struktur dari tabel `master_kurikulum`
--

CREATE TABLE `master_kurikulum` (
  `id` int(11) NOT NULL,
  `nama_kurikulum` varchar(255) DEFAULT NULL,
  `created_at` datetime DEFAULT NULL
) ENGINE=InnoDB DEFAULT CHARSET=latin1;

-- --------------------------------------------------------

--
-- Struktur dari tabel `master_mata_pelajaran`
--

CREATE TABLE `master_mata_pelajaran` (
  `id_mata_pelajaran` int(11) NOT NULL,
  `nama_mapel` varchar(255) NOT NULL,
  `kode_mapel` varchar(255) DEFAULT NULL,
  `kelompok_mapel` int(255) DEFAULT NULL,
  `id_peminatan` int(255) DEFAULT NULL,
  `created_at` datetime NOT NULL,
  `last_update` datetime NOT NULL
) ENGINE=InnoDB DEFAULT CHARSET=latin1;

--
-- Dumping data untuk tabel `master_mata_pelajaran`
--

INSERT INTO `master_mata_pelajaran` (`id_mata_pelajaran`, `nama_mapel`, `kode_mapel`, `kelompok_mapel`, `id_peminatan`, `created_at`, `last_update`) VALUES
(5, 'Fiqih', 'FQ', 1, 4, '2019-08-23 09:50:41', '2019-08-28 21:49:51'),
(6, 'Qur\'an Hadist', 'QH', 1, 3, '2019-09-13 09:56:31', '2019-09-13 09:56:31');

-- --------------------------------------------------------

--
-- Struktur dari tabel `master_orangtua`
--

CREATE TABLE `master_orangtua` (
  `id` int(11) NOT NULL,
  `id_siswa` int(255) DEFAULT NULL,
  `nama_ayah` varchar(255) DEFAULT NULL,
  `nama_ibu` varchar(255) DEFAULT NULL,
  `alamat` text,
  `no_telepon` varchar(255) DEFAULT NULL,
  `pekerjaan_ayah` varchar(255) DEFAULT NULL,
  `pekerjaan_ibu` varchar(255) DEFAULT NULL
) ENGINE=InnoDB DEFAULT CHARSET=latin1;

--
-- Dumping data untuk tabel `master_orangtua`
--

INSERT INTO `master_orangtua` (`id`, `id_siswa`, `nama_ayah`, `nama_ibu`, `alamat`, `no_telepon`, `pekerjaan_ayah`, `pekerjaan_ibu`) VALUES
(1, 1, 'Herinal', 'Zulmaini', 'Jln. Sudirman', '081371896365', 'swasta', 'ibu rumah tangga');

-- --------------------------------------------------------

--
-- Struktur dari tabel `master_peminatan_mapel`
--

CREATE TABLE `master_peminatan_mapel` (
  `id` int(11) NOT NULL,
  `nama_peminatan` varchar(255) DEFAULT NULL,
  `created_at` datetime DEFAULT NULL
) ENGINE=InnoDB DEFAULT CHARSET=latin1;

--
-- Dumping data untuk tabel `master_peminatan_mapel`
--

INSERT INTO `master_peminatan_mapel` (`id`, `nama_peminatan`, `created_at`) VALUES
(1, 'Peminatan Matematika dan IPA', '2019-08-23 09:46:32'),
(2, 'Peminatan Sosial', '2019-08-23 09:46:49'),
(3, 'Peminatan Bahasa', '2019-08-23 09:47:05'),
(4, 'Peminatan Keagamaan', '2019-08-23 09:47:26');

-- --------------------------------------------------------

--
-- Struktur dari tabel `master_siswa`
--

CREATE TABLE `master_siswa` (
  `id` int(11) NOT NULL,
  `nama_lengkap` varchar(255) DEFAULT NULL,
  `nis` varchar(255) DEFAULT NULL,
  `nisn` varchar(255) DEFAULT NULL,
  `tempat_lahir` varchar(255) DEFAULT NULL,
  `tanggal_lahir` date DEFAULT NULL,
  `jenis_kelamin` varchar(255) DEFAULT NULL,
  `agama` varchar(255) DEFAULT NULL,
  `status_dalam_keluarga` varchar(255) DEFAULT NULL,
  `anak_ke` int(255) DEFAULT NULL,
  `alamat` text,
  `no_telepon` varchar(255) DEFAULT NULL,
  `asal_sekolah` varchar(255) DEFAULT NULL,
  `kelas_diterima` varchar(255) DEFAULT NULL,
  `tanggal_diterima` date DEFAULT NULL,
  `foto` text NOT NULL,
  `created_date` datetime NOT NULL,
  `created_modified` datetime NOT NULL,
  `id_status_peserta_didik` int(11) NOT NULL,
  `no_ijazah` varchar(50) NOT NULL,
  `tahun_ijazah` varchar(4) NOT NULL
) ENGINE=InnoDB DEFAULT CHARSET=latin1;

--
-- Dumping data untuk tabel `master_siswa`
--

INSERT INTO `master_siswa` (`id`, `nama_lengkap`, `nis`, `nisn`, `tempat_lahir`, `tanggal_lahir`, `jenis_kelamin`, `agama`, `status_dalam_keluarga`, `anak_ke`, `alamat`, `no_telepon`, `asal_sekolah`, `kelas_diterima`, `tanggal_diterima`, `foto`, `created_date`, `created_modified`, `id_status_peserta_didik`, `no_ijazah`, `tahun_ijazah`) VALUES
(1, 'Rio Bayu Sentosa', '1010', '20178', 'Padang', '1992-04-16', '1', '1', '1', 1, 'Jalan Bahari', '20713', 'SMP N 1 Bangkinang', 'X', '2019-09-02', 'Hydrangeas.jpg', '2019-09-13 09:57:55', '2019-09-13 09:57:55', 1, 'AB102010', '2019'),
(2, 'Rafki Gensaika', '1011', '20199', 'Padang', '1992-04-16', '1', '1', '1', 1, 'Jl SD 20', '123', 'MTsN Payakumbuh', 'X', '2019-09-02', 'Hydrangeas.jpg', '2019-09-13 09:57:55', '2019-10-09 09:57:55', 1, 'AC102011', '2018');

-- --------------------------------------------------------

--
-- Struktur dari tabel `master_status_kelas`
--

CREATE TABLE `master_status_kelas` (
  `id_status` int(11) NOT NULL,
  `nama_status` varchar(30) NOT NULL
) ENGINE=InnoDB DEFAULT CHARSET=latin1;

--
-- Dumping data untuk tabel `master_status_kelas`
--

INSERT INTO `master_status_kelas` (`id_status`, `nama_status`) VALUES
(1, 'Aktif'),
(2, 'Non Aktif');

-- --------------------------------------------------------

--
-- Struktur dari tabel `master_status_pegawai`
--

CREATE TABLE `master_status_pegawai` (
  `id` int(11) NOT NULL,
  `status_pegawai` varchar(255) NOT NULL
) ENGINE=InnoDB DEFAULT CHARSET=latin1;

--
-- Dumping data untuk tabel `master_status_pegawai`
--

INSERT INTO `master_status_pegawai` (`id`, `status_pegawai`) VALUES
(1, 'PNS'),
(2, 'NON PNS');

-- --------------------------------------------------------

--
-- Struktur dari tabel `master_tahun_ajaran`
--

CREATE TABLE `master_tahun_ajaran` (
  `id_tahun_ajaran` int(11) NOT NULL,
  `title_tahun_ajaran` varchar(30) NOT NULL,
  `status` int(11) NOT NULL,
  `created_at` datetime NOT NULL
) ENGINE=InnoDB DEFAULT CHARSET=latin1;

-- --------------------------------------------------------

--
-- Struktur dari tabel `master_tahun_pelajaran`
--

CREATE TABLE `master_tahun_pelajaran` (
  `id` int(11) NOT NULL,
  `nama_tahu_pelajaran` varchar(255) DEFAULT NULL,
  `range_tahun` text,
  `created_at` datetime DEFAULT NULL
) ENGINE=InnoDB DEFAULT CHARSET=latin1;

-- --------------------------------------------------------

--
-- Struktur dari tabel `master_wali`
--

CREATE TABLE `master_wali` (
  `id` int(11) NOT NULL,
  `id_siswa` int(255) DEFAULT NULL,
  `nama_wali` varchar(255) DEFAULT NULL,
  `no_telepon` varchar(255) DEFAULT NULL,
  `alamat` text,
  `pekerjaan` varchar(255) DEFAULT NULL
) ENGINE=InnoDB DEFAULT CHARSET=latin1;

--
-- Dumping data untuk tabel `master_wali`
--

INSERT INTO `master_wali` (`id`, `id_siswa`, `nama_wali`, `no_telepon`, `alamat`, `pekerjaan`) VALUES
(1, 1, 'Zuniar', '08117415164', 'Jln. Bahari no. 38', 'swasta');

-- --------------------------------------------------------

--
-- Struktur dari tabel `mobil`
--

CREATE TABLE `mobil` (
  `id_mobil` int(11) NOT NULL,
  `nomor_plat` varchar(30) NOT NULL,
  `merk_mobil` varchar(50) NOT NULL,
  `tahun_mobil` year(4) NOT NULL,
  `tahun_beli` year(4) NOT NULL,
  `created_date` date NOT NULL
) ENGINE=InnoDB DEFAULT CHARSET=latin1;

--
-- Dumping data untuk tabel `mobil`
--

INSERT INTO `mobil` (`id_mobil`, `nomor_plat`, `merk_mobil`, `tahun_mobil`, `tahun_beli`, `created_date`) VALUES
(1, 'BA 1234 HV', 'Mitsubishi Colt Diesel D', 2014, 2017, '2019-07-17');

-- --------------------------------------------------------

--
-- Struktur dari tabel `orang_tua`
--

CREATE TABLE `orang_tua` (
  `id` int(11) NOT NULL,
  `id_siswa` int(11) NOT NULL,
  `nama_ayah` varchar(50) NOT NULL,
  `nama_ibu` varchar(50) NOT NULL,
  `alamat` text NOT NULL,
  `no_telepon` text NOT NULL,
  `pekerjaan_ayah` varchar(255) NOT NULL,
  `pekerjaan_ibu` varchar(255) NOT NULL
) ENGINE=InnoDB DEFAULT CHARSET=latin1;

-- --------------------------------------------------------

--
-- Struktur dari tabel `pembayaran_spp`
--

CREATE TABLE `pembayaran_spp` (
  `id` int(11) NOT NULL,
  `nis` varchar(50) NOT NULL,
  `id_kelas` int(11) NOT NULL,
  `bulan` varchar(25) NOT NULL,
  `tahun` int(11) NOT NULL,
  `total_bayar` double NOT NULL,
  `created_date` datetime NOT NULL,
  `created_modified` datetime NOT NULL
) ENGINE=InnoDB DEFAULT CHARSET=latin1;

--
-- Dumping data untuk tabel `pembayaran_spp`
--

INSERT INTO `pembayaran_spp` (`id`, `nis`, `id_kelas`, `bulan`, `tahun`, `total_bayar`, `created_date`, `created_modified`) VALUES
(3, '1010', 1, 'Mei', 2019, 80000, '2019-11-12 16:18:16', '2019-11-12 16:21:35'),
(4, '1011', 3, 'Maret', 2018, 120000, '2019-11-12 16:22:20', '2019-11-28 22:31:19');

-- --------------------------------------------------------

--
-- Struktur dari tabel `pembayaran_spp_kelas`
--

CREATE TABLE `pembayaran_spp_kelas` (
  `id` int(11) NOT NULL,
  `id_kelas` int(11) NOT NULL,
  `id_guru` varchar(11) NOT NULL,
  `bulan` varchar(25) NOT NULL,
  `tahun` int(11) NOT NULL,
  `jml_bayar` double NOT NULL,
  `jml_keseluruhan` double NOT NULL,
  `id_status_spp_kelas` int(11) NOT NULL,
  `created_date` datetime NOT NULL,
  `created_modified` datetime NOT NULL
) ENGINE=InnoDB DEFAULT CHARSET=latin1;

--
-- Dumping data untuk tabel `pembayaran_spp_kelas`
--

INSERT INTO `pembayaran_spp_kelas` (`id`, `id_kelas`, `id_guru`, `bulan`, `tahun`, `jml_bayar`, `jml_keseluruhan`, `id_status_spp_kelas`, `created_date`, `created_modified`) VALUES
(1, 1, '5', 'Mei', 2019, 500000, 1000000, 2, '2019-11-12 16:18:16', '2019-11-12 16:21:35'),
(2, 3, '22', 'Juli', 2019, 5000000, 5000000, 1, '2019-11-12 16:22:20', '2019-11-28 22:31:19'),
(3, 3, '1', 'Januari', 2017, 500000, 500000, 1, '2019-12-02 00:32:07', '2019-12-02 00:40:05');

-- --------------------------------------------------------

--
-- Struktur dari tabel `riwayat_jabatan`
--

CREATE TABLE `riwayat_jabatan` (
  `id` int(11) NOT NULL,
  `id_guru` int(255) DEFAULT NULL,
  `id_jabatan` int(255) DEFAULT NULL,
  `tahun_pelajaran` int(255) DEFAULT NULL,
  `created_at` datetime DEFAULT NULL
) ENGINE=InnoDB DEFAULT CHARSET=latin1;

-- --------------------------------------------------------

--
-- Struktur dari tabel `riwayat_kelas`
--

CREATE TABLE `riwayat_kelas` (
  `id` int(11) NOT NULL,
  `id_siswa` int(11) DEFAULT NULL,
  `id_kelas` int(11) DEFAULT NULL,
  `id_tahun_pelajaran` int(255) DEFAULT NULL
) ENGINE=InnoDB DEFAULT CHARSET=latin1;

-- --------------------------------------------------------

--
-- Struktur dari tabel `siswa`
--

CREATE TABLE `siswa` (
  `id` int(11) NOT NULL,
  `nama_lengkap` varchar(50) NOT NULL,
  `nis` text NOT NULL,
  `nisn` text NOT NULL,
  `tempat_lahir` varchar(50) NOT NULL,
  `tanggal_lahir` date NOT NULL,
  `jenis_kelamin` varchar(5) NOT NULL,
  `agama` varchar(30) NOT NULL,
  `status_dalam_keluarga` varchar(30) NOT NULL,
  `anak_ke` int(11) NOT NULL,
  `alamat` text NOT NULL,
  `no_telepon` text NOT NULL,
  `asal_sekolah` varchar(255) NOT NULL,
  `kelas_diterima` varchar(50) NOT NULL,
  `tanggal_diterima` date NOT NULL,
  `status_siswa` int(11) NOT NULL,
  `created_at` datetime NOT NULL
) ENGINE=InnoDB DEFAULT CHARSET=latin1;

-- --------------------------------------------------------

--
-- Struktur dari tabel `status_guru`
--

CREATE TABLE `status_guru` (
  `id` int(11) NOT NULL,
  `status_guru` varchar(255) DEFAULT NULL,
  `created_at` datetime DEFAULT NULL
) ENGINE=InnoDB DEFAULT CHARSET=latin1;

--
-- Dumping data untuk tabel `status_guru`
--

INSERT INTO `status_guru` (`id`, `status_guru`, `created_at`) VALUES
(1, 'Aktif', '2019-09-13 00:00:00'),
(2, 'Pindah', '2019-09-13 00:00:00'),
(3, 'Pensiun', '2019-09-13 00:00:00');

-- --------------------------------------------------------

--
-- Struktur dari tabel `supir`
--

CREATE TABLE `supir` (
  `id_supir` int(11) NOT NULL,
  `nama_supir` varchar(30) NOT NULL,
  `tanggal_bergabung` date NOT NULL,
  `no_hp` varchar(30) NOT NULL,
  `created_date` date DEFAULT NULL
) ENGINE=InnoDB DEFAULT CHARSET=latin1;

--
-- Dumping data untuk tabel `supir`
--

INSERT INTO `supir` (`id_supir`, `nama_supir`, `tanggal_bergabung`, `no_hp`, `created_date`) VALUES
(1, 'Agung Surya', '2019-07-16', '0812765435243', '2019-07-16'),
(3, 'Dhany Dwi Putra', '2019-07-15', '0812765467263', '2019-07-16');

-- --------------------------------------------------------

--
-- Struktur dari tabel `tahun_ajaran`
--

CREATE TABLE `tahun_ajaran` (
  `id` int(11) NOT NULL,
  `tahun` int(11) NOT NULL
) ENGINE=InnoDB DEFAULT CHARSET=latin1;

--
-- Dumping data untuk tabel `tahun_ajaran`
--

INSERT INTO `tahun_ajaran` (`id`, `tahun`) VALUES
(2, 2019),
(3, 2018),
(4, 2017);

-- --------------------------------------------------------

--
-- Stand-in struktur untuk tampilan `view_recent_content`
-- (Lihat di bawah untuk tampilan aktual)
--
CREATE TABLE `view_recent_content` (
`id_content` int(11)
,`title` text
,`isi` text
,`gambar` text
,`id_category` int(11)
,`created_date` datetime
,`created_modified` datetime
,`created_by` int(11)
,`hits` int(11)
,`id_status` int(11)
,`nm_status` varchar(20)
,`title_category` text
,`full_name` text
);

-- --------------------------------------------------------

--
-- Struktur dari tabel `visitor`
--

CREATE TABLE `visitor` (
  `id_visitor` int(11) NOT NULL,
  `created_date` date NOT NULL,
  `browser` text NOT NULL,
  `ip` text NOT NULL,
  `online` varchar(255) NOT NULL,
  `hits` int(11) NOT NULL,
  `url` text NOT NULL
) ENGINE=MyISAM DEFAULT CHARSET=latin1;

--
-- Dumping data untuk tabel `visitor`
--

INSERT INTO `visitor` (`id_visitor`, `created_date`, `browser`, `ip`, `online`, `hits`, `url`) VALUES
(1, '2019-07-13', 'Mozilla/5.0 (Windows NT 6.3; Win64; x64; rv:67.0) Gecko/20100101 Firefox/67.0', '::1', '1563037711', 2, ''),
(2, '2019-07-15', 'Mozilla/5.0 (Windows NT 6.1; Win64; x64; rv:68.0) Gecko/20100101 Firefox/68.0', '::1', '1563182175', 14, ''),
(3, '2019-07-15', 'Mozilla/5.0 (Macintosh; Intel Mac OS X 10_14_1) AppleWebKit/537.36 (KHTML, like Gecko) Chrome/75.0.3770.100 Safari/537.36', '::1', '1563198142', 7, ''),
(4, '2019-07-16', 'Mozilla/5.0 (Macintosh; Intel Mac OS X 10_14_1) AppleWebKit/537.36 (KHTML, like Gecko) Chrome/75.0.3770.100 Safari/537.36', '::1', '1563266227', 2, ''),
(5, '2019-07-16', 'Mozilla/5.0 (Macintosh; Intel Mac OS X 10_14_1) AppleWebKit/537.36 (KHTML, like Gecko) Chrome/75.0.3770.142 Safari/537.36', '::1', '1563281359', 3, ''),
(6, '2019-07-17', 'Mozilla/5.0 (Macintosh; Intel Mac OS X 10_14_1) AppleWebKit/605.1.15 (KHTML, like Gecko) Version/12.0.1 Safari/605.1.15', '::1', '1563326148', 2, ''),
(7, '2019-07-17', 'Mozilla/5.0 (Macintosh; Intel Mac OS X 10_14_1) AppleWebKit/537.36 (KHTML, like Gecko) Chrome/75.0.3770.142 Safari/537.36', '::1', '1563350278', 4, ''),
(8, '2019-08-06', 'Mozilla/5.0 (Macintosh; Intel Mac OS X 10_14_1) AppleWebKit/537.36 (KHTML, like Gecko) Chrome/75.0.3770.142 Safari/537.36', '::1', '1565065832', 2, ''),
(9, '2019-08-12', 'Mozilla/5.0 (Macintosh; Intel Mac OS X 10_14_1) AppleWebKit/537.36 (KHTML, like Gecko) Chrome/76.0.3809.100 Safari/537.36', '::1', '1565608886', 3, ''),
(10, '2019-08-13', 'Mozilla/5.0 (Macintosh; Intel Mac OS X 10_14_1) AppleWebKit/537.36 (KHTML, like Gecko) Chrome/76.0.3809.100 Safari/537.36', '::1', '1565711821', 87, ''),
(11, '2019-08-14', 'Mozilla/5.0 (Macintosh; Intel Mac OS X 10_14_1) AppleWebKit/537.36 (KHTML, like Gecko) Chrome/76.0.3809.100 Safari/537.36', '::1', '1565801409', 4, ''),
(12, '2019-08-15', 'Mozilla/5.0 (Macintosh; Intel Mac OS X 10_14_1) AppleWebKit/537.36 (KHTML, like Gecko) Chrome/76.0.3809.100 Safari/537.36', '::1', '1565834602', 3, ''),
(13, '2019-08-23', 'Mozilla/5.0 (Macintosh; Intel Mac OS X 10_14_1) AppleWebKit/537.36 (KHTML, like Gecko) Chrome/76.0.3809.100 Safari/537.36', '::1', '1566528002', 2, ''),
(14, '2019-08-24', 'Mozilla/5.0 (Macintosh; Intel Mac OS X 10_14_1) AppleWebKit/537.36 (KHTML, like Gecko) Chrome/76.0.3809.100 Safari/537.36', '::1', '1566623806', 2, ''),
(15, '2019-08-26', 'Mozilla/5.0 (Macintosh; Intel Mac OS X 10_14_1) AppleWebKit/537.36 (KHTML, like Gecko) Chrome/76.0.3809.100 Safari/537.36', '::1', '1566827535', 2, ''),
(16, '2019-08-27', 'Mozilla/5.0 (Macintosh; Intel Mac OS X 10_14_1) AppleWebKit/537.36 (KHTML, like Gecko) Chrome/76.0.3809.100 Safari/537.36', '::1', '1566899920', 5, ''),
(17, '2019-08-28', 'Mozilla/5.0 (Macintosh; Intel Mac OS X 10_14_1) AppleWebKit/537.36 (KHTML, like Gecko) Chrome/76.0.3809.100 Safari/537.36', '::1', '1567006450', 3, ''),
(18, '2019-09-03', 'Mozilla/5.0 (Macintosh; Intel Mac OS X 10_14_1) AppleWebKit/537.36 (KHTML, like Gecko) Chrome/76.0.3809.132 Safari/537.36', '::1', '1567510827', 12, ''),
(19, '2019-09-03', 'Mozilla/5.0 (Windows NT 10.0; Win64; x64) AppleWebKit/537.36 (KHTML, like Gecko) Chrome/76.0.3809.87 Safari/537.36', '::1', '1567530321', 4, ''),
(20, '2019-09-04', 'Mozilla/5.0 (Windows NT 10.0; Win64; x64) AppleWebKit/537.36 (KHTML, like Gecko) Chrome/76.0.3809.87 Safari/537.36', '::1', '1567561411', 2, ''),
(21, '2019-09-04', 'Mozilla/5.0 (Macintosh; Intel Mac OS X 10_14_1) AppleWebKit/537.36 (KHTML, like Gecko) Chrome/76.0.3809.132 Safari/537.36', '::1', '1567600030', 13, ''),
(22, '2019-09-12', 'Mozilla/5.0 (Macintosh; Intel Mac OS X 10_14_1) AppleWebKit/537.36 (KHTML, like Gecko) Chrome/76.0.3809.132 Safari/537.36', '::1', '1568295796', 13, ''),
(23, '2019-09-13', 'Mozilla/5.0 (Windows NT 6.1; Win64; x64; rv:69.0) Gecko/20100101 Firefox/69.0', '::1', '1568348701', 9, ''),
(24, '2019-10-31', 'Mozilla/5.0 (Windows NT 6.3; Win64; x64) AppleWebKit/537.36 (KHTML, like Gecko) Chrome/78.0.3904.70 Safari/537.36', '::1', '1572533848', 9, ''),
(25, '2019-11-02', 'Mozilla/5.0 (Windows NT 6.3; Win64; x64) AppleWebKit/537.36 (KHTML, like Gecko) Chrome/78.0.3904.70 Safari/537.36', '::1', '1572690041', 8, ''),
(26, '2019-11-06', 'Mozilla/5.0 (Windows NT 6.3; Win64; x64) AppleWebKit/537.36 (KHTML, like Gecko) Chrome/78.0.3904.70 Safari/537.36', '::1', '1573010282', 2, ''),
(27, '2019-11-07', 'Mozilla/5.0 (Windows NT 6.3; Win64; x64) AppleWebKit/537.36 (KHTML, like Gecko) Chrome/78.0.3904.70 Safari/537.36', '::1', '1573099241', 4, ''),
(28, '2019-11-08', 'Mozilla/5.0 (Windows NT 6.3; Win64; x64) AppleWebKit/537.36 (KHTML, like Gecko) Chrome/78.0.3904.97 Safari/537.36', '::1', '1573200502', 6, ''),
(29, '2019-11-09', 'Mozilla/5.0 (Windows NT 6.3; Win64; x64) AppleWebKit/537.36 (KHTML, like Gecko) Chrome/78.0.3904.97 Safari/537.36', '::1', '1573275508', 4, ''),
(30, '2019-11-12', 'Mozilla/5.0 (Windows NT 6.3; Win64; x64) AppleWebKit/537.36 (KHTML, like Gecko) Chrome/78.0.3904.97 Safari/537.36', '::1', '1573562252', 12, ''),
(31, '2019-11-16', 'Mozilla/5.0 (Windows NT 6.3; Win64; x64) AppleWebKit/537.36 (KHTML, like Gecko) Chrome/78.0.3904.97 Safari/537.36', '::1', '1573884879', 2, ''),
(32, '2019-11-24', 'Mozilla/5.0 (Windows NT 6.3; Win64; x64) AppleWebKit/537.36 (KHTML, like Gecko) Chrome/78.0.3904.108 Safari/537.36', '::1', '1574588662', 5, ''),
(33, '2019-11-25', 'Mozilla/5.0 (Windows NT 6.3; Win64; x64) AppleWebKit/537.36 (KHTML, like Gecko) Chrome/78.0.3904.108 Safari/537.36', '::1', '1574679459', 5, ''),
(34, '2019-11-26', 'Mozilla/5.0 (Windows NT 6.3; Win64; x64) AppleWebKit/537.36 (KHTML, like Gecko) Chrome/78.0.3904.108 Safari/537.36', '::1', '1574788399', 8, ''),
(35, '2019-11-27', 'Mozilla/5.0 (Windows NT 6.3; Win64; x64) AppleWebKit/537.36 (KHTML, like Gecko) Chrome/78.0.3904.108 Safari/537.36', '::1', '1574841509', 3, ''),
(36, '2019-11-28', 'Mozilla/5.0 (Windows NT 6.3; Win64; x64) AppleWebKit/537.36 (KHTML, like Gecko) Chrome/78.0.3904.108 Safari/537.36', '::1', '1574944658', 3, ''),
(37, '2019-11-30', 'Mozilla/5.0 (Windows NT 6.3; Win64; x64) AppleWebKit/537.36 (KHTML, like Gecko) Chrome/78.0.3904.108 Safari/537.36', '::1', '1575079213', 4, ''),
(38, '2019-12-01', 'Mozilla/5.0 (Windows NT 6.3; Win64; x64) AppleWebKit/537.36 (KHTML, like Gecko) Chrome/78.0.3904.108 Safari/537.36', '::1', '1575226834', 5, ''),
(39, '2019-12-02', 'Mozilla/5.0 (Windows NT 6.3; Win64; x64) AppleWebKit/537.36 (KHTML, like Gecko) Chrome/78.0.3904.108 Safari/537.36', '::1', '1575277235', 3, ''),
(40, '2019-12-03', 'Mozilla/5.0 (Windows NT 6.3; Win64; x64) AppleWebKit/537.36 (KHTML, like Gecko) Chrome/78.0.3904.108 Safari/537.36', '::1', '1575372276', 12, ''),
(41, '2019-12-05', 'Mozilla/5.0 (Windows NT 6.3; Win64; x64) AppleWebKit/537.36 (KHTML, like Gecko) Chrome/78.0.3904.108 Safari/537.36', '::1', '1575550407', 5, '');

-- --------------------------------------------------------

--
-- Struktur dari tabel `wali_murid`
--

CREATE TABLE `wali_murid` (
  `id` int(11) NOT NULL,
  `id_siswa` int(11) NOT NULL,
  `no_telepon` text NOT NULL,
  `alamat` text NOT NULL,
  `pekerjaan` varchar(255) NOT NULL
) ENGINE=InnoDB DEFAULT CHARSET=latin1;

-- --------------------------------------------------------

--
-- Struktur dari tabel `_account_reset`
--

CREATE TABLE `_account_reset` (
  `id_reset` int(11) NOT NULL,
  `token` varchar(255) NOT NULL,
  `id_user` int(10) NOT NULL,
  `email` varchar(99) NOT NULL,
  `created_date` datetime NOT NULL,
  `id_status` int(11) NOT NULL
) ENGINE=InnoDB DEFAULT CHARSET=latin1;

-- --------------------------------------------------------

--
-- Struktur dari tabel `_agama`
--

CREATE TABLE `_agama` (
  `kd_agama` int(11) NOT NULL,
  `agama` text NOT NULL
) ENGINE=InnoDB DEFAULT CHARSET=latin1;

--
-- Dumping data untuk tabel `_agama`
--

INSERT INTO `_agama` (`kd_agama`, `agama`) VALUES
(1, 'Islam'),
(2, 'Kristen');

-- --------------------------------------------------------

--
-- Struktur dari tabel `_display`
--

CREATE TABLE `_display` (
  `id` int(1) NOT NULL,
  `title` varchar(255) NOT NULL
) ENGINE=InnoDB DEFAULT CHARSET=latin1;

--
-- Dumping data untuk tabel `_display`
--

INSERT INTO `_display` (`id`, `title`) VALUES
(1, 'Yes'),
(2, 'No');

-- --------------------------------------------------------

--
-- Struktur dari tabel `_gender`
--

CREATE TABLE `_gender` (
  `id_gender` int(11) NOT NULL,
  `kd_gender` char(1) NOT NULL,
  `jenis_kelamin` text NOT NULL
) ENGINE=InnoDB DEFAULT CHARSET=latin1;

--
-- Dumping data untuk tabel `_gender`
--

INSERT INTO `_gender` (`id_gender`, `kd_gender`, `jenis_kelamin`) VALUES
(1, 'L', 'Laki-Laki'),
(2, 'P', 'Perempuan');

-- --------------------------------------------------------

--
-- Struktur dari tabel `_group`
--

CREATE TABLE `_group` (
  `id_group` int(11) NOT NULL,
  `nm_group` varchar(20) NOT NULL,
  `id_status` int(11) NOT NULL,
  `id_user` int(11) NOT NULL
) ENGINE=MyISAM DEFAULT CHARSET=latin1;

--
-- Dumping data untuk tabel `_group`
--

INSERT INTO `_group` (`id_group`, `nm_group`, `id_status`, `id_user`) VALUES
(1, 'Super Admin', 1, 1),
(2, 'Admin', 1, 1),
(3, 'Siswa', 1, 3),
(4, 'Walimurid', 1, 3),
(5, 'Guru', 1, 3),
(6, 'Guru BK', 1, 3),
(7, 'Tim Kurikulum', 1, 3),
(8, 'Kepala Sekolah', 1, 3);

-- --------------------------------------------------------

--
-- Struktur dari tabel `_lock`
--

CREATE TABLE `_lock` (
  `id` int(11) NOT NULL,
  `id_user` int(11) NOT NULL,
  `created_date` datetime NOT NULL,
  `ip` text NOT NULL,
  `browser` text NOT NULL
) ENGINE=InnoDB DEFAULT CHARSET=latin1;

-- --------------------------------------------------------

--
-- Struktur dari tabel `_log_keyword`
--

CREATE TABLE `_log_keyword` (
  `id_log` int(11) NOT NULL,
  `keyword` text NOT NULL,
  `created_date` datetime NOT NULL,
  `created_date_object` date NOT NULL,
  `ip` text NOT NULL,
  `browser` text NOT NULL,
  `hits` int(11) NOT NULL
) ENGINE=MyISAM DEFAULT CHARSET=latin1;

-- --------------------------------------------------------

--
-- Struktur dari tabel `_maintenance`
--

CREATE TABLE `_maintenance` (
  `id` int(11) NOT NULL,
  `title` text NOT NULL,
  `setting` text NOT NULL,
  `id_status` enum('online','offline') NOT NULL,
  `wrong_password` int(11) NOT NULL
) ENGINE=InnoDB DEFAULT CHARSET=latin1;

--
-- Dumping data untuk tabel `_maintenance`
--

INSERT INTO `_maintenance` (`id`, `title`, `setting`, `id_status`, `wrong_password`) VALUES
(1, 'Halaman Publik', '1,2,3,4,5,6,7,8,9', 'online', 10);

-- --------------------------------------------------------

--
-- Struktur dari tabel `_menu`
--

CREATE TABLE `_menu` (
  `id_menu` int(11) NOT NULL,
  `parent_id` int(11) NOT NULL,
  `menu_name` varchar(255) NOT NULL,
  `link` varchar(255) NOT NULL,
  `icon_menu` varchar(255) NOT NULL,
  `type_menu` int(255) NOT NULL,
  `_target` int(11) NOT NULL,
  `order_no` int(11) NOT NULL,
  `position` int(11) NOT NULL,
  `id_status` int(11) NOT NULL,
  `id_user` int(11) NOT NULL
) ENGINE=MyISAM DEFAULT CHARSET=latin1;

--
-- Dumping data untuk tabel `_menu`
--

INSERT INTO `_menu` (`id_menu`, `parent_id`, `menu_name`, `link`, `icon_menu`, `type_menu`, `_target`, `order_no`, `position`, `id_status`, `id_user`) VALUES
(1, 0, 'Beranda', 'home', 'fa-home', 1, 1, 1, 1, 1, 1);

-- --------------------------------------------------------

--
-- Struktur dari tabel `_menu_admin`
--

CREATE TABLE `_menu_admin` (
  `id_menu` int(11) NOT NULL,
  `parent_id` int(11) NOT NULL,
  `menu_name` varchar(255) NOT NULL,
  `link` varchar(255) NOT NULL,
  `icon_menu` varchar(255) NOT NULL,
  `type_menu` int(11) NOT NULL,
  `_target` int(255) NOT NULL,
  `order_no` int(11) NOT NULL,
  `id_group` varchar(255) NOT NULL,
  `display` int(11) NOT NULL,
  `position` int(11) NOT NULL,
  `id_status` int(11) NOT NULL,
  `id_user` int(11) NOT NULL
) ENGINE=MyISAM DEFAULT CHARSET=latin1;

--
-- Dumping data untuk tabel `_menu_admin`
--

INSERT INTO `_menu_admin` (`id_menu`, `parent_id`, `menu_name`, `link`, `icon_menu`, `type_menu`, `_target`, `order_no`, `id_group`, `display`, `position`, `id_status`, `id_user`) VALUES
(1, 0, 'Administrator', 'administrator', 'fa-bars', 1, 1, 1, '1,2,6', 2, 1, 1, 3),
(2, 0, 'Konfigurasi', '#', 'fa-cogs', 1, 1, 2, '1', 2, 1, 1, 1),
(3, 2, 'Modul Publik', 'privilege', 'fa-server', 1, 1, 2, '1', 2, 1, 1, 1),
(4, 2, 'Modul Admin', 'module', 'fa-lock', 1, 1, 3, '1', 2, 1, 1, 1),
(6, 2, 'Group', 'group', 'fa-users', 1, 1, 1, '1', 2, 1, 1, 1),
(7, 0, 'Menu Admin', '#', 'fa-th-large', 1, 1, 3, '1', 2, 1, 1, 1),
(8, 7, 'Main Menu', 'main-menu-admin', 'fa-align-left', 1, 1, 2, '1', 2, 1, 1, 1),
(9, 7, 'Top Bar', '#', 'fa-align-justify', 1, 1, 1, '1', 2, 1, 2, 1),
(10, 0, 'Menu Publik', '#', 'fa-th-large', 1, 1, 4, '1', 2, 1, 2, 1),
(11, 10, 'Main Menu', 'main-menu', 'fa-align-left', 1, 1, 2, '1', 2, 1, 1, 1),
(12, 10, 'Top Bar', '#', 'fa-align-justify', 1, 1, 1, '1', 2, 1, 2, 1),
(13, 0, 'Management User', '#', 'fa-user', 1, 1, 5, '1', 2, 1, 1, 1),
(14, 13, 'Bagian', 'instansi', 'fa-university', 1, 1, 1, '1', 2, 1, 1, 1),
(15, 13, 'User', 'user', 'fa-users', 1, 1, 2, '1', 2, 1, 1, 1),
(16, 2, 'CI Sessions', 'session-site', 'fa-archive', 1, 1, 5, '1', 2, 1, 1, 1),
(17, 0, 'Logout', 'administrator/logout', 'fa-lock', 1, 1, 9999, '1,2,3', 1, 1, 1, 1),
(22, 0, 'Tutorial', '#', 'fa-book', 1, 1, 8, '1', 2, 1, 1, 1),
(23, 22, 'Tag Kategori', 'category', 'fa-tag', 1, 1, 21, '1', 2, 1, 1, 1),
(24, 22, 'Content', 'content', 'fa-pencil', 1, 1, 22, '1', 2, 1, 1, 1),
(25, 0, 'Media Manager', 'media-manager', 'fa-box', 1, 2, 9, '1', 1, 1, 1, 1),
(37, 13, 'Block', 'user-block', 'fa-users', 1, 1, 3, '1', 2, 1, 1, 1),
(38, 0, 'Master Data', '#', 'fa-database', 1, 1, 9, '1,2,6', 2, 1, 1, 1),
(43, 38, 'Master Kelas', 'master-kelas', 'fa-th-large', 1, 1, 2, '1,2,6,7,8', 2, 1, 1, 1),
(42, 38, 'Mata Pelajaran', 'mata-pelajaran', 'fa-book', 1, 1, 3, '1,2,6,7', 2, 1, 1, 1),
(44, 0, 'Siswa', '#', 'fa-users', 1, 1, 10, '1,2,6,7,8', 2, 1, 1, 1),
(45, 44, 'Biodata', 'biodata-siswa', 'fa-info', 1, 1, 1, '1,2,6,7,8', 2, 1, 1, 1),
(46, 0, 'Layanan Terpadu', '#', 'fa-cog', 1, 1, 11, '1,2,3,4,5,6,7,8', 2, 1, 1, 1),
(47, 46, 'Bimbingan Konseling', 'bimbingan-konseling', 'fa-hand-holding-heart', 1, 1, 1, '1,2,6', 2, 1, 1, 1),
(48, 0, 'Guru', '#', 'fa-address-card', 1, 1, 12, '1,2,6', 2, 1, 1, 1),
(49, 48, 'Biodata', 'biodata-guru', 'fa-info', 1, 1, 1, '1,2,6', 2, 1, 1, 1),
(50, 46, 'Legalisir Ijazah', 'legalisir-ijazah', 'fa-gavel', 1, 1, 2, '1,2,3,7', 2, 1, 1, 1),
(51, 46, 'Izin Online', 'izin-online', 'fa-envelope', 1, 1, 3, '1,2,3,4,5', 2, 1, 1, 1),
(52, 46, 'Izin Kepala Sekolah', 'izin-kepala-sekolah', 'fa-envelope', 1, 1, 4, '1,2,3,6', 2, 1, 1, 1),
(53, 46, 'Izin Tata Usaha', 'izin-tata-usaha', 'fa-envelope', 1, 1, 5, '1,2,3,6', 2, 1, 1, 1),
(54, 46, 'Pembayaran SPP Sekolah', 'pembayaran-spp', 'fa-gavel', 1, 1, 6, '1,2,3,4,5,6', 2, 1, 1, 1),
(55, 46, 'Kartu Ujian Siswa', 'kartu-ujian', 'fa-gavel', 1, 1, 8, '1,2,3,5,7', 2, 1, 1, 1),
(56, 46, 'Pembayaran SPP Kelas', 'pembayaran-spp-kelas', 'fa-gavel', 1, 1, 7, '1,2,5,6', 2, 1, 1, 1),
(57, 0, 'Tahun Ajaran', 'tahun-ajaran', 'fa-envelope', 1, 1, 13, '1,2,3,4,5,6,7,8', 2, 1, 1, 1);

-- --------------------------------------------------------

--
-- Struktur dari tabel `_module`
--

CREATE TABLE `_module` (
  `id_module` int(11) NOT NULL,
  `parent_id` int(11) NOT NULL,
  `module_name` varchar(255) NOT NULL,
  `_controller` varchar(255) NOT NULL,
  `_function` varchar(255) NOT NULL,
  `id_group` varchar(11) NOT NULL,
  `order_no` int(11) NOT NULL,
  `id_status` int(11) NOT NULL,
  `id_user` int(11) NOT NULL
) ENGINE=MyISAM DEFAULT CHARSET=latin1;

--
-- Dumping data untuk tabel `_module`
--

INSERT INTO `_module` (`id_module`, `parent_id`, `module_name`, `_controller`, `_function`, `id_group`, `order_no`, `id_status`, `id_user`) VALUES
(1, 0, 'Dashboard', 'administrator', 'index', '1,2,3,6,7', 1, 1, 3),
(2, 1, 'Logout', 'administrator', 'logout', '1,2,3', 2, 1, 1),
(3, 1, 'Change Password', 'administrator', 'change_password', '1,2,3', 3, 1, 1),
(4, 1, 'Change Password Save', 'administrator', 'save_password', '1,2,3', 4, 1, 1),
(5, 1, 'Edit Profile', 'administrator', 'edit_profile', '1,2,3', 5, 1, 1),
(6, 1, 'Update Profile', 'administrator', 'update_profile', '1,2,3', 1, 1, 1),
(7, 0, 'Group (index)', 'group', 'index', '1,2', 2, 1, 1),
(8, 7, 'Group (edit)', 'group', 'edit', '1,2', 2, 1, 1),
(9, 7, 'Group (add)', 'group', 'add', '1,2', 1, 1, 1),
(10, 7, 'Group (delete)', 'group', 'delete', '1,2', 3, 1, 1),
(11, 0, 'Privilege (index)', 'privilege', 'index', '1', 3, 1, 1),
(12, 11, 'Privilege (add)', 'privilege', 'add', '1', 1, 1, 1),
(13, 11, 'Privilege (edit)', 'privilege', 'edit', '1', 2, 1, 1),
(14, 11, 'Privilege (delete)', 'privilege', 'delete', '1', 3, 1, 1),
(15, 0, 'Module (index)', 'module', 'index', '1', 4, 1, 1),
(16, 15, 'Module (add)', 'module', 'add', '1', 1, 1, 1),
(20, 15, 'Module (Edit)', 'module', 'edit', '1', 3, 1, 1),
(19, 18, 'sub', '', '', '1', 1, 1, 1),
(21, 0, 'Maintenance', 'maintenance', 'index', '1', 5, 1, 1),
(22, 0, 'Session (index)', 'session_site', 'index', '1', 6, 1, 1),
(23, 22, 'Session (search)', 'session_site', 'search', '1', 1, 1, 1),
(24, 15, 'Module (search)', 'module', 'search', '1', 4, 1, 1),
(25, 11, 'Privilege (search)', 'privilege', 'search', '1', 4, 1, 1),
(26, 7, 'Group (search)', 'group', 'search', '1,2', 4, 1, 1),
(27, 22, 'Session (delete)', 'session_site', 'delete', '1', 2, 1, 1),
(28, 0, 'Main Menu Admin (index)', 'main_menu_admin', 'index', '1', 7, 1, 1),
(29, 28, 'Main Menu Admin (search)', 'main_menu_admin', 'search', '1', 1, 1, 1),
(30, 28, 'Main Menu Admin (Add)', 'main_menu_admin', 'add', '1', 2, 1, 1),
(31, 28, 'Main Menu Admin (edit)', 'main_menu_admin', 'edit', '1', 3, 1, 1),
(32, 28, 'Main Menu Admin (Delete)', 'main_menu_admin', 'delete', '1', 4, 1, 1),
(33, 0, 'Main Menu Publik (index)', 'main_menu', 'index', '1', 8, 1, 1),
(34, 33, 'Main Menu Publik (search)', 'main_menu', 'search', '1', 1, 1, 1),
(35, 33, 'Main Menu Publik (Add)', 'main_menu', 'add', '1', 2, 1, 1),
(36, 33, 'Main Menu Publik (edit)', 'main_menu', 'edit', '1', 3, 1, 1),
(37, 33, 'Main Menu Publik (delete)', 'main_menu', 'delete', '1', 4, 1, 1),
(38, 0, 'Instansi (index)', 'instansi', 'index', '1', 9, 1, 1),
(39, 38, 'Instansi (search)', 'instansi', 'search', '1', 1, 1, 1),
(40, 38, 'Instansi (add)', 'instansi', 'add', '1', 2, 1, 1),
(41, 38, 'Instansi (edit)', 'instansi', 'edit', '1', 3, 1, 1),
(42, 38, 'Instansi (delete)', 'instansi', 'delete', '1', 4, 1, 1),
(43, 0, 'User (index)', 'user', 'index', '1,2', 10, 1, 1),
(44, 43, 'User (search)', 'user', 'search', '1,2', 1, 1, 1),
(45, 43, 'User (add)', 'user', 'add', '1', 2, 1, 1),
(55, 43, 'User (edit)', 'user', 'edit', '1,2', 3, 1, 1),
(56, 43, 'User (delete)', 'user', 'delete', '1,2', 4, 1, 1),
(63, 0, 'Kategori (index)', 'category', 'index', '1,2', 15, 1, 1),
(64, 63, 'Kategori (search)', 'category', 'search', '1,2', 1, 1, 1),
(65, 63, 'Kategori (add)', 'category', 'add', '1,2', 2, 1, 1),
(66, 63, 'Kategori (edit)', 'category', 'edit', '1,2', 3, 1, 1),
(67, 63, 'Kategori (delete)', 'category', 'delete', '1,2', 4, 1, 1),
(68, 0, 'Konten (index)', 'content', 'index', '1,2', 16, 1, 1),
(69, 68, 'Konten (search)', 'content', 'search', '1,2', 1, 1, 1),
(70, 68, 'Konten (add)', 'content', 'add', '1,2', 2, 1, 1),
(71, 0, 'Media Upload (Full User)', 'media_upload', 'index', '1,2', 17, 1, 1),
(72, 71, 'Media Upload (Full User)', 'media_upload', 'elfinder_connector', '1,2', 1, 1, 1),
(73, 0, 'Media Manager', 'media_manager', 'index', '1,2', 18, 1, 1),
(74, 73, 'Media Manager', 'media_manager', 'elfinder_connector', '1,2', 1, 1, 1),
(75, 68, 'Konten (delete)', 'content', 'delete', '1,2', 3, 1, 1),
(76, 68, 'Konten (delete gambar)', 'content', 'gambar', '1,2', 4, 1, 1),
(77, 68, 'Konten (edit)', 'content', 'edit', '1,2', 5, 1, 1),
(78, 0, 'User Block', 'user_block', 'index', '1', 19, 1, 1),
(79, 0, 'Supir (index)', 'supir', 'index', '1,2', 16, 1, 1),
(80, 79, 'Supir (save)', 'supir', 'save', '1,2', 1, 1, 1),
(81, 79, 'Supir (delete)', 'supir', 'delete', '1,2', 5, 1, 1),
(82, 79, 'Supir (list)', 'supir', 'list', '1,2', 3, 1, 1),
(83, 79, 'Supir (edit)', 'supir', 'edit', '1,2', 4, 1, 1),
(84, 79, 'Supir (Get Supir)', 'supir', 'get_supir', '1,2', 5, 1, 1),
(85, 0, 'Mobil (index)', 'mobil', 'index', '1,2', 17, 1, 1),
(86, 85, 'Mobil (get_mobil)', 'mobil', 'get_mobil', '1,2', 1, 1, 1),
(87, 85, 'Mobil (edit)', 'mobil', 'edit', '1,2', 2, 1, 1),
(88, 85, 'Mobil (list)', 'mobil', 'list', '1,2', 3, 1, 1),
(89, 85, 'Mobil (delete)', 'mobil', 'delete', '1,2', 4, 1, 1),
(90, 85, 'Mobil (save)', 'mobil', 'save', '1,2', 5, 1, 1),
(91, 0, 'Mata Pelajaran (index)', 'Mata_pelajaran', 'index', '1,2,6', 18, 1, 1),
(92, 91, 'Mata Pelajaran (add)', 'Mata_pelajaran', 'add', '1,2,6,7', 1, 1, 1),
(93, 91, 'Mata Pelajaran (delete)', 'Mata_pelajaran', 'delete', '1,2,6,7', 2, 1, 1),
(94, 91, 'Mata Pelajaran (edit)', 'Mata_pelajaran', 'edit', '1,2,6,7', 3, 1, 1),
(95, 0, 'Master Kelas (index)', 'Master_kelas', 'index', '1,2,6,7,8', 19, 1, 1),
(96, 95, 'Mata Pelajaran (add)', 'Master_kelas', 'add', '1,2,6,7,8', 1, 1, 1),
(97, 95, 'Mata Pelajaran (delete)', 'Master_kelas', 'delete', '1,2,6,7,8', 2, 1, 1),
(98, 95, 'Mata Pelajaran (edit)', 'Master_kelas', 'edit', '1,2,6,7,8', 3, 1, 1),
(99, 0, 'Biodata Siswa', 'biodata_siswa', 'index', '1,2,6,7,8', 20, 1, 1),
(100, 99, 'Siswa', 'biodata_siswa', 'search', '1,2,6,7,8', 1, 1, 1),
(101, 99, 'Siswa', 'biodata_siswa', 'add', '1,2,6,7,8', 2, 1, 1),
(102, 0, 'Bimbingan Konseling (index)', 'bimbingan_konseling', 'index', '1,2,6', 21, 1, 3),
(103, 102, 'Bimbingan Konseling (add)', 'bimbingan_konseling', 'add', '1,6', 1, 1, 3),
(104, 102, 'Bimbingan Konseling (ajax autocomplete)', 'bimbingan_konseling', 'cari_siswa', '1,6', 2, 1, 3),
(105, 99, 'Siswa', 'biodata_siswa', 'edit', '1,2,6,7,8', 3, 1, 1),
(106, 99, 'siswa', 'biodata_siswa', 'gambar', '1,2,6,7,8', 4, 1, 1),
(107, 0, 'Biodata Guru', 'biodata_guru', 'index', '1,2,6', 22, 1, 1),
(108, 107, 'Biodata Guru', 'biodata_guru', 'search', '1,2,6', 1, 1, 1),
(109, 107, 'Biodata Guru', 'biodata_guru', 'add', '1,2,6', 2, 1, 1),
(110, 107, 'Biodata Guru', 'biodata_guru', 'edit', '1,2,6', 3, 1, 1),
(113, 102, 'Bimbingan Konseling (edit)', 'bimbingan_konseling', 'edit', '1,2,6', 3, 1, 1),
(112, 15, 'Module (delete)', 'module', 'delete', '1', 4, 1, 1),
(114, 102, 'Bimbingan Konseling (delete)', 'bimbingan_konseling', 'delete', '1,2,6', 4, 1, 1),
(115, 0, 'Legalisir Ijazah (index)', 'legalisir_ijazah', 'index', '1,2,3,7', 23, 1, 1),
(116, 115, 'Legalisir Ijazah (add)', 'legalisir_ijazah', 'add', '1,2,3,7', 1, 1, 1),
(117, 115, 'Legalisir Ijazah (edit)', 'legalisir_ijazah', 'edit', '1,2,3,7', 2, 1, 1),
(118, 115, 'Legalisir Ijazah (delete)', 'legalisir_ijazah', 'delete', '1,2,3,7', 3, 1, 1),
(119, 115, 'Legalisir Ijazah (ajax auto complete)', 'legalisir_ijazah', 'cari_siswa', '1,2,3,7', 4, 1, 1),
(120, 0, 'Izin Online', 'izin_online', 'index', '1,2,3,4,5', 24, 1, 1),
(121, 120, 'Izin Online (add)', 'izin_online', 'add', '1,2,3,4,5', 1, 1, 1),
(122, 120, 'Izin Online (edit)', 'izin_online', 'edit', '1,2,3,4,5', 2, 1, 1),
(123, 120, 'Izin Online (delete)', 'izin_online', 'delete', '1,2,3,4,5', 3, 1, 1),
(124, 120, 'Izin Online (cari siswa)', 'izin_online', 'cari_siswa', '1,2,3,4,5', 4, 1, 1),
(125, 0, 'Izin Kepala Sekolah', 'izin_kepala_sekolah', 'index', '1,2,3,5,8', 25, 1, 1),
(126, 125, 'Izin Kepala Sekolah (add)', 'izin_kepala_sekolah', 'add', '1,2,3,5,8', 1, 1, 1),
(127, 125, 'Izin Kepala Sekolah (edit)', 'izin_kepala_sekolah', 'edit', '1,2,3,5,8', 2, 1, 1),
(128, 125, 'Izin Kepala Sekolah (delete)', 'izin_kepala_sekolah', 'delete', '1,2,3,5,8', 3, 1, 1),
(129, 125, 'Izin Kepala Sekolah (cari siswa)', 'izin_kepala_sekolah', 'cari_siswa', '1,2,3,5,8', 4, 1, 1),
(130, 0, 'Izin Tata Usaha', 'izin_tata_usaha', 'index', '1,2,3,6', 26, 1, 1),
(131, 130, 'Izin Tata Usaha (add)', 'izin_tata_usaha', 'add', '1,2,3,5', 1, 1, 1),
(132, 130, 'Izin Tata Usaha (edit)', 'izin_tata_usaha', 'edit', '1,2,3,6', 2, 1, 1),
(133, 130, 'Izin Tata Usaha (delete)', 'izin_tata_usaha', 'delete', '1,2,3,6', 3, 1, 1),
(134, 130, 'Izin Tata Usaha (cari siswa)', 'izin_tata_usaha', 'cari_siswa', '1,2,3,6', 4, 1, 1),
(135, 0, 'Pembayaran SPP Sekolah', 'pembayaran_spp', 'index', '1,2,3,4,5', 27, 1, 1),
(136, 135, 'Pembayaran SPP Sekolah (add)', 'pembayaran_spp', 'add', '1,2,3,4,5', 1, 1, 1),
(137, 135, 'Pembayaran SPP Sekolah (edit)', 'pembayaran_spp', 'edit', '1,2,3,4,5', 2, 1, 1),
(138, 135, 'Pembayaran SPP Sekolah (delete)', 'pembayaran_spp', 'delete', '1,2,3,4,5', 3, 1, 1),
(139, 135, 'Pembayaran SPP Sekolah (cari siswa)', 'pembayaran_spp', 'cari_siswa', '1,2,3,4,5', 4, 1, 1),
(140, 115, 'Izin Legalisir (get autocomplete)', 'legalisir_ijazah', 'get_autocomplete', '1,2,3,4,5,7', 5, 1, 1),
(141, 120, 'Izin Online (get autocomplete)', 'izin_online', 'get_autocomplete', '1,2,3,4,6', 5, 1, 1),
(142, 135, 'Pembayaran SPP Sekolah (get autocomplete)', 'pembayaran_spp', 'get_autocomplete', '1,2,3,4,5,6', 5, 1, 1),
(143, 0, 'Pembayaran SPP Kelas', 'pembayaran_spp_kelas', 'index', '1,2,3,4,6', 28, 1, 1),
(144, 143, 'Pembayaran SPP Kelas (add)', 'pembayaran_spp_kelas', 'add', '1,2,3,4,6', 1, 1, 1),
(145, 143, 'Pembayaran SPP Kelas (delete)', 'pembayaran_spp_kelas', 'delete', '1,2,3,4,6', 2, 1, 1),
(146, 143, 'Pembayaran SPP Kelas (edit)', 'pembayaran_spp_kelas', 'edit', '1,2,3,4,6', 3, 1, 1),
(147, 143, 'Pembayaran SPP Kelas (cari siswa)', 'pembayaran_spp_kelas', 'cari_siswa', '1,2,3,4,6', 4, 1, 1),
(148, 143, 'Pembayaran SPP Kelas (get autocomplete)', 'pembayaran_spp_kelas', 'get_autocomplete', '1,2,3,4,6', 5, 1, 1),
(149, 0, 'Kartu Ujian Siswa', 'kartu_ujian', 'index', '1,2,3,4,5,6', 29, 1, 1),
(150, 149, 'Kartu Ujian Siswa (get autocomplete)', 'kartu_ujian', 'get_autocomplete', '1,2,3,4,5,6', 1, 1, 1),
(151, 149, 'Kartu Ujian Siswa', 'kartu_ujian', 'detail', '1,2,3,4,6', 2, 1, 1),
(152, 0, 'Tahun Ajaran', 'tahun_ajaran', 'index', '1,2,3,4,5,6', 30, 1, 1),
(153, 152, 'Tahun Ajaran', 'tahun_ajaran', 'add', '1,2,3,4,5,6', 1, 1, 1),
(154, 152, 'Tahun Ajaran', 'tahun_ajaran', 'edit', '1,2,3,4,5,6', 2, 1, 1),
(155, 152, 'Tahun Ajaran', 'tahun_ajaran', 'delete', '1,2,3,4,5,6', 3, 1, 1),
(156, 149, 'Kartu Ujian Siswa', 'kartu_ujian', 'cetak', '1,2,3,4,5,6', 3, 1, 1);

-- --------------------------------------------------------

--
-- Struktur dari tabel `_position_menu`
--

CREATE TABLE `_position_menu` (
  `id` int(11) NOT NULL,
  `title` text NOT NULL,
  `id_status` int(11) NOT NULL
) ENGINE=InnoDB DEFAULT CHARSET=latin1;

--
-- Dumping data untuk tabel `_position_menu`
--

INSERT INTO `_position_menu` (`id`, `title`, `id_status`) VALUES
(1, 'Main Menu', 1),
(2, 'sidebar', 1);

-- --------------------------------------------------------

--
-- Struktur dari tabel `_session`
--

CREATE TABLE `_session` (
  `id_session` int(11) NOT NULL,
  `id_user` int(11) NOT NULL,
  `username` varchar(20) NOT NULL,
  `session_value` varchar(255) NOT NULL,
  `session_date` datetime NOT NULL,
  `ip` text NOT NULL,
  `browser` text NOT NULL,
  `id_status` char(1) NOT NULL
) ENGINE=MyISAM DEFAULT CHARSET=latin1;

--
-- Dumping data untuk tabel `_session`
--

INSERT INTO `_session` (`id_session`, `id_user`, `username`, `session_value`, `session_date`, `ip`, `browser`, `id_status`) VALUES
(1, 1, 'beye', '5a5cede07883b74f7478eef8f0cd6bc8', '2019-07-15 08:19:14', '::1', 'Mozilla/5.0 (Windows NT 6.1; Win64; x64; rv:68.0) Gecko/20100101 Firefox/68.0', '2'),
(2, 1, 'beye', '9f9e22b6b0f04bf84ef5fb6e9ac9216b', '2019-07-15 11:24:45', '::1', 'Mozilla/5.0 (Windows NT 6.1; Win64; x64; rv:68.0) Gecko/20100101 Firefox/68.0', '2'),
(3, 1, 'beye', '4ae1efc0b81b1c31f363f001a6457c12', '2019-07-15 12:39:52', '::1', 'Mozilla/5.0 (Windows NT 6.1; Win64; x64; rv:68.0) Gecko/20100101 Firefox/68.0', '2'),
(4, 2, 'admin1', '8b65a27e56ff8b00172570d655d950d5', '2019-07-15 16:15:58', '::1', 'Mozilla/5.0 (Windows NT 6.1; Win64; x64; rv:68.0) Gecko/20100101 Firefox/68.0', '1'),
(5, 1, 'beye', '2f13888c4a96b544d3383bd0ecb1188d', '2019-07-15 20:42:22', '::1', 'Mozilla/5.0 (Macintosh; Intel Mac OS X 10_14_1) AppleWebKit/537.36 (KHTML, like Gecko) Chrome/75.0.3770.100 Safari/537.36', '2'),
(6, 1, 'beye', '53298506431d7a2c7c1ccd6f4fae6335', '2019-07-16 15:37:07', '::1', 'Mozilla/5.0 (Macintosh; Intel Mac OS X 10_14_1) AppleWebKit/537.36 (KHTML, like Gecko) Chrome/75.0.3770.100 Safari/537.36', '2'),
(7, 1, 'beye', '38b10affb470d9db193ea2f58a3f372e', '2019-07-16 19:49:19', '::1', 'Mozilla/5.0 (Macintosh; Intel Mac OS X 10_14_1) AppleWebKit/537.36 (KHTML, like Gecko) Chrome/75.0.3770.142 Safari/537.36', '2'),
(8, 1, 'beye', 'f3d6d034e21cd83448985a15c72f126a', '2019-07-17 08:15:48', '::1', 'Mozilla/5.0 (Macintosh; Intel Mac OS X 10_14_1) AppleWebKit/605.1.15 (KHTML, like Gecko) Version/12.0.1 Safari/605.1.15', '2'),
(9, 1, 'beye', 'a0b4d8ff43dbf86058b7fc20bdc0ecf5', '2019-07-17 08:16:26', '::1', 'Mozilla/5.0 (Macintosh; Intel Mac OS X 10_14_1) AppleWebKit/537.36 (KHTML, like Gecko) Chrome/75.0.3770.142 Safari/537.36', '2'),
(10, 1, 'beye', 'd330aa96fb28b868c9e85da150b2e424', '2019-07-17 14:57:58', '::1', 'Mozilla/5.0 (Macintosh; Intel Mac OS X 10_14_1) AppleWebKit/537.36 (KHTML, like Gecko) Chrome/75.0.3770.142 Safari/537.36', '2'),
(11, 1, 'beye', '9d0d3fc06fda8424b3cccb45b6f17336', '2019-08-06 11:30:32', '::1', 'Mozilla/5.0 (Macintosh; Intel Mac OS X 10_14_1) AppleWebKit/537.36 (KHTML, like Gecko) Chrome/75.0.3770.142 Safari/537.36', '2'),
(12, 1, 'beye', 'd61fdf3e9db8f9f862a98a7d90c4b538', '2019-08-12 18:09:44', '::1', 'Mozilla/5.0 (Macintosh; Intel Mac OS X 10_14_1) AppleWebKit/537.36 (KHTML, like Gecko) Chrome/76.0.3809.100 Safari/537.36', '2'),
(13, 1, 'beye', '5e4e1f2702b65753b32ddd9f02e617e5', '2019-08-13 09:57:53', '::1', 'Mozilla/5.0 (Macintosh; Intel Mac OS X 10_14_1) AppleWebKit/537.36 (KHTML, like Gecko) Chrome/76.0.3809.100 Safari/537.36', '2'),
(14, 1, 'beye', '490c0951b8319b89b3e0d4356b66577a', '2019-08-13 10:30:17', '::1', 'Mozilla/5.0 (Macintosh; Intel Mac OS X 10_14_1) AppleWebKit/537.36 (KHTML, like Gecko) Chrome/76.0.3809.100 Safari/537.36', '2'),
(15, 1, 'beye', '949102b34021aca0f72cbd70a119e012', '2019-08-13 10:31:24', '::1', 'Mozilla/5.0 (Macintosh; Intel Mac OS X 10_14_1) AppleWebKit/537.36 (KHTML, like Gecko) Chrome/76.0.3809.100 Safari/537.36', '2'),
(16, 1, 'beye', '849a229d1641575804579b0e234ce506', '2019-08-13 10:32:05', '::1', 'Mozilla/5.0 (Macintosh; Intel Mac OS X 10_14_1) AppleWebKit/537.36 (KHTML, like Gecko) Chrome/76.0.3809.100 Safari/537.36', '2'),
(17, 1, 'beye', '9b6328ca1a89876dfc4f5a8248f957c6', '2019-08-13 10:36:55', '::1', 'Mozilla/5.0 (Macintosh; Intel Mac OS X 10_14_1) AppleWebKit/537.36 (KHTML, like Gecko) Chrome/76.0.3809.100 Safari/537.36', '2'),
(18, 3, 'dhanidwiputra', '11c5d2947d6440bd63d08dfcdbf3713a', '2019-08-13 10:39:23', '::1', 'Mozilla/5.0 (Macintosh; Intel Mac OS X 10_14_1) AppleWebKit/537.36 (KHTML, like Gecko) Chrome/76.0.3809.100 Safari/537.36', '2'),
(19, 3, 'dhanidwiputra', '689803dcf509848b9ace0b3a51bdc590', '2019-08-13 10:40:06', '::1', 'Mozilla/5.0 (Macintosh; Intel Mac OS X 10_14_1) AppleWebKit/537.36 (KHTML, like Gecko) Chrome/76.0.3809.100 Safari/537.36', '2'),
(20, 3, 'dhanidwiputra', 'bddfae5cf3eb9f21231bf57fdb0aab9d', '2019-08-13 10:43:51', '::1', 'Mozilla/5.0 (Macintosh; Intel Mac OS X 10_14_1) AppleWebKit/537.36 (KHTML, like Gecko) Chrome/76.0.3809.100 Safari/537.36', '2'),
(21, 3, 'dhanidwiputra', '43593682859e9a40074a0863dd55ba66', '2019-08-13 15:17:33', '::1', 'Mozilla/5.0 (Macintosh; Intel Mac OS X 10_14_1) AppleWebKit/537.36 (KHTML, like Gecko) Chrome/76.0.3809.100 Safari/537.36', '2'),
(22, 3, 'dhanidwiputra', '34ddb7a9eb694fa2e7b0598f47e6b4e4', '2019-08-13 15:17:47', '::1', 'Mozilla/5.0 (Macintosh; Intel Mac OS X 10_14_1) AppleWebKit/537.36 (KHTML, like Gecko) Chrome/76.0.3809.100 Safari/537.36', '2'),
(23, 3, 'dhanidwiputra', 'c85f1708ce1d6be7ffe7eae288a99bf8', '2019-08-13 21:21:36', '::1', 'Mozilla/5.0 (Macintosh; Intel Mac OS X 10_14_1) AppleWebKit/537.36 (KHTML, like Gecko) Chrome/76.0.3809.100 Safari/537.36', '2'),
(24, 1, 'beye', 'fed87f1258d262ee7f21f28355e85eaf', '2019-08-13 22:56:33', '::1', 'Mozilla/5.0 (Macintosh; Intel Mac OS X 10_14_1) AppleWebKit/537.36 (KHTML, like Gecko) Chrome/76.0.3809.100 Safari/537.36', '2'),
(25, 3, 'dhanidwiputra', '13e45f9bbc8643cc8b147d2c4afc54d3', '2019-08-14 12:35:23', '::1', 'Mozilla/5.0 (Macintosh; Intel Mac OS X 10_14_1) AppleWebKit/537.36 (KHTML, like Gecko) Chrome/76.0.3809.100 Safari/537.36', '2'),
(26, 3, 'dhanidwiputra', 'b5b050f35612193e3c34032ffce7b8ad', '2019-08-14 23:50:09', '::1', 'Mozilla/5.0 (Macintosh; Intel Mac OS X 10_14_1) AppleWebKit/537.36 (KHTML, like Gecko) Chrome/76.0.3809.100 Safari/537.36', '2'),
(27, 3, 'dhanidwiputra', 'a74e92ba881493bb29a7495f121662b8', '2019-08-15 09:02:10', '::1', 'Mozilla/5.0 (Macintosh; Intel Mac OS X 10_14_1) AppleWebKit/537.36 (KHTML, like Gecko) Chrome/76.0.3809.100 Safari/537.36', '2'),
(28, 3, 'dhanidwiputra', '7ddb5987950503d7504993b1679bd2c0', '2019-08-23 09:40:02', '::1', 'Mozilla/5.0 (Macintosh; Intel Mac OS X 10_14_1) AppleWebKit/537.36 (KHTML, like Gecko) Chrome/76.0.3809.100 Safari/537.36', '2'),
(29, 3, 'dhanidwiputra', '8f554b5529dfccee6dc9d1d5264f1dfd', '2019-08-24 12:16:46', '::1', 'Mozilla/5.0 (Macintosh; Intel Mac OS X 10_14_1) AppleWebKit/537.36 (KHTML, like Gecko) Chrome/76.0.3809.100 Safari/537.36', '2'),
(30, 3, 'dhanidwiputra', 'be6fe8fdd3bccd973ef4141c1c69e124', '2019-08-26 20:52:15', '::1', 'Mozilla/5.0 (Macintosh; Intel Mac OS X 10_14_1) AppleWebKit/537.36 (KHTML, like Gecko) Chrome/76.0.3809.100 Safari/537.36', '2'),
(31, 3, 'dhanidwiputra', 'a480cad52517a8f99b98b9eb9563aae5', '2019-08-27 08:22:06', '::1', 'Mozilla/5.0 (Macintosh; Intel Mac OS X 10_14_1) AppleWebKit/537.36 (KHTML, like Gecko) Chrome/76.0.3809.100 Safari/537.36', '2'),
(32, 3, 'dhanidwiputra', 'ccbb2ad33399bd6cf6a9980d46767d07', '2019-08-27 16:58:40', '::1', 'Mozilla/5.0 (Macintosh; Intel Mac OS X 10_14_1) AppleWebKit/537.36 (KHTML, like Gecko) Chrome/76.0.3809.100 Safari/537.36', '2'),
(33, 3, 'dhanidwiputra', '84637255f707f3e6ecc7ea8227e88e20', '2019-08-28 21:10:16', '::1', 'Mozilla/5.0 (Macintosh; Intel Mac OS X 10_14_1) AppleWebKit/537.36 (KHTML, like Gecko) Chrome/76.0.3809.100 Safari/537.36', '2'),
(34, 1, 'beye', '1c6137180549ccf87c5106306726f9bc', '2019-09-03 19:38:03', '::1', 'Mozilla/5.0 (Windows NT 10.0; Win64; x64) AppleWebKit/537.36 (KHTML, like Gecko) Chrome/76.0.3809.87 Safari/537.36', '2'),
(35, 1, 'beye', 'e18a08a21b4b040c05bdbfddd84f24ca', '2019-09-04 08:43:31', '::1', 'Mozilla/5.0 (Windows NT 10.0; Win64; x64) AppleWebKit/537.36 (KHTML, like Gecko) Chrome/76.0.3809.87 Safari/537.36', '2'),
(36, 3, 'dhanidwiputra', 'e650558307c35c1cbb3c438f844413fc', '2019-09-04 16:22:32', '::1', 'Mozilla/5.0 (Macintosh; Intel Mac OS X 10_14_1) AppleWebKit/537.36 (KHTML, like Gecko) Chrome/76.0.3809.132 Safari/537.36', '2'),
(37, 3, 'dhanidwiputra', '2f664e8781d8a6a3ff27c2fb0635d080', '2019-09-04 19:22:45', '::1', 'Mozilla/5.0 (Macintosh; Intel Mac OS X 10_14_1) AppleWebKit/537.36 (KHTML, like Gecko) Chrome/76.0.3809.132 Safari/537.36', '2'),
(38, 4, 'fahmi', '1e4a79394148fbe63dcf8cdbb8f78c51', '2019-09-04 19:25:57', '::1', 'Mozilla/5.0 (Macintosh; Intel Mac OS X 10_14_1) AppleWebKit/537.36 (KHTML, like Gecko) Chrome/76.0.3809.132 Safari/537.36', '2'),
(39, 3, 'dhanidwiputra', '710830bd646ec763b708ad6b42d6319b', '2019-09-12 08:08:53', '::1', 'Mozilla/5.0 (Macintosh; Intel Mac OS X 10_14_1) AppleWebKit/537.36 (KHTML, like Gecko) Chrome/76.0.3809.132 Safari/537.36', '2'),
(40, 4, 'fahmi', '7826ea44027b6871f7694ab4c5f3928d', '2019-09-12 08:52:11', '::1', 'Mozilla/5.0 (Macintosh; Intel Mac OS X 10_14_1) AppleWebKit/537.36 (KHTML, like Gecko) Chrome/76.0.3809.132 Safari/537.36', '1'),
(41, 3, 'dhanidwiputra', '1ac89ac2dc81dbefe3a1316c1f86014f', '2019-09-12 20:43:16', '::1', 'Mozilla/5.0 (Macintosh; Intel Mac OS X 10_14_1) AppleWebKit/537.36 (KHTML, like Gecko) Chrome/76.0.3809.132 Safari/537.36', '1'),
(42, 1, 'beye', '32c28c797386bdce548ec19cee8f5c45', '2019-09-13 08:26:51', '::1', 'Mozilla/5.0 (Windows NT 6.1; Win64; x64; rv:69.0) Gecko/20100101 Firefox/69.0', '2'),
(43, 1, 'beye', '7a0e9b7a674d001e29a409a6f56a95b0', '2019-10-31 10:39:59', '::1', 'Mozilla/5.0 (Windows NT 6.3; Win64; x64) AppleWebKit/537.36 (KHTML, like Gecko) Chrome/78.0.3904.70 Safari/537.36', '2'),
(44, 1, 'beye', 'ba478fcc7ad5842e87b86c2d3b393418', '2019-10-31 17:46:02', '::1', 'Mozilla/5.0 (Windows NT 6.3; Win64; x64) AppleWebKit/537.36 (KHTML, like Gecko) Chrome/78.0.3904.70 Safari/537.36', '2'),
(45, 1, 'beye', 'a63f580f2b62b89cfbfe325d9d1344b7', '2019-11-02 16:41:38', '::1', 'Mozilla/5.0 (Windows NT 6.3; Win64; x64) AppleWebKit/537.36 (KHTML, like Gecko) Chrome/78.0.3904.70 Safari/537.36', '2'),
(46, 1, 'beye', '5fb707c299113dc10668885df2b57c87', '2019-11-06 10:18:02', '::1', 'Mozilla/5.0 (Windows NT 6.3; Win64; x64) AppleWebKit/537.36 (KHTML, like Gecko) Chrome/78.0.3904.70 Safari/537.36', '2'),
(47, 1, 'beye', '02f71a19be6d5f4066324bfc1807ec41', '2019-11-07 10:04:43', '::1', 'Mozilla/5.0 (Windows NT 6.3; Win64; x64) AppleWebKit/537.36 (KHTML, like Gecko) Chrome/78.0.3904.70 Safari/537.36', '2'),
(48, 1, 'beye', '2899c6e01f0847a362aed15d1a73d876', '2019-11-08 15:04:47', '::1', 'Mozilla/5.0 (Windows NT 6.3; Win64; x64) AppleWebKit/537.36 (KHTML, like Gecko) Chrome/78.0.3904.97 Safari/537.36', '2'),
(49, 1, 'beye', '982d662eef1a27e909fcefbb67ccb49a', '2019-11-09 10:29:34', '::1', 'Mozilla/5.0 (Windows NT 6.3; Win64; x64) AppleWebKit/537.36 (KHTML, like Gecko) Chrome/78.0.3904.97 Safari/537.36', '2'),
(50, 1, 'beye', 'a6452d2af5cbcdd5f5055d5db1ec9769', '2019-11-12 10:29:05', '::1', 'Mozilla/5.0 (Windows NT 6.3; Win64; x64) AppleWebKit/537.36 (KHTML, like Gecko) Chrome/78.0.3904.97 Safari/537.36', '2'),
(51, 1, 'beye', '0a14d0e8a3d158818052ecfaf331a8f0', '2019-11-12 14:56:39', '::1', 'Mozilla/5.0 (Windows NT 6.3; Win64; x64) AppleWebKit/537.36 (KHTML, like Gecko) Chrome/78.0.3904.97 Safari/537.36', '2'),
(52, 1, 'beye', '4ff946a36e1365fb0ce4e48e58053fa6', '2019-11-16 13:14:39', '::1', 'Mozilla/5.0 (Windows NT 6.3; Win64; x64) AppleWebKit/537.36 (KHTML, like Gecko) Chrome/78.0.3904.97 Safari/537.36', '2'),
(53, 1, 'beye', '9c97e6ef745434628d18f4b545f2a825', '2019-11-24 14:27:09', '::1', 'Mozilla/5.0 (Windows NT 6.3; Win64; x64) AppleWebKit/537.36 (KHTML, like Gecko) Chrome/78.0.3904.108 Safari/537.36', '2'),
(54, 1, 'beye', 'feb8f2c1a0352ec5819ee6637c78bcca', '2019-11-24 16:44:22', '::1', 'Mozilla/5.0 (Windows NT 6.3; Win64; x64) AppleWebKit/537.36 (KHTML, like Gecko) Chrome/78.0.3904.108 Safari/537.36', '2'),
(55, 1, 'beye', '7b330deaff51b0f6de407a3e5f542af9', '2019-11-25 16:24:14', '::1', 'Mozilla/5.0 (Windows NT 6.3; Win64; x64) AppleWebKit/537.36 (KHTML, like Gecko) Chrome/78.0.3904.108 Safari/537.36', '2'),
(56, 1, 'beye', '30a5f3f27de1abbaa567a001da44ce31', '2019-11-26 14:19:18', '::1', 'Mozilla/5.0 (Windows NT 6.3; Win64; x64) AppleWebKit/537.36 (KHTML, like Gecko) Chrome/78.0.3904.108 Safari/537.36', '2'),
(57, 1, 'beye', '1e6b83812eb4b8a1f11cf48efeac25aa', '2019-11-26 17:54:17', '::1', 'Mozilla/5.0 (Windows NT 6.3; Win64; x64) AppleWebKit/537.36 (KHTML, like Gecko) Chrome/78.0.3904.108 Safari/537.36', '2'),
(58, 1, 'beye', 'be076b16984e9500b858741bb29d3996', '2019-11-27 14:58:29', '::1', 'Mozilla/5.0 (Windows NT 6.3; Win64; x64) AppleWebKit/537.36 (KHTML, like Gecko) Chrome/78.0.3904.108 Safari/537.36', '2'),
(59, 1, 'beye', 'd34d98a0e731788c3c7d287ee6f5ad49', '2019-11-28 19:37:38', '::1', 'Mozilla/5.0 (Windows NT 6.3; Win64; x64) AppleWebKit/537.36 (KHTML, like Gecko) Chrome/78.0.3904.108 Safari/537.36', '2'),
(60, 1, 'beye', 'e5b0cf3f697bc5b515100aec7d9dbca2', '2019-11-30 07:02:41', '::1', 'Mozilla/5.0 (Windows NT 6.3; Win64; x64) AppleWebKit/537.36 (KHTML, like Gecko) Chrome/78.0.3904.108 Safari/537.36', '2'),
(61, 1, 'beye', 'a42301152c30a7e718345b70ffc32534', '2019-12-01 21:42:14', '::1', 'Mozilla/5.0 (Windows NT 6.3; Win64; x64) AppleWebKit/537.36 (KHTML, like Gecko) Chrome/78.0.3904.108 Safari/537.36', '2'),
(62, 1, 'beye', '0cc071eea3e73e7412c99854ddb8b81c', '2019-12-02 16:00:35', '::1', 'Mozilla/5.0 (Windows NT 6.3; Win64; x64) AppleWebKit/537.36 (KHTML, like Gecko) Chrome/78.0.3904.108 Safari/537.36', '2'),
(63, 1, 'beye', 'c527fc8702eb81ac0e54a3f51c917e21', '2019-12-03 11:43:54', '::1', 'Mozilla/5.0 (Windows NT 6.3; Win64; x64) AppleWebKit/537.36 (KHTML, like Gecko) Chrome/78.0.3904.108 Safari/537.36', '2'),
(64, 1, 'beye', 'e425277f53c230594e64bf01164aeb54', '2019-12-03 15:06:24', '::1', 'Mozilla/5.0 (Windows NT 6.3; Win64; x64) AppleWebKit/537.36 (KHTML, like Gecko) Chrome/78.0.3904.108 Safari/537.36', '2'),
(65, 1, 'beye', '48bd231b13ba0eabcd0d659a25b4f3e0', '2019-12-03 18:23:50', '::1', 'Mozilla/5.0 (Windows NT 6.3; Win64; x64) AppleWebKit/537.36 (KHTML, like Gecko) Chrome/78.0.3904.108 Safari/537.36', '2'),
(66, 1, 'beye', 'a9de00c05c31ba14ce146cb2aab3bc44', '2019-12-05 17:10:14', '::1', 'Mozilla/5.0 (Windows NT 6.3; Win64; x64) AppleWebKit/537.36 (KHTML, like Gecko) Chrome/78.0.3904.108 Safari/537.36', '2'),
(67, 1, 'beye', '287049bba5371824023b69a67d3809c6', '2019-12-05 19:48:42', '::1', 'Mozilla/5.0 (Windows NT 6.3; Win64; x64) AppleWebKit/537.36 (KHTML, like Gecko) Chrome/78.0.3904.108 Safari/537.36', '1');

-- --------------------------------------------------------

--
-- Struktur dari tabel `_status_anak`
--

CREATE TABLE `_status_anak` (
  `id_status_anak` int(11) NOT NULL,
  `status_anak` text NOT NULL
) ENGINE=InnoDB DEFAULT CHARSET=latin1;

--
-- Dumping data untuk tabel `_status_anak`
--

INSERT INTO `_status_anak` (`id_status_anak`, `status_anak`) VALUES
(1, 'Kandung'),
(2, 'Angkat');

-- --------------------------------------------------------

--
-- Struktur dari tabel `_status_bayar`
--

CREATE TABLE `_status_bayar` (
  `id_status_bayar` int(11) NOT NULL,
  `status_bayar` varchar(50) NOT NULL
) ENGINE=InnoDB DEFAULT CHARSET=latin1;

--
-- Dumping data untuk tabel `_status_bayar`
--

INSERT INTO `_status_bayar` (`id_status_bayar`, `status_bayar`) VALUES
(1, 'Lunas'),
(2, 'Belum Bayar');

-- --------------------------------------------------------

--
-- Struktur dari tabel `_status_izin`
--

CREATE TABLE `_status_izin` (
  `id_status_izin` int(11) NOT NULL,
  `status_izin` varchar(50) NOT NULL
) ENGINE=InnoDB DEFAULT CHARSET=latin1;

--
-- Dumping data untuk tabel `_status_izin`
--

INSERT INTO `_status_izin` (`id_status_izin`, `status_izin`) VALUES
(1, 'Pihak Sekolah'),
(2, 'Pihak Luar Sekolah');

-- --------------------------------------------------------

--
-- Struktur dari tabel `_status_legalisir`
--

CREATE TABLE `_status_legalisir` (
  `id_status_legalisir` int(11) NOT NULL,
  `status_legalisir` varchar(50) NOT NULL
) ENGINE=InnoDB DEFAULT CHARSET=latin1;

--
-- Dumping data untuk tabel `_status_legalisir`
--

INSERT INTO `_status_legalisir` (`id_status_legalisir`, `status_legalisir`) VALUES
(1, 'Pending'),
(2, 'Selesai');

-- --------------------------------------------------------

--
-- Struktur dari tabel `_status_peserta_didik`
--

CREATE TABLE `_status_peserta_didik` (
  `id_status` int(11) NOT NULL,
  `nm_status` varchar(50) NOT NULL
) ENGINE=InnoDB DEFAULT CHARSET=latin1;

--
-- Dumping data untuk tabel `_status_peserta_didik`
--

INSERT INTO `_status_peserta_didik` (`id_status`, `nm_status`) VALUES
(1, 'Aktif'),
(2, 'Skorsing'),
(3, 'Pindah Sekolah'),
(4, 'Alumni');

-- --------------------------------------------------------

--
-- Struktur dari tabel `_status_spp_kelas`
--

CREATE TABLE `_status_spp_kelas` (
  `id_status_spp_kelas` int(11) NOT NULL,
  `status_spp_kelas` varchar(25) NOT NULL
) ENGINE=InnoDB DEFAULT CHARSET=latin1;

--
-- Dumping data untuk tabel `_status_spp_kelas`
--

INSERT INTO `_status_spp_kelas` (`id_status_spp_kelas`, `status_spp_kelas`) VALUES
(1, 'Lunas'),
(2, 'Belum Lunas');

-- --------------------------------------------------------

--
-- Struktur dari tabel `_status_system`
--

CREATE TABLE `_status_system` (
  `id_status` int(11) NOT NULL,
  `nm_status` varchar(20) NOT NULL
) ENGINE=MyISAM DEFAULT CHARSET=latin1;

--
-- Dumping data untuk tabel `_status_system`
--

INSERT INTO `_status_system` (`id_status`, `nm_status`) VALUES
(1, 'Aktif'),
(2, 'Non Aktif'),
(3, 'Blokir'),
(4, 'Publish'),
(5, 'Not Publish');

-- --------------------------------------------------------

--
-- Struktur dari tabel `_target_menu`
--

CREATE TABLE `_target_menu` (
  `id` int(11) NOT NULL,
  `title` varchar(255) NOT NULL
) ENGINE=InnoDB DEFAULT CHARSET=latin1;

--
-- Dumping data untuk tabel `_target_menu`
--

INSERT INTO `_target_menu` (`id`, `title`) VALUES
(1, '_self'),
(2, '_blank'),
(3, '_parent'),
(4, '_top'),
(5, 'framename');

-- --------------------------------------------------------

--
-- Struktur dari tabel `_type_menu`
--

CREATE TABLE `_type_menu` (
  `id` int(11) NOT NULL,
  `title` varchar(255) NOT NULL
) ENGINE=InnoDB DEFAULT CHARSET=latin1;

--
-- Dumping data untuk tabel `_type_menu`
--

INSERT INTO `_type_menu` (`id`, `title`) VALUES
(1, 'internal'),
(2, 'external');

-- --------------------------------------------------------

--
-- Struktur dari tabel `_users`
--

CREATE TABLE `_users` (
  `id_user` int(11) NOT NULL,
  `nomor_identitas` text,
  `username` varchar(150) NOT NULL DEFAULT '',
  `password` varchar(100) NOT NULL DEFAULT '',
  `email` text NOT NULL,
  `registerDate` datetime NOT NULL DEFAULT '0000-00-00 00:00:00',
  `id_instansi` int(11) NOT NULL,
  `id_group` int(11) NOT NULL,
  `id_status` int(11) NOT NULL,
  `created_by` int(11) NOT NULL
) ENGINE=MyISAM DEFAULT CHARSET=utf8;

--
-- Dumping data untuk tabel `_users`
--

INSERT INTO `_users` (`id_user`, `nomor_identitas`, `username`, `password`, `email`, `registerDate`, `id_instansi`, `id_group`, `id_status`, `created_by`) VALUES
(1, '123', 'beye', '48b5886a076c21966890f9e5bfe91969', 'riobayusentosa@gmail.com', '2012-06-02 08:16:16', 1, 1, 1, 1),
(2, '', 'admin1', '210ea9050ce033901b386fc392192ae2', 'admin1@gmail.com', '2019-07-15 16:15:45', 2, 2, 1, 0),
(3, 'Dhany', 'dhanidwiputra', '992a5a9b1d182c2d8395d5d4d8e976d4', 'dhanidwiputra123@gmail.com', '2019-08-13 22:56:59', 1, 1, 1, 0),
(4, '10091', 'fahmi', '2bfec0b87c331c4058842701233934ce', 'fahmi@gmail.com', '2019-09-04 19:25:38', 1, 6, 1, 3);

-- --------------------------------------------------------

--
-- Struktur dari tabel `_users_account`
--

CREATE TABLE `_users_account` (
  `id_account` int(11) NOT NULL,
  `id_user` int(11) NOT NULL,
  `full_name` text NOT NULL,
  `telp` text NOT NULL,
  `alamat` text NOT NULL
) ENGINE=InnoDB DEFAULT CHARSET=latin1;

--
-- Dumping data untuk tabel `_users_account`
--

INSERT INTO `_users_account` (`id_account`, `id_user`, `full_name`, `telp`, `alamat`) VALUES
(2, 1, 'Rio Bayu Sentosa', '085263030913', 'Jalan bahari no. 38 ulak karang'),
(3, 2, 'Admin 1', '', ''),
(5, 3, 'Dhany Dwi Putra', '', '');

-- --------------------------------------------------------

--
-- Struktur dari tabel `_versi`
--

CREATE TABLE `_versi` (
  `id_versi` int(11) NOT NULL,
  `title` text NOT NULL,
  `description` text NOT NULL,
  `created_date` datetime NOT NULL
) ENGINE=InnoDB DEFAULT CHARSET=latin1;

--
-- Dumping data untuk tabel `_versi`
--

INSERT INTO `_versi` (`id_versi`, `title`, `description`, `created_date`) VALUES
(1, '1.0.0', 'Migrasi', '2017-11-21 15:20:21'),
(2, '2.0.1', 'Debuger', '2018-04-13 15:20:21'),
(3, '3.0.1', 'TSB Logistik', '2019-07-12 15:20:21');

-- --------------------------------------------------------

--
-- Struktur dari tabel `_white_list`
--

CREATE TABLE `_white_list` (
  `id_white` int(11) NOT NULL,
  `parent_id` int(11) NOT NULL,
  `module_name` varchar(255) NOT NULL,
  `_controller` varchar(255) NOT NULL,
  `_function` varchar(255) NOT NULL,
  `id_status` int(11) NOT NULL,
  `order_no` int(11) NOT NULL,
  `id_user` int(11) NOT NULL
) ENGINE=MyISAM DEFAULT CHARSET=latin1;

--
-- Dumping data untuk tabel `_white_list`
--

INSERT INTO `_white_list` (`id_white`, `parent_id`, `module_name`, `_controller`, `_function`, `id_status`, `order_no`, `id_user`) VALUES
(1, 0, 'Welcome', 'welcome', 'index', 3, 1, 1),
(2, 0, 'Login', 'management', 'index', 1, 2, 1),
(3, 2, 'Cek Login', 'management', 'cek_login', 1, 1, 1),
(4, 0, 'Reset', 'reset', 'index', 1, 3, 1),
(5, 4, 'Reset', 'reset', 'akun', 1, 1, 1),
(6, 4, 'Halaman Reset Password', 'reset', 'account', 1, 2, 1),
(7, 4, 'Reset Password', 'reset', 'password', 1, 3, 1),
(8, 0, 'Homepage', 'home', 'index', 2, 4, 1),
(9, 8, 'Read', 'home', 'read', 2, 1, 1),
(10, 0, 'Searching', 'home', 'search', 2, 5, 1),
(11, 8, 'Category', 'home', 'category', 2, 2, 1),
(12, 0, 'Peta Situs', 'sitemap', 'index', 2, 6, 1);

-- --------------------------------------------------------

--
-- Struktur untuk view `view_recent_content`
--
DROP TABLE IF EXISTS `view_recent_content`;

CREATE ALGORITHM=UNDEFINED DEFINER=`root`@`localhost` SQL SECURITY DEFINER VIEW `view_recent_content`  AS  select `a`.`id_content` AS `id_content`,`a`.`title` AS `title`,`a`.`isi` AS `isi`,`a`.`gambar` AS `gambar`,`a`.`id_category` AS `id_category`,`a`.`created_date` AS `created_date`,`a`.`created_modified` AS `created_modified`,`a`.`created_by` AS `created_by`,`a`.`hits` AS `hits`,`a`.`id_status` AS `id_status`,`b`.`nm_status` AS `nm_status`,`c`.`title` AS `title_category`,`d`.`full_name` AS `full_name` from (((`content` `a` left join `_status_system` `b` on((`a`.`id_status` = `b`.`id_status`))) left join `category` `c` on((`a`.`id_category` = `c`.`id_category`))) left join `_users_account` `d` on((`a`.`created_by` = `d`.`id_user`))) where (`a`.`id_status` = '4') order by `a`.`created_date` desc ;

--
-- Indexes for dumped tables
--

--
-- Indeks untuk tabel `bimbingan_konseling`
--
ALTER TABLE `bimbingan_konseling`
  ADD PRIMARY KEY (`id`);

--
-- Indeks untuk tabel `category`
--
ALTER TABLE `category`
  ADD PRIMARY KEY (`id_category`);

--
-- Indeks untuk tabel `ci_sessions`
--
ALTER TABLE `ci_sessions`
  ADD PRIMARY KEY (`id`),
  ADD KEY `ci_sessions_timestamp` (`timestamp`);

--
-- Indeks untuk tabel `content`
--
ALTER TABLE `content`
  ADD PRIMARY KEY (`id_content`);

--
-- Indeks untuk tabel `content_statistik`
--
ALTER TABLE `content_statistik`
  ADD PRIMARY KEY (`id_read`);

--
-- Indeks untuk tabel `generator_pass`
--
ALTER TABLE `generator_pass`
  ADD PRIMARY KEY (`id`);

--
-- Indeks untuk tabel `hubungi_kami`
--
ALTER TABLE `hubungi_kami`
  ADD PRIMARY KEY (`id_contact`);

--
-- Indeks untuk tabel `info_admin`
--
ALTER TABLE `info_admin`
  ADD PRIMARY KEY (`id`);

--
-- Indeks untuk tabel `instansi`
--
ALTER TABLE `instansi`
  ADD PRIMARY KEY (`id_instansi`);

--
-- Indeks untuk tabel `izin_kepala_sekolah`
--
ALTER TABLE `izin_kepala_sekolah`
  ADD PRIMARY KEY (`id`);

--
-- Indeks untuk tabel `izin_online`
--
ALTER TABLE `izin_online`
  ADD PRIMARY KEY (`id`);

--
-- Indeks untuk tabel `izin_tata_usaha`
--
ALTER TABLE `izin_tata_usaha`
  ADD PRIMARY KEY (`id`);

--
-- Indeks untuk tabel `legalisir_ijazah`
--
ALTER TABLE `legalisir_ijazah`
  ADD PRIMARY KEY (`id`);

--
-- Indeks untuk tabel `master_guru`
--
ALTER TABLE `master_guru`
  ADD PRIMARY KEY (`id`);

--
-- Indeks untuk tabel `master_jabatan_guru`
--
ALTER TABLE `master_jabatan_guru`
  ADD PRIMARY KEY (`id`);

--
-- Indeks untuk tabel `master_jurusan`
--
ALTER TABLE `master_jurusan`
  ADD PRIMARY KEY (`id`);

--
-- Indeks untuk tabel `master_kelas`
--
ALTER TABLE `master_kelas`
  ADD PRIMARY KEY (`id_kelas`);

--
-- Indeks untuk tabel `master_kelompok_mapel`
--
ALTER TABLE `master_kelompok_mapel`
  ADD PRIMARY KEY (`id`);

--
-- Indeks untuk tabel `master_kurikulum`
--
ALTER TABLE `master_kurikulum`
  ADD PRIMARY KEY (`id`);

--
-- Indeks untuk tabel `master_mata_pelajaran`
--
ALTER TABLE `master_mata_pelajaran`
  ADD PRIMARY KEY (`id_mata_pelajaran`);

--
-- Indeks untuk tabel `master_orangtua`
--
ALTER TABLE `master_orangtua`
  ADD PRIMARY KEY (`id`);

--
-- Indeks untuk tabel `master_peminatan_mapel`
--
ALTER TABLE `master_peminatan_mapel`
  ADD PRIMARY KEY (`id`);

--
-- Indeks untuk tabel `master_siswa`
--
ALTER TABLE `master_siswa`
  ADD PRIMARY KEY (`id`);

--
-- Indeks untuk tabel `master_status_kelas`
--
ALTER TABLE `master_status_kelas`
  ADD PRIMARY KEY (`id_status`);

--
-- Indeks untuk tabel `master_status_pegawai`
--
ALTER TABLE `master_status_pegawai`
  ADD PRIMARY KEY (`id`);

--
-- Indeks untuk tabel `master_tahun_ajaran`
--
ALTER TABLE `master_tahun_ajaran`
  ADD PRIMARY KEY (`id_tahun_ajaran`);

--
-- Indeks untuk tabel `master_tahun_pelajaran`
--
ALTER TABLE `master_tahun_pelajaran`
  ADD PRIMARY KEY (`id`);

--
-- Indeks untuk tabel `master_wali`
--
ALTER TABLE `master_wali`
  ADD PRIMARY KEY (`id`);

--
-- Indeks untuk tabel `mobil`
--
ALTER TABLE `mobil`
  ADD PRIMARY KEY (`id_mobil`);

--
-- Indeks untuk tabel `orang_tua`
--
ALTER TABLE `orang_tua`
  ADD PRIMARY KEY (`id`);

--
-- Indeks untuk tabel `pembayaran_spp`
--
ALTER TABLE `pembayaran_spp`
  ADD PRIMARY KEY (`id`);

--
-- Indeks untuk tabel `pembayaran_spp_kelas`
--
ALTER TABLE `pembayaran_spp_kelas`
  ADD PRIMARY KEY (`id`);

--
-- Indeks untuk tabel `riwayat_jabatan`
--
ALTER TABLE `riwayat_jabatan`
  ADD PRIMARY KEY (`id`);

--
-- Indeks untuk tabel `riwayat_kelas`
--
ALTER TABLE `riwayat_kelas`
  ADD PRIMARY KEY (`id`);

--
-- Indeks untuk tabel `siswa`
--
ALTER TABLE `siswa`
  ADD PRIMARY KEY (`id`);

--
-- Indeks untuk tabel `status_guru`
--
ALTER TABLE `status_guru`
  ADD PRIMARY KEY (`id`);

--
-- Indeks untuk tabel `supir`
--
ALTER TABLE `supir`
  ADD PRIMARY KEY (`id_supir`);

--
-- Indeks untuk tabel `tahun_ajaran`
--
ALTER TABLE `tahun_ajaran`
  ADD PRIMARY KEY (`id`);

--
-- Indeks untuk tabel `visitor`
--
ALTER TABLE `visitor`
  ADD PRIMARY KEY (`id_visitor`);

--
-- Indeks untuk tabel `wali_murid`
--
ALTER TABLE `wali_murid`
  ADD PRIMARY KEY (`id`);

--
-- Indeks untuk tabel `_account_reset`
--
ALTER TABLE `_account_reset`
  ADD PRIMARY KEY (`id_reset`);

--
-- Indeks untuk tabel `_agama`
--
ALTER TABLE `_agama`
  ADD PRIMARY KEY (`kd_agama`);

--
-- Indeks untuk tabel `_display`
--
ALTER TABLE `_display`
  ADD PRIMARY KEY (`id`);

--
-- Indeks untuk tabel `_gender`
--
ALTER TABLE `_gender`
  ADD PRIMARY KEY (`id_gender`);

--
-- Indeks untuk tabel `_group`
--
ALTER TABLE `_group`
  ADD PRIMARY KEY (`id_group`);

--
-- Indeks untuk tabel `_lock`
--
ALTER TABLE `_lock`
  ADD PRIMARY KEY (`id`);

--
-- Indeks untuk tabel `_log_keyword`
--
ALTER TABLE `_log_keyword`
  ADD PRIMARY KEY (`id_log`);

--
-- Indeks untuk tabel `_maintenance`
--
ALTER TABLE `_maintenance`
  ADD PRIMARY KEY (`id`);

--
-- Indeks untuk tabel `_menu`
--
ALTER TABLE `_menu`
  ADD PRIMARY KEY (`id_menu`);

--
-- Indeks untuk tabel `_menu_admin`
--
ALTER TABLE `_menu_admin`
  ADD PRIMARY KEY (`id_menu`);

--
-- Indeks untuk tabel `_module`
--
ALTER TABLE `_module`
  ADD PRIMARY KEY (`id_module`);

--
-- Indeks untuk tabel `_session`
--
ALTER TABLE `_session`
  ADD PRIMARY KEY (`id_session`);

--
-- Indeks untuk tabel `_status_anak`
--
ALTER TABLE `_status_anak`
  ADD PRIMARY KEY (`id_status_anak`);

--
-- Indeks untuk tabel `_status_bayar`
--
ALTER TABLE `_status_bayar`
  ADD PRIMARY KEY (`id_status_bayar`);

--
-- Indeks untuk tabel `_status_izin`
--
ALTER TABLE `_status_izin`
  ADD PRIMARY KEY (`id_status_izin`);

--
-- Indeks untuk tabel `_status_legalisir`
--
ALTER TABLE `_status_legalisir`
  ADD PRIMARY KEY (`id_status_legalisir`);

--
-- Indeks untuk tabel `_status_peserta_didik`
--
ALTER TABLE `_status_peserta_didik`
  ADD PRIMARY KEY (`id_status`);

--
-- Indeks untuk tabel `_status_spp_kelas`
--
ALTER TABLE `_status_spp_kelas`
  ADD PRIMARY KEY (`id_status_spp_kelas`);

--
-- Indeks untuk tabel `_status_system`
--
ALTER TABLE `_status_system`
  ADD PRIMARY KEY (`id_status`);

--
-- Indeks untuk tabel `_target_menu`
--
ALTER TABLE `_target_menu`
  ADD PRIMARY KEY (`id`);

--
-- Indeks untuk tabel `_type_menu`
--
ALTER TABLE `_type_menu`
  ADD PRIMARY KEY (`id`);

--
-- Indeks untuk tabel `_users`
--
ALTER TABLE `_users`
  ADD PRIMARY KEY (`id_user`),
  ADD UNIQUE KEY `username` (`username`);

--
-- Indeks untuk tabel `_users_account`
--
ALTER TABLE `_users_account`
  ADD PRIMARY KEY (`id_account`),
  ADD UNIQUE KEY `id_user` (`id_user`);

--
-- Indeks untuk tabel `_versi`
--
ALTER TABLE `_versi`
  ADD PRIMARY KEY (`id_versi`);

--
-- Indeks untuk tabel `_white_list`
--
ALTER TABLE `_white_list`
  ADD PRIMARY KEY (`id_white`);

--
-- AUTO_INCREMENT untuk tabel yang dibuang
--

--
-- AUTO_INCREMENT untuk tabel `bimbingan_konseling`
--
ALTER TABLE `bimbingan_konseling`
  MODIFY `id` int(11) NOT NULL AUTO_INCREMENT, AUTO_INCREMENT=6;

--
-- AUTO_INCREMENT untuk tabel `category`
--
ALTER TABLE `category`
  MODIFY `id_category` int(11) NOT NULL AUTO_INCREMENT;

--
-- AUTO_INCREMENT untuk tabel `content`
--
ALTER TABLE `content`
  MODIFY `id_content` int(11) NOT NULL AUTO_INCREMENT;

--
-- AUTO_INCREMENT untuk tabel `content_statistik`
--
ALTER TABLE `content_statistik`
  MODIFY `id_read` int(11) NOT NULL AUTO_INCREMENT;

--
-- AUTO_INCREMENT untuk tabel `generator_pass`
--
ALTER TABLE `generator_pass`
  MODIFY `id` int(11) NOT NULL AUTO_INCREMENT, AUTO_INCREMENT=4;

--
-- AUTO_INCREMENT untuk tabel `info_admin`
--
ALTER TABLE `info_admin`
  MODIFY `id` int(11) NOT NULL AUTO_INCREMENT, AUTO_INCREMENT=2;

--
-- AUTO_INCREMENT untuk tabel `instansi`
--
ALTER TABLE `instansi`
  MODIFY `id_instansi` int(11) NOT NULL AUTO_INCREMENT, AUTO_INCREMENT=21;

--
-- AUTO_INCREMENT untuk tabel `izin_kepala_sekolah`
--
ALTER TABLE `izin_kepala_sekolah`
  MODIFY `id` int(11) NOT NULL AUTO_INCREMENT, AUTO_INCREMENT=7;

--
-- AUTO_INCREMENT untuk tabel `izin_online`
--
ALTER TABLE `izin_online`
  MODIFY `id` int(11) NOT NULL AUTO_INCREMENT, AUTO_INCREMENT=6;

--
-- AUTO_INCREMENT untuk tabel `izin_tata_usaha`
--
ALTER TABLE `izin_tata_usaha`
  MODIFY `id` int(11) NOT NULL AUTO_INCREMENT, AUTO_INCREMENT=4;

--
-- AUTO_INCREMENT untuk tabel `legalisir_ijazah`
--
ALTER TABLE `legalisir_ijazah`
  MODIFY `id` int(11) NOT NULL AUTO_INCREMENT, AUTO_INCREMENT=12;

--
-- AUTO_INCREMENT untuk tabel `master_guru`
--
ALTER TABLE `master_guru`
  MODIFY `id` int(11) NOT NULL AUTO_INCREMENT, AUTO_INCREMENT=12;

--
-- AUTO_INCREMENT untuk tabel `master_jurusan`
--
ALTER TABLE `master_jurusan`
  MODIFY `id` int(11) NOT NULL AUTO_INCREMENT, AUTO_INCREMENT=3;

--
-- AUTO_INCREMENT untuk tabel `master_kelas`
--
ALTER TABLE `master_kelas`
  MODIFY `id_kelas` int(11) NOT NULL AUTO_INCREMENT, AUTO_INCREMENT=6;

--
-- AUTO_INCREMENT untuk tabel `master_kelompok_mapel`
--
ALTER TABLE `master_kelompok_mapel`
  MODIFY `id` int(11) NOT NULL AUTO_INCREMENT, AUTO_INCREMENT=3;

--
-- AUTO_INCREMENT untuk tabel `master_kurikulum`
--
ALTER TABLE `master_kurikulum`
  MODIFY `id` int(11) NOT NULL AUTO_INCREMENT;

--
-- AUTO_INCREMENT untuk tabel `master_mata_pelajaran`
--
ALTER TABLE `master_mata_pelajaran`
  MODIFY `id_mata_pelajaran` int(11) NOT NULL AUTO_INCREMENT, AUTO_INCREMENT=7;

--
-- AUTO_INCREMENT untuk tabel `master_orangtua`
--
ALTER TABLE `master_orangtua`
  MODIFY `id` int(11) NOT NULL AUTO_INCREMENT, AUTO_INCREMENT=2;

--
-- AUTO_INCREMENT untuk tabel `master_peminatan_mapel`
--
ALTER TABLE `master_peminatan_mapel`
  MODIFY `id` int(11) NOT NULL AUTO_INCREMENT, AUTO_INCREMENT=5;

--
-- AUTO_INCREMENT untuk tabel `master_siswa`
--
ALTER TABLE `master_siswa`
  MODIFY `id` int(11) NOT NULL AUTO_INCREMENT, AUTO_INCREMENT=3;

--
-- AUTO_INCREMENT untuk tabel `master_status_kelas`
--
ALTER TABLE `master_status_kelas`
  MODIFY `id_status` int(11) NOT NULL AUTO_INCREMENT, AUTO_INCREMENT=3;

--
-- AUTO_INCREMENT untuk tabel `master_tahun_ajaran`
--
ALTER TABLE `master_tahun_ajaran`
  MODIFY `id_tahun_ajaran` int(11) NOT NULL AUTO_INCREMENT;

--
-- AUTO_INCREMENT untuk tabel `master_tahun_pelajaran`
--
ALTER TABLE `master_tahun_pelajaran`
  MODIFY `id` int(11) NOT NULL AUTO_INCREMENT;

--
-- AUTO_INCREMENT untuk tabel `master_wali`
--
ALTER TABLE `master_wali`
  MODIFY `id` int(11) NOT NULL AUTO_INCREMENT, AUTO_INCREMENT=2;

--
-- AUTO_INCREMENT untuk tabel `mobil`
--
ALTER TABLE `mobil`
  MODIFY `id_mobil` int(11) NOT NULL AUTO_INCREMENT, AUTO_INCREMENT=2;

--
-- AUTO_INCREMENT untuk tabel `orang_tua`
--
ALTER TABLE `orang_tua`
  MODIFY `id` int(11) NOT NULL AUTO_INCREMENT;

--
-- AUTO_INCREMENT untuk tabel `pembayaran_spp`
--
ALTER TABLE `pembayaran_spp`
  MODIFY `id` int(11) NOT NULL AUTO_INCREMENT, AUTO_INCREMENT=5;

--
-- AUTO_INCREMENT untuk tabel `pembayaran_spp_kelas`
--
ALTER TABLE `pembayaran_spp_kelas`
  MODIFY `id` int(11) NOT NULL AUTO_INCREMENT, AUTO_INCREMENT=4;

--
-- AUTO_INCREMENT untuk tabel `siswa`
--
ALTER TABLE `siswa`
  MODIFY `id` int(11) NOT NULL AUTO_INCREMENT;

--
-- AUTO_INCREMENT untuk tabel `status_guru`
--
ALTER TABLE `status_guru`
  MODIFY `id` int(11) NOT NULL AUTO_INCREMENT, AUTO_INCREMENT=4;

--
-- AUTO_INCREMENT untuk tabel `supir`
--
ALTER TABLE `supir`
  MODIFY `id_supir` int(11) NOT NULL AUTO_INCREMENT, AUTO_INCREMENT=4;

--
-- AUTO_INCREMENT untuk tabel `tahun_ajaran`
--
ALTER TABLE `tahun_ajaran`
  MODIFY `id` int(11) NOT NULL AUTO_INCREMENT, AUTO_INCREMENT=5;

--
-- AUTO_INCREMENT untuk tabel `visitor`
--
ALTER TABLE `visitor`
  MODIFY `id_visitor` int(11) NOT NULL AUTO_INCREMENT, AUTO_INCREMENT=42;

--
-- AUTO_INCREMENT untuk tabel `wali_murid`
--
ALTER TABLE `wali_murid`
  MODIFY `id` int(11) NOT NULL AUTO_INCREMENT;

--
-- AUTO_INCREMENT untuk tabel `_account_reset`
--
ALTER TABLE `_account_reset`
  MODIFY `id_reset` int(11) NOT NULL AUTO_INCREMENT;

--
-- AUTO_INCREMENT untuk tabel `_lock`
--
ALTER TABLE `_lock`
  MODIFY `id` int(11) NOT NULL AUTO_INCREMENT;

--
-- AUTO_INCREMENT untuk tabel `_log_keyword`
--
ALTER TABLE `_log_keyword`
  MODIFY `id_log` int(11) NOT NULL AUTO_INCREMENT;

--
-- AUTO_INCREMENT untuk tabel `_maintenance`
--
ALTER TABLE `_maintenance`
  MODIFY `id` int(11) NOT NULL AUTO_INCREMENT, AUTO_INCREMENT=2;

--
-- AUTO_INCREMENT untuk tabel `_status_anak`
--
ALTER TABLE `_status_anak`
  MODIFY `id_status_anak` int(11) NOT NULL AUTO_INCREMENT, AUTO_INCREMENT=3;

--
-- AUTO_INCREMENT untuk tabel `_status_bayar`
--
ALTER TABLE `_status_bayar`
  MODIFY `id_status_bayar` int(11) NOT NULL AUTO_INCREMENT, AUTO_INCREMENT=3;

--
-- AUTO_INCREMENT untuk tabel `_status_peserta_didik`
--
ALTER TABLE `_status_peserta_didik`
  MODIFY `id_status` int(11) NOT NULL AUTO_INCREMENT, AUTO_INCREMENT=5;

--
-- AUTO_INCREMENT untuk tabel `_status_system`
--
ALTER TABLE `_status_system`
  MODIFY `id_status` int(11) NOT NULL AUTO_INCREMENT, AUTO_INCREMENT=6;

--
-- AUTO_INCREMENT untuk tabel `_users_account`
--
ALTER TABLE `_users_account`
  MODIFY `id_account` int(11) NOT NULL AUTO_INCREMENT, AUTO_INCREMENT=6;

--
-- AUTO_INCREMENT untuk tabel `_versi`
--
ALTER TABLE `_versi`
  MODIFY `id_versi` int(11) NOT NULL AUTO_INCREMENT, AUTO_INCREMENT=4;
COMMIT;

/*!40101 SET CHARACTER_SET_CLIENT=@OLD_CHARACTER_SET_CLIENT */;
/*!40101 SET CHARACTER_SET_RESULTS=@OLD_CHARACTER_SET_RESULTS */;
/*!40101 SET COLLATION_CONNECTION=@OLD_COLLATION_CONNECTION */;
